_id,SlNo,Station,District LGD Code,District,Tehsil,Latitude,Longitude,Data Acquisition Time,Amonia N (mgN/L),Chloride (mg/L),Dissolved oxygen (mg/L),Total Dissolved Solids (mg/L),Potential of Hydrogen (pH),Arsenic (mg/L),Total Alkalinity (mg/L as CaCO3),Cadmium (mg/L),Chromium (mg/L),Iron(mg/L),Hardness Calcium (mgCaCO3/L),Mercury(mg/L),Hardness_Magnesium (mg/L as CaCO3),Manganese (mg/L),Nitrate N (mgN/L),Nickel (mg/L),Lead (mg/L),Zinc (mg/L),Sodium Adsorption Ratio (%),Year,Month
1,1,ALWARTHIRUNAGARI - VETERINARY DISPENSARY WEST CAR STREET NEAR OVER HEAD TANK OF BORE WELL,594,Thoothukudi,Thoothukudi,8.605592,77.944361,2018-01-15 08:30:00,,241.84238851264203,6.334082838594578,592.4914783821523,7.623521368855055,,162.43972822881145,,,0.44660738583866877,148.16851262029564,,48.813825124752356,,1.0126773002213312,,,,,2018,1
2,2,AMRAVATI AT 1KM D/S FROM EFF.DIS. PT. AT MADHUTHUKKULAM,572,Dindigul,PALANI,10.541244,77.368656,2018-01-15 08:30:00,,10.0,5.941124295715692,503.23169974452753,7.191462038234392,,137.82843530692705,,,,44.48675518662305,,40.65645198671493,,0.01,,,,,2018,1
3,3,ARIYAPPAMPALAYAM SATHYAMANGALAM,573,Erode,SATHYAMANGALAM,11.488793,77.241248,2018-01-15 08:30:00,,151.53864175036807,7.2172645602951295,1013.0873668283144,7.116736267584088,,141.342325343066,,,0.14502271064634958,60.98984599576353,,52.0539167788395,,1.2977753321781436,,,,,2018,1
4,4,AUTHOR - MUKKANI AGRAGARAM STREET INFRONT OF THIRU N. SAMUTHRAPANDI HOUSE BORE WELL,594,Thoothukudi,Thoothukudi,8.634908,78.07465,2018-01-15 08:30:00,,151.14791306048986,6.493366565215848,399.52090015696956,7.159858038270881,,261.89941982682535,,,0.3730613442845352,196.13252166209762,,56.48551503708171,,0.18790470886188615,,,0.22521519975341966,,2018,1
5,5,BAHOUR LAKE,570,Cuddalore,CUDDALORE,11.819442,79.729208,2018-01-15 08:30:00,,95.9117043528569,6.7056419374279645,424.5573778745871,7.732309960997935,,126.01168437039685,,,0.03797453695515721,66.5744491616085,,54.02820007194048,,0.017182407706058056,,,0.01,,2018,1
6,6,BHAVANI AT BHAVANI SAGAR TAMILNADU,573,Erode,SATHYAMANGALAM,11.485294,77.134603,2018-01-15 08:30:00,,180.39982377957887,7.565298151512028,646.7531126239276,7.661955257620868,,133.239195376128,,,,24.67386841810069,,54.79364556412676,,1.0342672879163406,,,,,2018,1
7,7,BHAVANI AT BHAVANI TAMILNADU,573,Erode,BHAVANI,11.454094,77.679567,2018-01-15 08:30:00,0.4084888389061668,200.28263183136193,8.127488034284987,434.15777325232654,7.765636620077389,,131.6160184046157,,,0.13945354847710684,99.45582422033655,,62.684658196387446,,1.4893088200381073,,,,,2018,1
8,8,BHAVANI AT D/S OF BHAVANISAGAR SATHYAMANGALAM ERODE TAMILNADU,573,Erode,SATHYAMANGALAM,11.503881,77.247036,2018-01-15 08:30:00,,121.52002648497198,7.750989940807305,648.7771479376853,6.761562293633869,,67.8709596889248,,0.02,,53.429666852083194,,48.38680310788208,,0.7724668370611958,,0.016508870804845695,0.020649547635863907,,2018,1
9,9,BHAVANI AT D/S OF KALINGARAYAN CANAL (B10) ERODE TAMILNADU,573,Erode,BHAVANI,11.438223,77.681462,2018-01-15 08:30:00,,93.78702827217855,7.662373988639467,295.54831934698245,7.4436848972066185,,70.2363788900911,,0.02,0.13506833022966783,96.84481108258305,,39.69899489923801,,0.8863134774942738,,,,,2018,1
10,10,BHAVANI AT PATHIRAKALIAMMAN KOIL TAMILNADU,589,Tiruvallur,TIRUVALLUR,11.469259,77.296165,2018-01-15 08:30:00,,114.04432673870662,6.709493375398207,506.6610859590082,8.248783655544738,,178.01145934130872,,,,87.40920839764105,,79.33835802473516,,0.01,,,0.027386055214207707,,2018,1
11,11,BHAVANI AT SIRUMUGAI TAMILNADU,569,Coimbatore,Mettupalayam,11.319948,77.011429,2018-01-15 08:30:00,0.46043114997140927,180.15464261494193,5.097586354856562,701.4210191933046,7.384379703632641,,111.79594089039458,,,,141.11177243744396,,9.766680869738945,,1.8328255576344374,,,0.038681029366739665,,2018,1
12,12,BHAVANI AT U/S OF KALINGARAYAN CANAL (B5) ERODE TAMILNADU,573,Erode,ERODE,11.442818,77.676045,2018-01-15 08:30:00,,90.75685625339659,7.548307298762455,452.0117560628302,8.167972229155309,,88.28448474935199,0.01,0.02,0.036986103359819736,106.45344129528262,,18.535563237297005,,1.719269386103285,,,,,2018,1
13,13,BOREWELL AT PASUPATHY PUDUR VILLAGE PALANI TALUK DINDIGUL DIST.,572,Dindigul,PALANI,10.448726,77.517259,2018-01-15 08:30:00,,323.1330173015466,7.131737793601635,750.0550353717631,7.869737274913397,,164.55999621783712,,,0.5685243372768131,27.39834209264808,,56.433090610045525,,0.9404072337368854,,,0.15135621919309034,,2018,1
14,14,BORE WELL AT VANNIARVALASU VILLAGE NEAR ELEMENTARY SCHOOL THOPPAMPATTI PANCHAYAT UNION PALANI TALUK,572,Dindigul,PALANI,10.576266,77.529657,2018-01-15 08:30:00,0.16249425543168355,62.85188655789057,6.7787044365932045,514.4759441257099,7.093988875289679,,215.53746906838407,,,,37.34786011189406,,46.81796495540894,,2.6926196089158054,,,,,2018,1
15,15,BOREWELL LOCATED AT M/S. PHOENIX TEXTILE PROCESSORS VENDIPALAYAM ERODE,573,Erode,ERODE,11.327414,77.745903,2018-01-15 08:30:00,0.2996324982240143,271.7434386123158,6.9953371123237975,630.8532351987878,7.833519258159945,0.0034921766219438524,123.46978767318828,,,0.24933359643412079,49.41942281497907,,20.31541487062211,,1.0036895071977034,,,,,2018,1
16,16,BOREWELL NEAR KAMBARASAMPETTAI INTAKE WELL (TRICHY UPSTREAM),591,Tiruchirappalli,TIRUCHIRAPPALLI,10.787066,78.690243,2018-01-15 08:30:00,0.22868773885843025,177.12003952736737,7.078966898291823,400.8381872283128,6.9180983758725,,174.53783155073455,,,,51.1282512772638,,7.7327499556544375,,1.5785900996588358,,,,,2018,1
17,17,BOREWELL NEAR THOGUR INTAKE WELL (TRICHY DOWNSTREAM),591,Tiruchirappalli,TIRUCHIRAPPALLI,10.786916,78.690657,2018-01-15 08:30:00,0.7273725337346939,132.29800847564223,6.9623808556746045,255.55136403575074,7.477931416633032,,94.27722766270327,,,,99.31149441393133,,45.09412147462822,,1.2465669747567998,,,,,2018,1
18,18,CAUVERY AT 1KM. D/S OF BHAVANI RIVER CONFL. TAMILNADU,573,Erode,BHAVANI,11.445663,77.677626,2018-01-15 08:30:00,0.2474894442825925,428.2185192523777,7.116543141094651,563.3104909873306,7.631765870243897,,265.1674230135449,,,,123.1600705397281,,46.725042523504364,,1.6567124085545335,,,,,2018,1
19,19,CAUVERY AT COLEROON TAMILNADU,579,Nagapattinam,NAGAPATTINAM,11.326822,79.702981,2018-01-15 08:30:00,,10.0,6.598248967263587,959.2248846681719,7.181586403476904,,59.04630966077613,,,0.3674119851114338,66.12272536842266,,54.60111074541259,,1.7490081522996106,,,,,2018,1
20,20,CAUVERY AT ERODE NEAR CHIRAPALAYAM TAMILNADU,573,Erode,ERODE,11.335795,77.753762,2018-01-15 08:30:00,0.18951087926168236,67.87197219153464,6.75975030749837,460.025804778839,7.071335015727289,,227.54392667385085,0.01,,,10.0,,38.3561776658497,,2.915155271460261,,,,,2018,1
21,21,CAUVERY AT KOMARAPALAYAM NAMAKAL TAMILNADU,580,Namakkal,Tiruchengode,11.423503,77.685261,2018-01-15 08:30:00,0.8034104429251357,67.73366139410305,6.098598516990862,345.51203154458966,6.859866616824901,,210.37362832207165,,,0.23650761800935877,34.56464182659819,,51.52151504698597,,2.6123633922248777,,,,,2018,1
22,22,CAUVERY AT KUMBAKONAM THANJAVUR TAMILNADU,586,Thanjavur,KUMBAKONAM,10.968137,79.378248,2018-01-15 08:30:00,0.30500196874992413,269.76045443778435,4.964096320084244,397.7737685345328,7.071166368546656,,110.05562575791892,,,0.252028634010228,33.202301020805606,,33.10786691456455,,1.1844462872803614,,,,,2018,1
23,23,CAUVERY AT MAYILADUTHURAI NAGAPATTINAM TAMILNADU,579,Nagapattinam,Mayiladuthurai,11.104894,79.651871,2018-01-15 08:30:00,,120.81864488156697,4.776965418584673,705.8960254740912,8.048572980079753,,214.6577605697453,,,0.704313863846788,92.96238782293881,,24.196096211141693,,0.4147930791616392,,,,,2018,1
24,24,CAUVERY AT METTUR,584,Salem,METTUR,11.796255,77.806971,2018-01-15 08:30:00,,10.0,5.014621401407782,919.2673424243787,8.11370756726541,,224.12379048634324,,,,96.2396747094013,,23.79140864322931,,1.0785719239715332,,,0.01,,2018,1
25,25,CAUVERY AT MOHANUR NEAR PATTAIPALAYAM TAMILNADU,580,Namakkal,NAMAKKAL,11.064392,78.120358,2018-01-15 08:30:00,,64.56723237914767,7.51952251642523,528.5434069123104,7.134785859375105,,203.04746406574571,,,,117.5144847535584,,46.333319154625016,,1.9196799003466005,,,,,2018,1
26,26,CAUVERY AT MUSIRI,591,Tiruchirappalli,MUSIRI,10.955345,78.443949,2018-01-15 08:30:00,0.4222244938540526,212.95498541974197,5.035315874861775,302.77539980013313,6.595547774630699,,147.03615933942922,,,0.09643385654112707,68.68338588914817,,39.7092150075044,,2.442287820671461,,,0.049298845406017124,,2018,1
27,27,CAUVERY AT PALLIPPALAYAM,580,Namakkal,Tiruchengode,11.368215,77.741107,2018-01-15 08:30:00,0.9409172497326892,205.21816660375345,5.7642863805099465,870.7098807647935,7.2780317919701565,,146.49198661575693,,,0.02390923663507986,133.19691687114297,,13.460111554156601,,0.01,,,,,2018,1
28,28,CAUVERY AT PETTAIVAITHALAI TRICHY TAMILNADU,591,Tiruchirappalli,SRIRANGAM,10.906389,78.489697,2018-01-15 08:30:00,0.06396522734723126,108.2354094798289,5.687405946185466,664.5263413519052,7.434112051187177,,155.8960618760255,,,,101.51725817102498,,24.852958049528453,,0.5396022425659907,,,,,2018,1
29,29,CAUVERY AT PITCHAVARAM TAMILNADU,570,Cuddalore,CHIDAMBARAM,11.418828,79.772375,2018-01-15 08:30:00,1.4209426052868543,10.0,6.778459924829163,131.4214448705887,7.188032762471755,,163.99146362161144,,,,97.43630262392018,,61.556411905091934,,0.6252446229980512,,,,,2018,1
30,30,CAUVERY AT PUGALUR KARUR TAMILNADU,576,Karur,KARUR,10.974467,78.180075,2018-01-15 08:30:00,,53.82152451581416,6.153609633295834,520.9980832743797,7.391669088803425,,294.9554184751933,,,0.06327051693296334,80.6495940617257,,42.23081099778095,,1.6154772113929379,,,0.01,,2018,1
31,31,CAUVERY AT THANJAVUR TAMILNADU,610,Ariyalur,Sendurai,11.34,79.24,2018-01-15 08:30:00,0.5266955170834533,124.34804623508569,7.680205167630158,554.1980253000642,7.431343699033496,,210.4670013787446,,,0.011627865435870244,67.72231193566512,,68.47940611676475,,3.020609038053763,,,,,2018,1
32,32,CAUVERY AT THIRUMUKKUDAL-CONFL. PT.OF R. AMRAVATI TAMILNADU,576,Karur,KARUR,11.050024,78.120645,2018-01-15 08:30:00,2.570319345331523,72.04858836447823,5.5300420575738185,265.26119472022924,8.385411319947952,,140.5683733739429,,,0.19201960860302247,54.63469353785208,,37.707088156571736,,0.01,,,,,2018,1
33,33,CAUVERY AT TIRUCHIRAPPALLI D/S TAMILNADU,591,Tiruchirappalli,SRIRANGAM,10.766809,78.665272,2018-01-15 08:30:00,2.6185652809321005,238.1326900343703,7.664628584015853,613.2318636364823,7.657106379647055,,170.0775417043153,,,,82.05555536832375,,29.920018598230204,,1.7601943626899352,,,,,2018,1
34,34,CAUVERY AT TIRUCHIRAPPALLI U/S TAMILNADU,591,Tiruchirappalli,TIRUCHIRAPPALLI,10.833263,78.718224,2018-01-15 08:30:00,1.0056704635499538,142.2978427976529,6.3963037918020635,510.6397347352297,7.55341498935153,,112.4029636001499,,,1.4237183501860833,80.65485343644578,,34.00127075064187,,0.01,,,,,2018,1
35,35,CAUVERY AT TRICHY GRAND ANAICUT TAMILNADU,586,Thanjavur,Thiruvaiyaru,10.830327,78.81177,2018-01-15 08:30:00,0.26605227737826365,108.60964119829652,7.247419918816998,215.12350553582922,7.197470537834341,,218.58291255440616,,,,113.4645951235556,,14.756442346918355,,1.296236505369519,,,,,2018,1
36,36,CAUVERY AT URRACHIKOTTAI ERODE TAMILNADU,580,Namakkal,Tiruchengode,11.354178,77.750436,2018-01-15 08:30:00,,125.40147851280872,6.63880956115143,709.4453804940418,8.098018388985135,0.004841994835303398,311.65056318324037,,,,75.04143406083706,,52.4882771171784,,2.84859833990559,,0.002394814934934435,,,2018,1
37,37,CAUVERY AT VAIRAPALAYAM NAMAKAL TAMILNADU,580,Namakkal,Tiruchengode,11.361583,77.742411,2018-01-15 08:30:00,1.189884386210584,109.03377431665176,8.233206550378172,644.9339832541536,6.621107103305495,,20.0,,,0.03977046982870899,65.53142015829002,,59.02002153555444,,1.360107535338738,,,0.06775027809955307,,2018,1
38,38,CAUVERY AT VELORE NEAR KATTIPALAYAM TAMILNADU,580,Namakkal,Paramathivellur,11.18,78.01,2018-01-15 08:30:00,,152.2495461668462,4.502368164565991,448.63618927174804,7.273376702052011,,71.91031796280011,,,,80.0835477379418,,33.64453421440778,,2.098142147838417,,,,,2018,1
39,39,CHENNAI-1 NESAPAKKAM (ZONE-IV),568,Chennai,CHENNAI,13.035832,80.193265,2018-01-15 08:30:00,,35.26291824888388,5.372144256407173,336.9492781859274,7.564969210743582,,251.63567403759288,,,,45.57095814657825,,44.0728372793212,,1.1498567221814624,,,,,2018,1
40,40,CHENNAI-2 PERUNGADI(ZONE-V),574,Kancheepuram,KANCHEEPURAM,12.9566,80.23435,2018-01-15 08:30:00,,10.0,6.270160611304049,462.64428066534526,6.754660008845365,,183.16005613064468,,,0.634173386594732,105.58355962762157,,56.68343130636485,,1.1184403900161148,,,,,2018,1
41,41,CHENNAI-3KODUNGAIYUR (ZONE I&II),568,Chennai,CHENNAI,13.138808,80.260799,2018-01-15 08:30:00,0.4300674673250405,95.1420588306245,5.026335177051651,972.3111835481312,7.153724073648116,,20.0,,,0.028340334635165845,119.05608369515315,,17.217154775662255,,0.6987806538491649,,,,,2018,1
42,42,CHENNAI-4 KOYAMBEDU (ZONE-III),568,Chennai,CHENNAI,13.0642,80.200156,2018-01-15 08:30:00,0.8209299892850456,190.53118055595604,5.202142395662726,821.1711597159642,7.109042202090864,,290.99581041675197,,,,88.09473230590473,,19.496884376091252,,1.1936218869467061,,,,,2018,1
43,43,CHENNAI WATERWAYS AT BUCKINGHAM CANAL (ICE HOUSE),568,Chennai,CHENNAI,13.050823,80.278958,2018-01-15 08:30:00,2.423185299609552,81.02996929882431,7.175563084028685,306.85863479319806,6.7706445917813864,,115.2006922740138,,,,86.94086511779308,,20.04289790460132,,0.7260848606089045,,0.020062440619681546,,,2018,1
44,44,CHENNAI WATERWAYS AT BUCKINGHAM CANAL (TIDAL PARK),568,Chennai,CHENNAI,12.988133,80.25192,2018-01-15 08:30:00,0.4250909775868191,249.5689724349849,6.749004182190963,899.5305077301072,7.6377424743336695,,122.86988132041355,,,,62.417719869216995,,16.963158974682784,,1.9464097123106798,,,,,2018,1
45,45,CHENNAI WATERWAYS AT BUCKINGHAM CANAL X OTTERI NULLAH CONFLUENCE (GMR VASAVI INDUSTRIES),568,Chennai,CHENNAI,13.10524,80.271091,2018-01-15 08:30:00,0.38271398642716303,87.40318898917877,4.566793268053734,417.3186908984491,8.652699840570074,,237.01883209765202,0.01,,,129.2531641931377,,48.88948668742405,,0.7184250568828923,,0.01775607071141798,,,2018,1
46,46,CHENNAI WATERWAYS AT CAPTAIN COTTON CANAL (ERUKANJERI),568,Chennai,CHENNAI,13.126266,80.256935,2018-01-15 08:30:00,,140.35366746409704,6.313187317529505,706.9120535651576,7.438965404362805,,149.10922754081494,,,0.2735534097539922,65.49575103710026,,27.213952619246825,,1.4700821296601618,,,0.05782748811138804,,2018,1
47,47,CHENNAI WATERWAYS AT CC X BC CONFLUENCE (KODUNGAIYUR),568,Chennai,CHENNAI,13.136803,80.249192,2018-01-15 08:30:00,1.4216973652257758,52.51640302036235,3.8236041108489336,681.3504689477666,7.095614140782183,0.004940384644674132,181.2040063982948,,,0.03107865396444494,75.43285335879325,,49.815889563410124,,0.01,,,,,2018,1
48,48,CHENNAI WATERWAYS AT MAMBALAM DRAIN (GOLF COURSE),568,Chennai,CHENNAI,13.022221,80.233657,2018-01-15 08:30:00,0.2512047561270556,152.30564469434444,6.598465845383357,342.7730947373475,7.834664903581816,0.001,118.72489205543295,,,0.029310971274694335,145.39085249838493,,42.2366206408446,,0.3268876501652236,,,,,2018,1
49,49,CHENNAI WATERWAYS AT MAMBALAM DRAIN (USMAN ROAD),568,Chennai,CHENNAI,13.028381,80.227747,2018-01-15 08:30:00,0.5253654327819591,200.68823598790686,7.668268937024148,754.8987306840418,7.8337326434219134,,201.07232406886493,,,,42.66458388611792,,25.767541250514522,,0.01,,0.0016646955012850069,,,2018,1
50,50,CHENNAI WATERWAYS AT OTTERI NULLAH (KILPAUK GARDEN),568,Chennai,CHENNAI,13.086538,80.234507,2018-01-15 08:30:00,0.8000941823300353,137.9107219423305,7.370919948678431,555.822030982077,7.4492276575722025,,215.36012678519967,0.01,,0.6494690532635293,160.28097985900135,,59.217560830789594,,0.5676204356437504,,,,,2018,1
51,51,CHENNAI WATERWAYS AT OTTERI NULLAH (ORIGIN),568,Chennai,CHENNAI,13.099796,80.196273,2018-01-15 08:30:00,0.25510626653447405,109.32793136867647,7.128743200529352,320.6208982107984,8.54241099578187,0.003009388867461697,136.2899548940252,,,,119.08985956121072,,5.0,,2.056797173764204,,,,,2018,1
52,52,COLLECTOR WELL AT THIRUPUVANAM FOR MADURAI WAT. SUPPLY SCHEME TAMILNADU,585,Sivaganga,Sivagangai,9.826111,78.257297,2018-01-15 08:30:00,,175.69650918507347,6.434846160178625,399.19440335409087,6.186401010676293,,264.4923772160818,,,0.17438671641455653,74.24445237780678,,15.082533642649935,,2.6791648759562765,,,,,2018,1
53,53,ERAL - CHARMAM ARUNACHALA SWAMY TEMPLE WEST OF BORE WELL,594,Thoothukudi,Thoothukudi,8.621439,78.016285,2018-01-15 08:30:00,0.05,108.4511670460846,6.4710498954679965,493.5786473689281,7.406268181360826,,138.9855794069706,,,0.15095866257340543,83.68986919136006,,25.21835411959223,,0.7410703944958109,,,,,2018,1
54,54,ERODE-1,573,Erode,ERODE,11.333111,77.747343,2018-01-15 08:30:00,,136.29614385110796,5.011231906774915,190.94375963951398,6.464730505286476,,160.88840487207267,,,0.13137239190181157,79.00488132950153,,44.4997656967699,,1.4318738113347742,,,,,2018,1
55,55,ERODE-2,573,Erode,ERODE,11.338655,77.74513,2018-01-15 08:30:00,,109.57238832102334,5.626021820062537,471.7240710802136,7.082988453443212,0.0025307124473754423,101.0055959516253,,,0.4839590843634824,70.97273888484851,,30.874111072035344,,1.6003820155365058,,,0.01,,2018,1
56,56,HOUSE OF THIRU MURUGAN S/O. ESAKKI NO.16B MEENAKSHIPURAM ANNA NAGAR TIRUNELVELI,592,Tirunelveli,TIRUNELVELI,8.727206,77.709638,2018-01-15 08:30:00,0.48184041990890664,54.69556727561235,8.617624321115262,176.86972919119307,6.648599372569221,,48.51697147963387,,,,115.25406277149526,,9.565561783848004,,2.252613206625728,,,,,2018,1
57,57,KAKKADAVU KERALA,569,Coimbatore,POLLACHI,10.742228,77.060508,2018-01-15 08:30:00,2.49637449791234,227.68353659717738,6.462850099236112,376.1426839649544,7.837320210577731,,230.4192963310329,,,0.04708871591501848,60.08581987594866,,27.473425387833107,,2.9241916307464586,,,,,2018,1
58,58,KARUR,576,Karur,KARUR,10.955411,78.055554,2018-01-15 08:30:00,0.6562405376445075,10.0,5.325952666861962,539.8156062571838,7.488130364793957,,215.44481118097823,,,,95.24118937255503,,52.68843771101925,,2.023324509860515,,,0.054260963434631805,,2018,1
59,59,KODAI KANAL LAKE TAMILNADU,572,Dindigul,KODAIKANAL,10.233619,77.485653,2018-01-15 08:30:00,,135.88466903170334,3.6563343086186633,373.43712101469544,7.572626279217547,,223.57665073994892,,,0.08814288490138772,24.039390330918792,,20.628097146493033,,0.05250802627292339,,,,,2018,1
60,60,KOMBUPALLAM SATHYAMANGALAM,573,Erode,SATHYAMANGALAM,11.509621,77.230116,2018-01-15 08:30:00,0.24409912676286022,134.3229437239172,6.134535633815291,470.9705775284982,8.336591595544315,,66.06150127603672,,,0.028179728691169498,84.78654116653347,,23.14216113593558,,1.6860534914650869,,,,,2018,1
61,61,KUMBAKONAM,586,Thanjavur,THANJAVUR,10.78627,79.15819,2018-01-15 08:30:00,,264.9958846397543,8.624960762762612,312.0672472866912,7.3842551792763675,,137.8149918079299,,,0.11195249389495551,110.29630956222084,,52.50598009328114,,1.7662015483643803,,,,,2018,1
62,62,LOCATED ADJACENT TO KARU MSW DUMP SITE AND ON THE NORTHERN BANK OF RIVER AMARAVATHI AND DOWNSTREAM,576,Karur,KARUR,10.951185,78.035374,2018-01-15 08:30:00,1.1350631928301675,13.172451303191906,7.244806517060813,489.0942202053158,7.366504956904979,,225.79393089628672,,,,107.39161791724159,,54.454053059983195,,1.5041582808047704,,,,,2018,1
63,63,LOCATED ON THE SOUTHERN BANK OF RIVER AMARAVATHI AND DOWNSTREAM SIDE OF KARUR DYEING CLUSTER,576,Karur,KARUR,10.917543,78.009517,2018-01-15 08:30:00,1.1168563639794473,17.86011393437525,6.749225224595733,509.74734418298215,7.593328198609664,0.001,258.9864639999678,,,,83.4177938457338,,47.26701255270724,,0.33515476767339003,,,,,2018,1
64,64,MADUKARAI,596,Viluppuram,Viluppuram,11.871427,79.603728,2018-01-15 08:30:00,1.3028169952345618,130.79877766557507,8.033512195085798,392.574004285705,6.930881806597788,,35.273655276438205,,,0.06630391074146237,58.97660633772573,,53.783826367157964,,1.530056317315298,,,,,2018,1
65,65,MAYILADUTHURAI,589,Tiruvallur,TIRUVALLUR,10.812621,79.608435,2018-01-15 08:30:00,0.8026906655841993,232.7477952148464,7.778576450078422,336.1965409779181,7.437027795173941,,152.78710796702558,,,,67.17989914396912,,61.160920588118614,,3.0391184988954003,,,,,2018,1
66,66,M. KALIAPPAN SANGILIMUNIYAPPAN KOVIL ERIKKADU METTUR,584,Salem,Sankari,11.478265,77.881114,2018-01-15 08:30:00,,58.57619479166972,5.397617664218962,229.08903131454508,6.7949972700345755,,197.56610494023906,,,0.38584819546889654,147.02001971256308,,17.029627266701763,,1.172252090090575,,,,,2018,1
67,67,MUNICIPAL CORPORATION BORE WELL LOCATED IN PERUMALPURAM STREET NARANAMMALPURAM TIRUNELVELI,592,Tirunelveli,PALAYAMKOTTAI,8.698363,77.738123,2018-01-15 08:30:00,0.4313110515554647,173.9855593733283,6.243213386929389,439.11798387646473,7.842945079314463,,208.6807309638038,,,,91.65808832852224,,43.864122752146685,,0.30182238275016104,,,,,2018,1
68,68,OVER HEAD TANK AT TIRUR VILLAGE TIRUVALLUR TALUK TIRUVALLUR PANCHAYAT UN,589,Tiruvallur,TIRUVALLUR,13.106545,79.960588,2018-01-15 08:30:00,0.15250240034435178,215.12132248860414,5.833427457007694,309.7748319925661,7.119586763108856,,137.19402796878927,,,,51.70577707583085,,43.48548001495527,,2.3364033983918837,,,,,2018,1
69,69,PALAR AT VANIYAMBADI WATER SUPPLY HEAD WORK TAMILNADU,595,Vellore,VANIYAMBADI,12.679231,78.595417,2018-01-15 08:30:00,,88.98387520512127,8.655053207714626,315.18648809343506,8.096377340598528,,205.08425924902687,,,,111.34177090691321,,71.1836816977943,,1.428692312579924,,,,,2018,1
70,70,PARAMASIVAM WATER SERVICE STATION BLOCK NO.13 BSNL EXCHANGE OPPOSITE METTUR DAM - 636 402.,584,Salem,METTUR,11.803279,77.804723,2018-01-15 08:30:00,1.044688747766686,119.33775403599606,5.359179450313608,265.0000644294719,7.797845376451631,,100.43799031244278,,,,10.0,,19.33598164141679,,1.7558088246772316,,,,,2018,1
71,71,PERUR CHETTIPALAYM PANCHAYAT LOCATED ADJACENT TO NOYYAL RIVER AT PERUR-VEDAPATTY ROAD (OPP VINAYGAR,573,Erode,ERODE,11.128875,77.39572,2018-01-15 08:30:00,0.7173477986231903,144.44434563018066,7.055058263177049,502.80500229071015,6.662271679551175,,211.6263692934195,,,0.24098410475554705,101.22470372561516,,47.87012624842053,,1.9463973141204545,,,,,2018,1
72,72,POONDI LAKE AT THIRUVALLUR TAMILNADU,589,Tiruvallur,TIRUVALLUR,13.169731,79.888236,2018-01-15 08:30:00,,54.645146321021116,6.676056423719987,715.4319726318386,7.324796863857416,,150.49958907544794,,,,86.1497929173927,,58.01213352693138,,1.494938647098321,,,,,2018,1
73,73,PORUR LAKE AT THIRUVALLUR TAMILNADU,589,Tiruvallur,TIRUVALLUR,13.033945,80.148344,2018-01-15 08:30:00,1.9779727666605993,11.98012704457399,6.607947377752148,615.7269391970829,7.411088944292863,,196.02228183213825,,,,95.66322186779746,,27.775164368019922,,2.396106996413929,,,,,2018,1
74,74,PULICATE LAKE AT THIRUVALLUR TAMILNADU,589,Tiruvallur,TIRUVALLUR,13.427023,80.292679,2018-01-15 08:30:00,0.05,87.6267341354363,6.990214818052912,408.9980732401198,7.478995623450729,,193.0979452025871,,,0.9075485937860853,12.601643960771753,,52.37026929913813,,0.909634176825034,,,0.138490265696123,,2018,1
75,75,REDD HILLS AT THIRUVALLUR TAMILNADU,589,Tiruvallur,TIRUVALLUR,13.193092,80.172867,2018-01-15 08:30:00,0.33326507406602046,10.0,5.869033535224452,421.1715504602209,7.56519602005463,,261.0051750241623,,,,16.960257922449856,,27.683128219467285,,1.7856988858664575,,,,,2018,1
76,76,RIVER ADYAR AT EKKATTUTHANGAL,574,Kancheepuram,KANCHEEPURAM,13.026747,80.192542,2018-01-15 08:30:00,0.30409458180548377,224.84350597537704,7.684770679107951,696.8077016739066,7.691886350624433,,93.97810284499205,,,,80.41638798768125,,46.39881504146437,,1.0220697772355474,,,0.05265045758454232,,2018,1
77,77,RIVER ADYAR AT JAFERKHANPET,574,Kancheepuram,KANCHEEPURAM,13.02849,80.20247,2018-01-15 08:30:00,1.1177595664887534,235.50116832586076,6.922466475817156,174.66132667810228,7.291443773964652,,263.79718736910957,,,0.24602218760589095,98.70901385510817,,43.22155794476811,,1.134279057285945,,,,,2018,1
78,78,RIVER ADYAR AT KOTTURPURAM BRIDGE,568,Chennai,CHENNAI,13.025906,80.243554,2018-01-15 08:30:00,0.05,116.01867922807321,7.089685480423397,223.2421493836649,7.962140795369391,,123.19503623262682,,,0.07833319915311435,30.669152131065893,,29.310238368142514,,1.499982350671767,,,,,2018,1
79,79,RIVER ADYAR AT MARAIMALAI BRIDGE,574,Kancheepuram,KANCHEEPURAM,13.02724,80.208104,2018-01-15 08:30:00,0.05,10.0,4.232551122865363,350.49260976520316,7.19921745505335,,237.0310992108223,,,,116.43200634603329,,42.658236112129366,,0.01,,,,,2018,1
80,80,RIVER ADYAR AT NANDAMBAKKAM,574,Kancheepuram,KANCHEEPURAM,12.965867,80.109983,2018-01-15 08:30:00,,190.1889832460537,5.1099623729689485,780.7476263887731,7.398378857409244,,182.0164379245898,,,,93.3353123179021,,5.0,,1.0232286609362689,,,,,2018,1
81,81,RIVER ADYAR BEFORE GOLF COURSE,574,Kancheepuram,Tambaram,12.938473,80.094802,2018-01-15 08:30:00,,34.98937780671187,5.62174749724374,492.99026269925923,7.319444614797132,,226.7482354990953,,,0.30644873487789986,65.26148734543936,,26.99030021527053,,1.9911061898472147,,,,,2018,1
82,82,RIVER ADYAR NEAR BOAT CLUB,568,Chennai,CHENNAI,13.023184,80.247552,2018-01-15 08:30:00,0.3612365831610278,174.51560642858286,6.929510874430123,536.5178933044091,8.215391055860692,,261.675748633858,,,0.1868494534896924,89.58133464861857,,52.10261847797897,,0.7364293807439437,,,,,2018,1
83,83,RIVER CAUVERY AT BHAWANI D/S,573,Erode,ERODE,11.422026,77.679686,2018-01-15 08:30:00,0.7620713638373797,153.93327571215332,5.919336999134814,379.52359219724957,7.106861898373499,,136.97249970460658,,,,84.02581630956068,,73.56086645501355,,1.6182683904283997,,,0.3680639977890095,,2018,1
84,84,RIVER CAUVERY AT ERODE U/S,573,Erode,ERODE,11.369068,77.727294,2018-01-15 08:30:00,0.25472911961368955,136.92759763043145,7.177132865632084,339.5037424372928,6.892477750774413,0.001,171.6949928189478,,,,122.31516337314486,,50.71685387514468,,2.072836881731734,,0.008643517413526624,,,2018,1
85,85,RIVER CAUVERY AT KARUR U/S,576,Karur,KARUR,11.008673,78.159341,2018-01-15 08:30:00,,134.34196835413474,5.812677890541769,626.109613188514,6.665171473756108,,85.96438246550572,,,0.5993133015723112,140.07213971515716,,48.9862897236312,,1.626287914250767,,,,,2018,1
86,86,RIVER CAUVERY AT KUMARAPALAYAM U/S,580,Namakkal,Tiruchengode,11.427111,77.686922,2018-01-15 08:30:00,0.10713437857057882,115.96617186228099,6.150212025207812,86.8919337916924,7.545710057422676,,259.680113240634,,,,10.0,,39.23359691938462,,1.0746156814219794,,,0.02985858804240062,,2018,1
87,87,RIVER CAUVERY AT KUMBAKONAM D/S,586,Thanjavur,KUMBAKONAM,10.964811,79.351278,2018-01-15 08:30:00,,147.72031053845726,7.892992144854223,347.1057357113839,6.817393335925592,,215.7780620417341,,,0.1409192976713981,88.07287564241021,,11.906139964605746,,1.1624635368966527,,,,,2018,1
88,88,RIVER CAUVERY AT MAYILADUTHURAI D/S,579,Nagapattinam,Mayiladuthurai,11.105488,79.647969,2018-01-15 08:30:00,1.2162063759174015,92.0593836545257,7.520266090536191,373.296530430271,8.07534190578544,,335.75609876706307,,,,100.27741808926214,,42.74074964943925,,0.9426919590260938,,,,,2018,1
89,89,RIVER CAUVERY AT PALLIPALAYAM D/S,580,Namakkal,Tiruchengode,11.365347,77.741652,2018-01-15 08:30:00,,124.15567086458395,6.45533331618819,610.0784996001355,7.367779433263672,,173.94625649185633,,,,88.14540761264362,,5.0,,1.7861120617724633,,,0.33558043078199096,,2018,1
90,90,RIVER COOUM AT AMANJIKARAI,568,Chennai,CHENNAI,13.068081,80.231405,2018-01-15 08:30:00,,10.0,6.915786171077591,669.5622241691235,7.812347453616117,,169.53077788836197,,,0.8759075975573024,129.32731266950066,,16.281693311740444,,2.8706997638245824,,,,,2018,1
91,91,RIVER COOUM AT ANNA NAGAR,568,Chennai,CHENNAI,13.07865,80.207011,2018-01-15 08:30:00,0.5771609133305649,137.39462985437783,8.796837624640144,408.04987183206373,7.119303967686888,,217.17614159794533,,,0.21134727301725145,91.01675620574306,,41.569298044392056,,1.8960541845510033,,,,,2018,1
92,92,RIVER COOUM AT ARUMBAKKAM,568,Chennai,CHENNAI,13.074866,80.221849,2018-01-15 08:30:00,4.465033745822643,173.4726368753892,7.0390741219036945,213.13468820091356,7.488904695577572,,302.3344389211404,,,,54.134867103324865,,40.33930975417116,,0.32832552136427773,,,0.05224056824545973,,2018,1
93,93,RIVER COOUM AT COLLAGE ROAD,568,Chennai,CHENNAI,13.070824,80.249921,2018-01-15 08:30:00,0.8620100212923072,156.28274412111838,7.006304905082342,805.0164791929024,7.544610746952623,,252.3065376216268,,,0.14299062418547162,132.57881955698562,,12.903059327534137,,1.004674691767481,,,0.012807096265357146,,2018,1
94,94,RIVER COOUM AT NAPIER BRIDGE,568,Chennai,CHENNAI,13.069423,80.284355,2018-01-15 08:30:00,,10.0,6.518694857097761,208.8194808830556,7.322117679072259,,116.47789887612541,,,,45.34430602174771,,5.0,,2.475604050579978,,,,,2018,1
95,95,RIVER COOUM AT POONAMALLE,589,Tiruvallur,TIRUVALLUR,13.065634,80.113691,2018-01-15 08:30:00,0.05,242.71824966796535,5.65986095215399,689.7262703036215,7.476362206558409,,128.77557522366578,,,,87.3656848908969,,55.27010646827685,,0.01,,,,,2018,1
96,96,RIVER COOUM NEAR CENTRAL JAIL,589,Tiruvallur,TIRUVALLUR,13.169913,80.21808,2018-01-15 08:30:00,0.05,178.01211195053932,4.311116151328475,962.2961818527444,8.05042311031232,,223.16015006208227,,,0.1083206198266346,74.89257247996144,,42.057521534615645,,1.7439784604134045,,,,,2018,1
97,97,RIVER LOCATIONS AT KUMARAPALAYAM,580,Namakkal,Tiruchengode,11.447221,77.691963,2018-01-15 08:30:00,0.1909870453248276,31.71285462273832,6.3819924478463,232.50995642679817,6.638169433612077,,284.40017147584496,,,,121.73266424009252,,6.7309891347828135,,1.3439153209227828,,,,,2018,1
98,98,RIVER TAMRABARANI AT TIRUNELVELI D/S,592,Tirunelveli,TIRUNELVELI,8.78198,77.79011,2018-01-15 08:30:00,0.39646102279608425,13.277960406543642,5.337986654163638,473.18261135211117,7.647523444561049,,203.98364506069026,,,0.1997528124984028,21.28025065873323,,42.92854528328718,,0.7189058848390291,,,,,2018,1
99,99,RIVER VAIGAI AT MADURAI D/S,578,Madurai,MADURAI SOUTH,9.92812,78.125036,2018-01-15 08:30:00,1.0990289893013543,150.717724203749,6.667058490373884,715.3537470475302,7.612382599960974,,210.08941622451675,,,0.10901511960587867,104.98548404503829,,11.665233453250845,,0.9728465512939721,,,,,2018,1
100,100,RIVER VAIGAI AT MADURAI U/S,578,Madurai,MADURAI SOUTH,9.927433,78.121013,2018-01-15 08:30:00,0.11036394895389474,219.8193658138987,7.57390925233333,385.1110707757539,7.076716730493861,,200.92456216678514,,,0.4965735658029694,51.58611786960971,,73.61268429992099,,0.6612075006049051,,,,,2018,1
101,101,RIVER VENNAR AT THANJAVUR D/S,586,Thanjavur,THANJAVUR,10.816856,79.140224,2018-01-15 08:30:00,,141.42009794915697,8.448075874758855,111.87144879420947,7.951062996931765,,53.60167959285447,,,0.12951240020259985,97.57533976219389,,34.96249164643669,,2.3675948827068174,,,,,2018,1
102,102,SAKTHI NAGAR NEAR MUNICIPALITY SEWAGE TREATMENT PLANT KOMPURANKADU METTUR,574,Kancheepuram,SRIPERUMBUDUR,13.00996,80.162403,2018-01-15 08:30:00,,77.26813202495225,7.8248589637800245,516.5907767791169,7.839372779057947,,222.2509096878768,,,,40.9688286865326,,22.19662475431032,,0.01,,,,,2018,1
103,103,SARABANGA AT SALEM D/S OF TEXTILE DYEING INDUSTRIES EFFLUENT TAMILNADU,584,Salem,SALEM,11.649094,78.148011,2018-01-15 08:30:00,0.6505402361791387,186.682316928714,4.632925224555647,522.7936510871806,7.5052036603058365,,208.05424273856792,,0.02,0.32793638104820283,134.10675969893168,,13.226461663558304,,0.01,,,,,2018,1
104,104,SRIVAIKUNDAM - BLOCK DEVELOPMENT OFFICE - OPEN WELL,594,Thoothukudi,Thoothukudi,8.625282,77.907778,2018-01-15 08:30:00,1.5718408156225252,126.50214742136224,7.255296301864145,248.70900508780673,6.954188425113034,,156.99147053464722,,,,137.56037898575596,,13.138217184924681,,2.466772020307275,,,,,2018,1
105,105,SRIVAIKUNDAM - TNEB SUB STATION 33 KVA OPPOSITE TO TIRUNELVELI MAIN ROAD OPEN WELL,592,Tirunelveli,NANGUNERI,8.575329,77.769134,2018-01-15 08:30:00,0.914033440211199,218.16400479761217,7.436093815659899,466.54115927336096,7.4328485401880116,,196.90070652668004,,,0.01,63.901227055445744,,41.51017853762579,,0.6006566074966958,,,,,2018,1
106,106,SURIYAMPALAYAM BOREWELL (HAND PUMP) OWNED BY ERODE CORPORATION LOATED OPPOSITE TO M/S. PIONEER PROC,573,Erode,ERODE,11.408563,77.685422,2018-01-15 08:30:00,0.4122555077524737,160.6393061530035,4.9025204557306665,46.03481791727478,7.046304742771423,,20.0,,,0.4766662783320701,100.54314418123856,,79.87399131379023,,0.317306715060901,,0.0012371277950994294,0.2025382919155627,,2018,1
107,107,TAMBIRAPARANI AT ARUMUGANERI TAMILNADU,594,Thoothukudi,Thoothukudi,8.624431,78.068808,2018-01-15 08:30:00,0.6146130687216745,101.09162103288034,7.219512935937793,338.4329267875502,7.65579845281527,,153.52379574558285,,,0.03554205219163986,43.536963345748106,,58.635233280596864,,0.24966975308634798,,,0.2560801448616133,,2018,1
108,108,TAMBIRAPARANI AT BDG.NR. MADURA COATS LTD.PAPAVINASAM TAMILNADU,592,Tirunelveli,AMBASAMUDRAM,8.663294,77.422222,2018-01-15 08:30:00,,162.37545063243542,6.13983165872901,306.9091323638014,8.509194936135959,,184.79675901831996,,,,70.13148386828396,,17.138361211350304,,0.01,,,,,2018,1
109,109,TAMBIRAPARANI AT CHERANMADEVI CAUSE WAY TAMILNADU,592,Tirunelveli,AMBASAMUDRAM,8.700586,77.56595,2018-01-15 08:30:00,0.14603697719899839,158.92013150609614,7.135631305228077,434.4902688269999,7.425492466203699,,31.84000752345966,,,0.2625992098311549,47.42658424724983,,32.40642399701092,,1.2515795318480962,,,,,2018,1
110,110,TAMBIRAPARANI AT ERAL THOTHUKUDI TAMILNADU,594,Thoothukudi,Thoothukudi,8.620606,78.022839,2018-01-15 08:30:00,,87.12550749606527,6.424811652557066,325.9972139662046,7.090099960266676,,126.99324320863667,,,1.4282199716999837,97.09798857440497,,23.697287238428913,,0.9062206272360056,,,0.09550820766198737,,2018,1
111,111,TAMBIRAPARANI AT KALLIDAI KURICHI TIRUNELVELI TAMILNADU,592,Tirunelveli,AMBASAMUDRAM,8.69375,77.462681,2018-01-15 08:30:00,0.7936861937155669,194.7455928991419,4.718122437860115,40.0,7.827299360948596,,163.14259485804874,,,0.01,38.19547895762562,,5.0,,0.10649704126766313,,,,,2018,1
112,112,TAMBIRAPARANI AT MURAPPANADU TAMILNADU,594,Thoothukudi,Thoothukudi,8.721606,77.832797,2018-01-15 08:30:00,0.36349657865215707,56.284785515233644,6.481768245476013,639.8820497575389,7.223795837151588,,96.10264288508942,,,0.025808079021655956,45.23575067831229,,34.44309805119877,,1.2870765041672962,,,,,2018,1
113,113,TAMBIRAPARANI AT PAPPANKULAM TAMILNADU,592,Tirunelveli,AMBASAMUDRAM,8.758606,77.424597,2018-01-15 08:30:00,1.8651348378133799,256.93667841138745,5.438236743167719,411.951866816847,7.20052298696382,,58.98289515924442,,,0.09473265640101282,143.84681309974434,,31.23217381126641,,0.10247908565491493,,,,,2018,1
114,114,TAMBIRAPARANI AT RAIL BDG. NR. AMBASAMUDAM TAMILNADU,592,Tirunelveli,AMBASAMUDRAM,8.729581,77.467289,2018-01-15 08:30:00,0.05,193.7079682389197,6.0119323003441,430.5646150179991,6.680388581098844,,271.085935043051,,,0.040679443439155374,96.06174667570667,,49.39098656307466,,2.328454404004127,,,,,2018,1
115,115,TAMBIRAPARANI AT SIVALAPERI CONFLUENCE POINT OF KUTTRALAM FALLS D/S OF PALAYAMKOTTAI TIRUNELVELI TA,592,Tirunelveli,PALAYAMKOTTAI,8.700031,77.690869,2018-01-15 08:30:00,0.12288429306599978,134.77442446919267,6.663842397299285,369.6292587113361,8.30602426138698,,107.12894711170114,,,,133.01655631777703,,23.175902978514877,,0.12229896837624277,,,,,2018,1
116,116,TAMBIRAPARANI AT SRIVAIKUNTAM D/S OF SK ANAICUT TIRUNELVELI TAMILNADU,594,Thoothukudi,Thoothukudi,8.627358,77.909,2018-01-15 08:30:00,0.8940171350045506,59.45639291444314,7.36274397279808,669.1304908772796,7.933566869598349,,292.6000238966615,,,0.1889164069216181,72.09280644631457,,30.485005703809147,,0.062551466606525,,,,,2018,1
117,117,TAMBIRAPARANI AT TIRUNELVELI COLLECTORATE TAMILNADU.,592,Tirunelveli,TIRUNELVELI,8.734125,77.716764,2018-01-15 08:30:00,,167.47433385548874,8.6591258900228,614.0762752332888,8.055028410536503,,206.94070503433807,,,,107.27283363099993,,31.21333714590118,,0.5170107722520705,,,,,2018,1
118,118,TAMBIRAPARANI AT VELLAKOIL TIRUNELVELI TAMILNADU,592,Tirunelveli,TIRUNELVELI,8.718019,77.703531,2018-01-15 08:30:00,1.1244888767886452,97.85493600888634,5.17614996113398,401.32420281113014,8.325293208473145,,241.18029094044726,,,0.07266864310365385,119.4189395343898,,24.50460610575911,,1.4459253582472806,,,,,2018,1
119,119,THALAVAIPETTAI BHAVANI,573,Erode,BHAVANI,11.456295,77.615817,2018-01-15 08:30:00,0.05,178.75592267901237,6.331948577669315,645.4917536727925,7.946179146976629,,217.71753036856018,,,,98.05098683386741,,35.54560983489816,,0.36895853759795516,,,,,2018,1
120,120,THANJAVUR,586,Thanjavur,THANJAVUR,10.786359,79.157779,2018-01-15 08:30:00,0.21190731000097232,10.0,7.193492616549812,456.70534705844625,7.765710241539798,,234.27102143833346,,,0.2918984077742031,177.0164034178788,,54.35779513589068,,1.5955547312668947,,,0.10114021548748545,,2018,1
121,121,THENPENNAIYAR AT CHOKKARASANAHALLI BRIDGE (BANGALORE),571,Dharmapuri,DHARMAPURI,12.863435,77.831855,2018-01-15 08:30:00,,118.43012113516204,7.073707995952947,394.8970314217797,7.119929812254139,,110.49651731308639,,,0.3301934206420339,136.51929895207752,,27.38938470046022,,1.8627636125560851,,,,,2018,1
122,122,THIRUKKANUR,596,Viluppuram,Viluppuram,11.991116,79.639712,2018-01-15 08:30:00,3.365247738425434,236.3848515993394,5.16773193618848,511.15627424339584,7.168411302851834,,97.02688640787436,,,,66.83241766753937,,20.23381115844748,,0.040114747615275226,,,,,2018,1
123,123,THIRUMANIMUTHAR AT SALEM D/S OF SAGO & TEXTILE DYING INDUSTRIES TAMILNADU,584,Salem,SALEM,11.645876,78.120341,2018-01-15 08:30:00,,236.5756607964997,6.906464603443562,76.25317604319798,7.665075626332641,,123.68208376649144,,,0.16394979047340286,131.66194363908022,,24.68603951016297,,2.54487385194439,,,,,2018,1
124,124,TIRCHIRAPPALLLI-SRIRANGAM,591,Tiruchirappalli,TIRUCHIRAPPALLI,10.822062,78.688706,2018-01-15 08:30:00,0.9324443978841586,186.22800767699346,7.647728418017146,312.5462996745084,8.133918131568324,,278.4306466306974,,,0.1450434779744758,129.63608213461447,,23.31321959463336,,1.1943657608602116,,,,,2018,1
125,125,TIRUNELVELI,592,Tirunelveli,PALAYAMKOTTAI,8.707446,77.742528,2018-01-15 08:30:00,0.9240915808458556,110.26019932933731,4.260156059512328,431.81024911460617,7.077429955728738,,227.31087634160832,,,,44.0325270268318,,68.37366619401539,,2.410759794593705,,,,,2018,1
126,126,UDHAGAMADALEM LAKE (OOTY) TAMILNADU,587,Nilgiris,Pandalur,11.400623,76.690453,2018-01-15 08:30:00,,243.45948226177512,7.806498343645023,864.6089873056139,7.232506950768027,,96.02869250332417,,,0.07503880455014858,90.63544987644816,,5.0,,0.8089204625709807,,,,,2018,1
127,127,VASISTA AT SALEM D/S OF SAGO INDUSRIES EFFLUENT TAMILNADU,584,Salem,SALEM,11.647853,78.138125,2018-01-15 08:30:00,0.10383265845623968,10.0,5.860758992405707,192.61829614373664,7.631120047956373,0.00534947050307972,312.9188697502308,,,0.03635879988196868,151.4503685819148,,26.772267381447108,,1.177988075959491,,0.001,,,2018,1
128,128,VEERANAM LAKE AT CUDDALORE TAMILNADU,570,Cuddalore,KATTUMANNARKOIL,11.341111,79.523058,2018-01-15 08:30:00,,46.17358482185335,6.234664285653798,265.13808525543163,7.5597601044896825,,297.60785960386573,,,0.03748644976161126,63.95687871152165,,34.747648311363406,,0.9569353216110272,,,,,2018,1
129,129,WELL AT KATTERIKUPPAM,596,Viluppuram,Viluppuram,12.001161,79.700722,2018-01-15 08:30:00,,126.98648463323273,5.268031118317123,504.3570231173867,6.606725382270787,,187.25624212193372,,,0.9947690447104206,80.61802834123186,,24.127779051347712,,1.7619252553208522,,,,,2018,1
130,130,WELL AT KOTHAPURINATHAM THIRUVANDARKOIL,596,Viluppuram,Viluppuram,11.930541,79.661783,2018-01-15 08:30:00,,313.1832798926905,7.180466620865723,156.7053916561959,6.900320217216791,,206.0929587243664,,,,52.66320701906452,,29.325232803652167,,1.2639947044473148,,,,,2018,1
131,131,WELL AT MUSIRI TAMIL NADU,591,Tiruchirappalli,MUSIRI,10.954883,78.443933,2018-01-15 08:30:00,0.051155247281800965,124.93438798783774,7.878364819314458,226.51919982475266,7.490256138753924,,231.9829205447358,,,,92.05766221108901,,28.393498896500198,,1.5430532002644584,,,,,2018,1
132,132,WELL AT VADAMATTAM KARAIKAL,589,Tiruvallur,TIRUVALLUR,10.963617,79.678261,2018-01-15 08:30:00,0.36886769707933803,39.221543623204994,7.584721809303434,40.0,7.596451911870951,,334.31216022837737,,,,85.83174830701631,,21.89594705787558,,1.6953234088041582,,,,,2018,1
133,133,YERCAUD LAKE SALEM TAMILNADU,584,Salem,YERCAUD,11.783642,78.211153,2018-01-15 08:30:00,1.226808108061462,43.733711339303014,5.540969592019696,343.79642511995286,7.109316119393959,,301.85088438521706,,,,97.92317092464117,,30.457636961726823,,1.2981362527958364,,0.014784643721827787,,,2018,1
134,134,ALWARTHIRUNAGARI - VETERINARY DISPENSARY WEST CAR STREET NEAR OVER HEAD TANK OF BORE WELL,594,Thoothukudi,Thoothukudi,8.605592,77.944361,2018-02-15 08:30:00,0.13671764586804785,119.56820989107725,7.557541737719323,235.84171689211524,7.43750618194696,,217.90680699125244,,,0.08461684172226347,137.37891585402852,,24.773438062981977,,2.0307110045876895,,,,,2018,2
135,135,AMRAVATI AT 1KM D/S FROM EFF.DIS. PT. AT MADHUTHUKKULAM,572,Dindigul,PALANI,10.541244,77.368656,2018-02-15 08:30:00,0.22854692687742617,222.48130893880904,7.796057678857578,351.58918295507476,8.242983999297897,,243.95802563416646,,,0.5914964115077916,104.389312691779,,19.765580210164277,,1.2542844084219227,,,,,2018,2
136,136,ARIYAPPAMPALAYAM SATHYAMANGALAM,573,Erode,SATHYAMANGALAM,11.488793,77.241248,2018-02-15 08:30:00,0.9765719306721647,180.87237945255262,5.881139516080397,515.5560920030393,7.154071672471061,,92.76079042097709,,,0.853772980762522,55.567843398286804,,38.66609752807577,,1.040377061336473,,,,,2018,2
137,137,AUTHOR - MUKKANI AGRAGARAM STREET INFRONT OF THIRU N. SAMUTHRAPANDI HOUSE BORE WELL,594,Thoothukudi,Thoothukudi,8.634908,78.07465,2018-02-15 08:30:00,,198.85839965438902,7.013968516649179,408.82826169899926,6.921922912333905,,374.21727315139606,,,0.05188274853881729,108.18532692854302,,40.864333698478994,,2.149908841251801,,,0.17096092146110045,,2018,2
138,138,BAHOUR LAKE,570,Cuddalore,CUDDALORE,11.819442,79.729208,2018-02-15 08:30:00,0.2449686842786002,10.0,6.920942210905771,383.1944647477209,8.213544271459636,,277.9477437995391,,,,81.35323521775251,,5.0,,1.0676807854851904,,,,,2018,2
139,139,BHAVANI AT BHAVANI SAGAR TAMILNADU,573,Erode,SATHYAMANGALAM,11.485294,77.134603,2018-02-15 08:30:00,0.38238590642635567,10.0,6.0071496090771,304.2029701901554,7.145621850620413,,274.27949675168196,,,0.25137759425244316,24.26204224141039,,57.38935278655366,,1.8108728804958847,,,,,2018,2
140,140,BHAVANI AT BHAVANI TAMILNADU,573,Erode,BHAVANI,11.454094,77.679567,2018-02-15 08:30:00,,136.09277246982714,7.925215266153876,347.7841945943535,6.869432093978089,,160.5821269721942,,,0.29616559210740967,108.46775205901099,,26.45173418079456,,1.4266302972369136,,,,,2018,2
141,141,BHAVANI AT D/S OF BHAVANISAGAR SATHYAMANGALAM ERODE TAMILNADU,573,Erode,SATHYAMANGALAM,11.503881,77.247036,2018-02-15 08:30:00,,134.36654255516783,5.686706035370178,563.0597269249613,6.949850903927492,,216.68903476107477,,,0.2777210543550172,110.3888587424708,,54.97459715521202,,1.4805040794188473,,,0.07910868989857645,,2018,2
142,142,BHAVANI AT D/S OF KALINGARAYAN CANAL (B10) ERODE TAMILNADU,573,Erode,BHAVANI,11.438223,77.681462,2018-02-15 08:30:00,0.8413613349673017,44.59476868455475,6.423864723267025,408.74249358792787,7.513821566419287,0.0064853952608234155,211.62633511983333,,,0.01,67.59111068797486,,48.51056336904398,,1.022511276963755,,,0.011943734248109423,,2018,2
143,143,BHAVANI AT PATHIRAKALIAMMAN KOIL TAMILNADU,589,Tiruvallur,TIRUVALLUR,11.469259,77.296165,2018-02-15 08:30:00,,92.0546563105442,8.705820412154146,400.83748387819253,7.5652792910306035,,157.26151628742934,,,,116.997676077682,,5.906409048141416,,1.1844643152898138,,,,,2018,2
144,144,BHAVANI AT SIRUMUGAI TAMILNADU,569,Coimbatore,Mettupalayam,11.319948,77.011429,2018-02-15 08:30:00,1.1615002463014612,137.15606671773128,7.57896285642499,648.5432289503924,7.592740833113074,,131.30015160597043,,,0.016439058038132878,88.3248986262672,,26.59213867776603,,1.7874437404491974,,,0.09137402575437055,,2018,2
145,145,BHAVANI AT U/S OF KALINGARAYAN CANAL (B5) ERODE TAMILNADU,573,Erode,ERODE,11.442818,77.676045,2018-02-15 08:30:00,1.3382886633776017,335.00274925575684,7.270316641953862,593.7222981148983,7.5193199872845,,128.40495998721167,,,,143.96224209952322,,28.663764652637468,,0.01,,,,,2018,2
146,146,BOREWELL AT PASUPATHY PUDUR VILLAGE PALANI TALUK DINDIGUL DIST.,572,Dindigul,PALANI,10.448726,77.517259,2018-02-15 08:30:00,0.6032437348304409,10.0,6.53619388704215,393.5506553599218,6.965525906376925,,190.7504375704673,,,,144.16315893623042,,46.00058578369177,,1.539387407769519,,,,,2018,2
147,147,BORE WELL AT VANNIARVALASU VILLAGE NEAR ELEMENTARY SCHOOL THOPPAMPATTI PANCHAYAT UNION PALANI TALUK,572,Dindigul,PALANI,10.576266,77.529657,2018-02-15 08:30:00,0.05,10.0,3.8506989003409173,401.55718205824934,7.202185080035703,,86.99547806470618,,,,49.22669507646321,,22.950616493014067,,1.561626675668615,,,,,2018,2
148,148,BOREWELL LOCATED AT M/S. PHOENIX TEXTILE PROCESSORS VENDIPALAYAM ERODE,573,Erode,ERODE,11.327414,77.745903,2018-02-15 08:30:00,0.07251356692239774,338.4693786578854,5.8069638877909355,555.6321499689213,7.888015812382882,,166.46326583012745,,0.02,,53.83393392286811,,31.50203218243409,,1.5018805622105837,,0.006803229246559531,,,2018,2
149,149,BOREWELL NEAR KAMBARASAMPETTAI INTAKE WELL (TRICHY UPSTREAM),591,Tiruchirappalli,TIRUCHIRAPPALLI,10.787066,78.690243,2018-02-15 08:30:00,1.8614630362788935,10.0,4.683542728864607,53.309271223692065,7.081216954890292,,218.15437674224503,,,0.01,21.752371918714665,,51.11068965337007,,1.4137013208091866,,,,,2018,2
150,150,BOREWELL NEAR THOGUR INTAKE WELL (TRICHY DOWNSTREAM),591,Tiruchirappalli,TIRUCHIRAPPALLI,10.786916,78.690657,2018-02-15 08:30:00,0.8346106138368443,147.4252129922099,5.762272561811698,294.1765382276341,7.465190449095901,,20.0,,,,49.47408417090494,,29.47613932362729,,0.5341648935054619,,,,,2018,2
151,151,CAUVERY AT 1KM. D/S OF BHAVANI RIVER CONFL. TAMILNADU,573,Erode,BHAVANI,11.445663,77.677626,2018-02-15 08:30:00,0.7723540757442965,212.5677108371167,6.298030119245516,719.8091316514844,7.630365840963174,,49.951235293698545,,,,93.26896188979977,,48.66089480219506,,2.1409400841919357,,,0.01,,2018,2
152,152,CAUVERY AT COLEROON TAMILNADU,579,Nagapattinam,NAGAPATTINAM,11.326822,79.702981,2018-02-15 08:30:00,,103.35065141819683,6.630271646931828,442.6894020582186,6.885323206705703,,38.861321587677054,,,0.10508150404776448,63.05100369036154,,36.671208220540066,,1.0971699908488555,,,,,2018,2
153,153,CAUVERY AT ERODE NEAR CHIRAPALAYAM TAMILNADU,573,Erode,ERODE,11.335795,77.753762,2018-02-15 08:30:00,0.9608233381616078,262.024871408761,7.012633234246022,307.82999183436334,7.836255740237032,0.0028192443534990463,248.9365630207501,,,0.48721270806448636,125.02329272171913,,22.92883623662039,,0.2450905345948159,,,,,2018,2
154,154,CAUVERY AT KOMARAPALAYAM NAMAKAL TAMILNADU,580,Namakkal,Tiruchengode,11.423503,77.685261,2018-02-15 08:30:00,,87.13485696363321,7.8520461641931,209.9873853526564,7.8646457919537465,,163.88092272834484,,,,72.67862863257035,,49.03388958084812,,0.31543626521125134,,,,,2018,2
155,155,CAUVERY AT KUMBAKONAM THANJAVUR TAMILNADU,586,Thanjavur,KUMBAKONAM,10.968137,79.378248,2018-02-15 08:30:00,,62.89969149834793,7.955979691022771,416.8666977238945,6.7642992118230385,,91.24453588001016,,,0.15128481811632344,19.844392657019412,,57.904774038777305,,2.0882418895862114,,,,,2018,2
156,156,CAUVERY AT MAYILADUTHURAI NAGAPATTINAM TAMILNADU,579,Nagapattinam,Mayiladuthurai,11.104894,79.651871,2018-02-15 08:30:00,,81.94357890150425,5.124002342574916,451.2083610535465,7.379313496437285,,210.6943790697932,,,0.15336367611345383,41.074180878766136,,28.487395893813783,,1.1182972479720006,,,,,2018,2
157,157,CAUVERY AT METTUR,584,Salem,METTUR,11.796255,77.806971,2018-02-15 08:30:00,,192.31382005894847,6.774778910073294,502.70683887990594,7.35795466808735,,68.52922275372796,,,0.19506044702237818,106.15831745570081,,5.0,,0.01,,,,,2018,2
158,158,CAUVERY AT MOHANUR NEAR PATTAIPALAYAM TAMILNADU,580,Namakkal,NAMAKKAL,11.064392,78.120358,2018-02-15 08:30:00,,50.12722927297533,7.9732650525670135,216.05155855439082,7.301379791129123,,115.12205802382553,,,0.03747231437553619,87.44462437469551,,43.89113369588697,,0.19083613307591274,,,,,2018,2
159,159,CAUVERY AT MUSIRI,591,Tiruchirappalli,MUSIRI,10.955345,78.443949,2018-02-15 08:30:00,,191.95719769185968,9.300996296152448,514.2095876400033,7.307620808830355,,264.55186823810686,,,,67.08342081252061,,12.035022441741113,,2.7685530177288378,,,,,2018,2
160,160,CAUVERY AT PALLIPPALAYAM,580,Namakkal,Tiruchengode,11.368215,77.741107,2018-02-15 08:30:00,,127.83865227767163,7.06123180611852,688.8729914866564,7.514182847672559,,150.62635744336566,,,0.7207888865875409,95.7650776498043,,28.82253904104661,,1.446440431603282,,,,,2018,2
161,161,CAUVERY AT PETTAIVAITHALAI TRICHY TAMILNADU,591,Tiruchirappalli,SRIRANGAM,10.906389,78.489697,2018-02-15 08:30:00,0.29318462568142556,115.8885021129211,6.464884623578026,697.731055169877,7.569695177255984,,274.64411255354935,,,0.16947868635222726,48.77070796549524,,23.23220590432124,,0.01,,,,,2018,2
162,162,CAUVERY AT PITCHAVARAM TAMILNADU,570,Cuddalore,CHIDAMBARAM,11.418828,79.772375,2018-02-15 08:30:00,0.5910509952511812,239.3535717076218,6.095722609299811,541.2336763207951,7.937280316994725,,164.66587652360815,,,0.01,79.5898269842523,,53.06419808329913,,2.1326448153667084,,,,,2018,2
163,163,CAUVERY AT PUGALUR KARUR TAMILNADU,576,Karur,KARUR,10.974467,78.180075,2018-02-15 08:30:00,,152.56418296996281,7.637031754547429,279.966913078806,7.905850723993707,,76.52863764083021,,,0.01,59.931311016401395,,50.52308250288966,,0.4226746123669711,,,0.11295498544367533,,2018,2
164,164,CAUVERY AT THANJAVUR TAMILNADU,610,Ariyalur,Sendurai,11.34,79.24,2018-02-15 08:30:00,1.1221756048072828,177.25265958063127,7.527940525550813,563.3093881207614,7.158973997708565,,135.46198783150209,,,0.023194643098728936,112.8841142363309,,56.28416887889547,,1.537103848878466,,,,,2018,2
165,165,CAUVERY AT THIRUMUKKUDAL-CONFL. PT.OF R. AMRAVATI TAMILNADU,576,Karur,KARUR,11.050024,78.120645,2018-02-15 08:30:00,,108.43850634275857,5.606116826232261,301.4607795056361,7.326619866225307,,156.902885277072,,,0.39559622254940446,10.0,,38.83928673271289,,0.5660640632000309,,,,,2018,2
166,166,CAUVERY AT TIRUCHIRAPPALLI D/S TAMILNADU,591,Tiruchirappalli,SRIRANGAM,10.766809,78.665272,2018-02-15 08:30:00,,44.80775191129082,5.584730265720543,280.7886830467944,6.676598061033962,,165.46303959203973,,,0.9655834919940806,74.41940634757557,,5.0,,1.8635798735453988,,,,,2018,2
167,167,CAUVERY AT TIRUCHIRAPPALLI U/S TAMILNADU,591,Tiruchirappalli,TIRUCHIRAPPALLI,10.833263,78.718224,2018-02-15 08:30:00,,134.7079635802956,4.929415521057066,40.0,8.012296368127393,,272.9209764704578,,,0.43224517849542976,93.38637661098502,,26.150548658623148,,2.6404089452086827,,,0.08040809030749026,,2018,2
168,168,CAUVERY AT TRICHY GRAND ANAICUT TAMILNADU,586,Thanjavur,Thiruvaiyaru,10.830327,78.81177,2018-02-15 08:30:00,,191.19330660521348,6.5783218344110646,287.4633688793512,6.879968533249013,,177.89371008052652,,,0.09552998313847413,98.40954748279793,,17.94514157047206,,0.01,,,,,2018,2
169,169,CAUVERY AT URRACHIKOTTAI ERODE TAMILNADU,580,Namakkal,Tiruchengode,11.354178,77.750436,2018-02-15 08:30:00,,37.370461713035695,6.518454777646527,660.1212034771247,7.118214485500295,0.011122204538520142,264.4190828280258,0.01,,0.09398188632345994,74.0809840032066,,21.004297282790404,,0.5132400477002512,,,0.01,,2018,2
170,170,CAUVERY AT VAIRAPALAYAM NAMAKAL TAMILNADU,580,Namakkal,Tiruchengode,11.361583,77.742411,2018-02-15 08:30:00,1.8067842530261273,13.75229900530016,8.878030167680034,795.1312929026267,7.370503576948548,,118.76970104242187,,,0.08847406225081621,92.66027755170923,,36.2306713275847,,1.617794944998408,,,,,2018,2
171,171,CAUVERY AT VELORE NEAR KATTIPALAYAM TAMILNADU,580,Namakkal,Paramathivellur,11.18,78.01,2018-02-15 08:30:00,,83.98485881188708,7.9446613246025795,419.3218193501801,7.677097017397014,,225.0905061696836,,,,27.245807354658325,,5.0,,1.2004223670852778,,,,,2018,2
172,172,CHENNAI-1 NESAPAKKAM (ZONE-IV),568,Chennai,CHENNAI,13.035832,80.193265,2018-02-15 08:30:00,0.561516778705854,158.6019239062873,6.115889622866732,362.7343248391781,7.955804819876838,,337.7854569095557,,,,74.07920957095922,,41.57225741569419,,0.9035275815420384,,,,,2018,2
173,173,CHENNAI-2 PERUNGADI(ZONE-V),574,Kancheepuram,KANCHEEPURAM,12.9566,80.23435,2018-02-15 08:30:00,0.05,108.14216979265836,5.586310948058234,492.30445519121713,8.096599889265809,,74.05981774342477,,,,15.246075334684093,,37.14233130897154,,0.49721373076154385,,,,,2018,2
174,174,CHENNAI-3KODUNGAIYUR (ZONE I&II),568,Chennai,CHENNAI,13.138808,80.260799,2018-02-15 08:30:00,,121.20153812754315,3.6081341994718303,432.97807390679,7.750540870419801,,176.87393982075798,,,0.37061485662242,165.71631855332953,,38.89370386823301,,1.6304493761454473,,0.001341604072843749,0.012806888687847066,,2018,2
175,175,CHENNAI-4 KOYAMBEDU (ZONE-III),568,Chennai,CHENNAI,13.0642,80.200156,2018-02-15 08:30:00,0.3045039755971174,140.4458922969895,5.609324575770039,40.0,7.841384052111864,,78.64156763310216,,,,111.80879589109355,,47.18539497211167,,1.9909353354864021,,,,,2018,2
176,176,CHENNAI WATERWAYS AT BUCKINGHAM CANAL (ICE HOUSE),568,Chennai,CHENNAI,13.050823,80.278958,2018-02-15 08:30:00,,124.13011013689663,6.45059662770494,568.1599832734516,7.087230352932617,,131.248749849716,,,0.38003857278078995,58.51476618129604,,24.239449043263527,,1.0354179273376214,,,,,2018,2
177,177,CHENNAI WATERWAYS AT BUCKINGHAM CANAL (TIDAL PARK),568,Chennai,CHENNAI,12.988133,80.25192,2018-02-15 08:30:00,,101.05851176287523,7.518274441370897,590.4739293307869,6.873492057230489,,42.321654446923446,,,,98.20260003250486,,46.15867398312449,,0.9896169569754576,,,0.07542988546284628,,2018,2
178,178,CHENNAI WATERWAYS AT BUCKINGHAM CANAL X OTTERI NULLAH CONFLUENCE (GMR VASAVI INDUSTRIES),568,Chennai,CHENNAI,13.10524,80.271091,2018-02-15 08:30:00,0.05,137.97006283112157,4.548416775246099,333.4136907182524,7.401711384255434,,133.67725429543148,,,,172.50599498200077,,5.0,,1.8732226736318074,,,0.15757269365677426,,2018,2
179,179,CHENNAI WATERWAYS AT CAPTAIN COTTON CANAL (ERUKANJERI),568,Chennai,CHENNAI,13.126266,80.256935,2018-02-15 08:30:00,0.1265123646692002,156.9738132865554,7.206263923724864,98.41264258557555,7.206840010865602,0.016111358472240992,77.76194965553921,0.01,,0.5962168097378143,92.58824670441582,,23.084320799661036,,2.819447698629482,,,,,2018,2
180,180,CHENNAI WATERWAYS AT CC X BC CONFLUENCE (KODUNGAIYUR),568,Chennai,CHENNAI,13.136803,80.249192,2018-02-15 08:30:00,0.05,16.538163370306904,6.270915449927242,608.3467472726,8.211956649404035,,215.4304708410283,,,,144.3646411414386,,41.40104027814188,,0.4348508985455929,,0.0025964777096391697,,,2018,2
181,181,CHENNAI WATERWAYS AT MAMBALAM DRAIN (GOLF COURSE),568,Chennai,CHENNAI,13.022221,80.233657,2018-02-15 08:30:00,,50.16562586083472,7.356924199664111,416.1582740163593,7.611307318256795,0.024994780379511753,143.50650819946443,,,,53.153171812250214,,41.101886335566434,,1.1842007251722981,,,,,2018,2
182,182,CHENNAI WATERWAYS AT MAMBALAM DRAIN (USMAN ROAD),568,Chennai,CHENNAI,13.028381,80.227747,2018-02-15 08:30:00,,167.0185321983954,6.680486525811396,472.1144207917956,7.511380362459293,,135.58001018811635,,,0.06874046722212741,101.25909908953673,,6.566920866694218,,2.153567084893693,,0.001073666187037918,,,2018,2
183,183,CHENNAI WATERWAYS AT OTTERI NULLAH (KILPAUK GARDEN),568,Chennai,CHENNAI,13.086538,80.234507,2018-02-15 08:30:00,,166.75303843779875,7.3235821483480406,473.2967796853515,7.216833659182949,0.014636305584720753,62.681879121671145,,,,149.68850299874495,,36.87840687541783,,2.7811524676123884,,0.00543775893497494,,,2018,2
184,184,CHENNAI WATERWAYS AT OTTERI NULLAH (ORIGIN),568,Chennai,CHENNAI,13.099796,80.196273,2018-02-15 08:30:00,0.9992196249970997,37.902428900397794,4.909388105981112,328.84133694698755,7.584062624184187,,213.29101726630768,,0.02,0.1009382810157219,85.4456625219503,,47.773543229104526,,0.9070147685453906,,0.010631988723472206,,,2018,2
185,185,COLLECTOR WELL AT THIRUPUVANAM FOR MADURAI WAT. SUPPLY SCHEME TAMILNADU,585,Sivaganga,Sivagangai,9.826111,78.257297,2018-02-15 08:30:00,,10.0,4.5000676506201005,601.85209608366,7.142207559708013,,103.26033665112791,,,0.8516442047256872,43.802613163770125,,21.51743352280828,,0.6147892768829359,,,,,2018,2
186,186,ERAL - CHARMAM ARUNACHALA SWAMY TEMPLE WEST OF BORE WELL,594,Thoothukudi,Thoothukudi,8.621439,78.016285,2018-02-15 08:30:00,,210.68987774872394,7.484666502807647,394.6192499616489,7.947818106388234,,90.12874606896314,,,,119.54386636986362,,45.43357812780765,,0.35016227586690074,,,0.16434783687293708,,2018,2
187,187,ERODE-1,573,Erode,ERODE,11.333111,77.747343,2018-02-15 08:30:00,1.8247113066663083,138.2861222014318,4.435876938862618,318.34629422441674,8.056879343767074,,208.73251590549154,,,,104.21218612053195,,24.75109339733371,,2.6417318467451567,,,,,2018,2
188,188,ERODE-2,573,Erode,ERODE,11.338655,77.74513,2018-02-15 08:30:00,0.7833399464131698,132.56428843211606,5.352587740220423,40.0,7.414997566549611,0.0010860596594951663,254.66493518123104,,0.02,0.08007596923219362,117.64291373575392,,33.664202386110965,,2.0655536477926795,,,0.12078799659848881,,2018,2
189,189,HOUSE OF THIRU MURUGAN S/O. ESAKKI NO.16B MEENAKSHIPURAM ANNA NAGAR TIRUNELVELI,592,Tirunelveli,TIRUNELVELI,8.727206,77.709638,2018-02-15 08:30:00,,173.499332447401,8.509390920017044,448.76887585760977,7.605997789768349,,150.9675223144199,,,,112.8215103026311,,50.28383799337659,,0.3266392990885485,,,0.01,,2018,2
190,190,KAKKADAVU KERALA,569,Coimbatore,POLLACHI,10.742228,77.060508,2018-02-15 08:30:00,1.1910920954584074,166.0164012885253,6.071564959032068,645.884295974353,6.716956813993636,,183.733026538572,,,,85.28252634512705,,23.114219489477954,,1.6005325771049677,,,0.08045415873998299,,2018,2
191,191,KARUR,576,Karur,KARUR,10.955411,78.055554,2018-02-15 08:30:00,0.5088232572735215,39.032409136193834,6.164152296600774,204.2289080871677,6.95162373987482,,240.73933812277699,,,0.5913467753025186,59.0243322502502,,48.89770620155521,,1.5012592121112995,,,,,2018,2
192,192,KODAI KANAL LAKE TAMILNADU,572,Dindigul,KODAIKANAL,10.233619,77.485653,2018-02-15 08:30:00,0.3110399272642975,152.69222491845366,6.672066160810702,59.22824876236962,7.233825287339209,,78.54972856173492,,,,24.10563255128436,,55.028390749818655,,0.3765027934543427,,,,,2018,2
193,193,KOMBUPALLAM SATHYAMANGALAM,573,Erode,SATHYAMANGALAM,11.509621,77.230116,2018-02-15 08:30:00,0.600263614041683,218.8649296005551,4.451170450888464,204.364623211295,7.158889341626466,,138.87845276320493,,,,91.4007290341115,,44.03208925101581,,1.075281457650666,,,,,2018,2
194,194,KUMBAKONAM,586,Thanjavur,THANJAVUR,10.78627,79.15819,2018-02-15 08:30:00,,43.42792680839656,6.812336607899463,237.9730362336656,7.213940677494526,,176.35107363221616,,,0.030063131288885627,86.31187981646346,,21.34708397539875,,1.4750303052399083,,,,,2018,2
195,195,LOCATED ADJACENT TO KARU MSW DUMP SITE AND ON THE NORTHERN BANK OF RIVER AMARAVATHI AND DOWNSTREAM,576,Karur,KARUR,10.951185,78.035374,2018-02-15 08:30:00,,45.639131184607194,7.742299201668503,43.83867030761934,7.800589285006154,,131.24820491948265,,,,81.66248120838557,,8.906386045426459,,0.01,,,,,2018,2
196,196,LOCATED ON THE SOUTHERN BANK OF RIVER AMARAVATHI AND DOWNSTREAM SIDE OF KARUR DYEING CLUSTER,576,Karur,KARUR,10.917543,78.009517,2018-02-15 08:30:00,,134.85540717928475,6.9751228107521275,431.65545943965554,7.4394101985291154,0.0014443675475963292,119.0454032311176,,,,144.94330288047473,,57.45962301337188,,1.3578618100761686,,,,,2018,2
197,197,MADUKARAI,596,Viluppuram,Viluppuram,11.871427,79.603728,2018-02-15 08:30:00,,142.14347594602307,4.65617166206746,402.7197218669828,7.695020642397279,,234.35428934206942,,,0.07295650809462863,50.41737090886794,,65.51699225213534,,2.531453678499708,,,,,2018,2
198,198,MAYILADUTHURAI,589,Tiruvallur,TIRUVALLUR,10.812621,79.608435,2018-02-15 08:30:00,0.17961934949719155,153.63619817980467,7.09698230876679,365.21566794445255,7.350603723282736,,169.4304064291785,,,,97.66161306434527,,38.41389578714158,,0.5084871432686553,,,,,2018,2
199,199,M. KALIAPPAN SANGILIMUNIYAPPAN KOVIL ERIKKADU METTUR,584,Salem,Sankari,11.478265,77.881114,2018-02-15 08:30:00,,223.22944977557364,6.395893099341267,795.0127469623233,7.407113394850328,,107.00682649705998,,,,99.3673219676832,,45.22295137535237,,1.8460247998550476,,,,,2018,2
200,200,MUNICIPAL CORPORATION BORE WELL LOCATED IN PERUMALPURAM STREET NARANAMMALPURAM TIRUNELVELI,592,Tirunelveli,PALAYAMKOTTAI,8.698363,77.738123,2018-02-15 08:30:00,1.0939197438949735,62.73920087113986,5.5018133501234665,435.2207761891418,6.9877136380334415,,291.54346165019456,,,0.4328785134136827,61.79787034519828,,39.309281009636784,,1.7456416525700957,,,0.07858195678500353,,2018,2
201,201,OVER HEAD TANK AT TIRUR VILLAGE TIRUVALLUR TALUK TIRUVALLUR PANCHAYAT UN,589,Tiruvallur,TIRUVALLUR,13.106545,79.960588,2018-02-15 08:30:00,0.46374548282093175,190.98326698133937,5.014805093207243,641.2143341656401,7.617012028706296,,182.84533765857014,,,,112.33315971244278,,31.232351247571494,,0.5893711166571347,,,,,2018,2
202,202,PALAR AT VANIYAMBADI WATER SUPPLY HEAD WORK TAMILNADU,595,Vellore,VANIYAMBADI,12.679231,78.595417,2018-02-15 08:30:00,0.6287326686319222,236.26085306568274,7.365875006151372,399.2093977541508,7.5367183680221945,,231.96889672737083,,,0.01653664577307477,60.765567169644264,,65.94880231173134,,0.1291153602214008,,,0.03458524481461356,,2018,2
203,203,PARAMASIVAM WATER SERVICE STATION BLOCK NO.13 BSNL EXCHANGE OPPOSITE METTUR DAM - 636 402.,584,Salem,METTUR,11.803279,77.804723,2018-02-15 08:30:00,0.1808549225487391,10.0,6.445506538481314,455.58545251933026,7.225791207594718,,128.27041694518695,,,,65.27508710400912,,60.985376062438654,,1.18892980312461,,,,,2018,2
204,204,PERUR CHETTIPALAYM PANCHAYAT LOCATED ADJACENT TO NOYYAL RIVER AT PERUR-VEDAPATTY ROAD (OPP VINAYGAR,573,Erode,ERODE,11.128875,77.39572,2018-02-15 08:30:00,0.4601457497639064,197.45477284262887,6.908061553482669,575.5348593882968,7.75566735322327,,134.08224491191874,,,,41.59397893768808,,20.14261046037881,,0.9349532934533418,,,,,2018,2
205,205,POONDI LAKE AT THIRUVALLUR TAMILNADU,589,Tiruvallur,TIRUVALLUR,13.169731,79.888236,2018-02-15 08:30:00,1.2540318665356722,99.60353651570418,7.156717756853561,570.7544437698202,7.616839727773321,,204.5909643119518,,,,88.43572025173322,,5.0,,1.0996365919976798,,,,,2018,2
206,206,PORUR LAKE AT THIRUVALLUR TAMILNADU,589,Tiruvallur,TIRUVALLUR,13.033945,80.148344,2018-02-15 08:30:00,0.5658068756562299,94.91762510620816,10.082310803124091,530.845966404347,7.478845138508831,,216.20159154069094,,,,101.80377961807365,,45.92331067788208,,1.9374412015818017,,,,,2018,2
207,207,PULICATE LAKE AT THIRUVALLUR TAMILNADU,589,Tiruvallur,TIRUVALLUR,13.427023,80.292679,2018-02-15 08:30:00,,96.3928068609675,5.397576186216687,358.1793010068814,7.649980690854012,,248.88408329568102,,,,35.17130494214462,,35.988813997997276,,1.9806533754757671,,,,,2018,2
208,208,REDD HILLS AT THIRUVALLUR TAMILNADU,589,Tiruvallur,TIRUVALLUR,13.193092,80.172867,2018-02-15 08:30:00,,96.96855948469644,7.009959339497055,278.4756182986439,7.273541158727787,,65.45850581464694,,,,28.295042632609118,,45.797467397041615,,1.2845995835554822,,,,,2018,2
209,209,RIVER ADYAR AT EKKATTUTHANGAL,574,Kancheepuram,KANCHEEPURAM,13.026747,80.192542,2018-02-15 08:30:00,0.31857424000444334,10.0,9.00613132744391,101.08367130764918,7.859622482943229,,209.22106330281778,,,0.2495236419309275,50.268290724945345,,44.623323550203835,,2.696772140297426,,,,,2018,2
210,210,RIVER ADYAR AT JAFERKHANPET,574,Kancheepuram,KANCHEEPURAM,13.02849,80.20247,2018-02-15 08:30:00,0.13713218323809212,56.844371180720984,5.399738369937726,376.1391811176612,7.513326537780629,,119.54493309376466,,,0.1358680516585601,66.08594310601427,,11.880253260663203,,1.546791773958818,,,,,2018,2
211,211,RIVER ADYAR AT KOTTURPURAM BRIDGE,568,Chennai,CHENNAI,13.025906,80.243554,2018-02-15 08:30:00,0.39826332059896163,199.74870187726464,5.165639569071004,772.1189925255362,8.579356890963489,,311.896536314635,,,,99.88421890427452,,42.00486552202272,,1.424509123592109,,,,,2018,2
212,212,RIVER ADYAR AT MARAIMALAI BRIDGE,574,Kancheepuram,KANCHEEPURAM,13.02724,80.208104,2018-02-15 08:30:00,,114.9180340307716,6.256423235125212,273.9915158325178,6.806338762430555,,145.70237586849075,,,0.12333032186115649,83.287064747537,,36.04440922655112,,2.1899505077473114,,,,,2018,2
213,213,RIVER ADYAR AT NANDAMBAKKAM,574,Kancheepuram,KANCHEEPURAM,12.965867,80.109983,2018-02-15 08:30:00,,80.64780419950358,6.7535404307353675,714.0173704139095,7.126984867355617,,226.4783584474602,,,,59.585504446974824,,13.586000136373496,,0.01,,,,,2018,2
214,214,RIVER ADYAR BEFORE GOLF COURSE,574,Kancheepuram,Tambaram,12.938473,80.094802,2018-02-15 08:30:00,,197.44051799525067,6.1605841445866485,733.6673099546053,8.192760018856488,,338.2601686564217,,,0.21909544114792953,95.74135945859234,,62.2341667880718,,1.0328366758207888,,,,,2018,2
215,215,RIVER ADYAR NEAR BOAT CLUB,568,Chennai,CHENNAI,13.023184,80.247552,2018-02-15 08:30:00,,124.5832283562413,7.248885698143371,198.2624850938242,7.738008881512633,,294.46397380212466,,,0.3465513897178025,56.17441312672201,,44.51896343263436,,2.0593977871557283,,,0.1421777802622781,,2018,2
216,216,RIVER CAUVERY AT BHAWANI D/S,573,Erode,ERODE,11.422026,77.679686,2018-02-15 08:30:00,,195.30484646139865,7.7858517826818625,491.93983007830536,8.164980818559371,,209.84452874601067,,,,157.3722539893244,,31.07517388293727,,0.37398087717796824,,,,,2018,2
217,217,RIVER CAUVERY AT ERODE U/S,573,Erode,ERODE,11.369068,77.727294,2018-02-15 08:30:00,,107.46063393741791,5.67513882549116,637.1424869120953,7.058861602990761,0.0015869005592718598,182.32836733217675,,0.02,0.26934294496419103,93.89064529792967,,26.37193649406467,,0.10210031976047529,,,,,2018,2
218,218,RIVER CAUVERY AT KARUR U/S,576,Karur,KARUR,11.008673,78.159341,2018-02-15 08:30:00,0.9031149668603305,44.13215966206394,5.425916189268074,581.3902080157446,6.870982427468817,,77.46466451548157,,,0.05197828308298337,118.92696850666673,,12.814580334166838,,1.5705650336792985,,,,,2018,2
219,219,RIVER CAUVERY AT KUMARAPALAYAM U/S,580,Namakkal,Tiruchengode,11.427111,77.686922,2018-02-15 08:30:00,0.23407463965939823,114.68899059280224,8.221681975597212,348.7832240906303,6.972759052973407,,216.86565906579818,,,0.5475780558009353,63.47851027450311,,36.204483036272634,,0.9338901453192328,,,,,2018,2
220,220,RIVER CAUVERY AT KUMBAKONAM D/S,586,Thanjavur,KUMBAKONAM,10.964811,79.351278,2018-02-15 08:30:00,,10.0,6.879387148619334,553.2388697578758,7.550776113087853,,225.93515955102018,,,,44.33267485694011,,30.60655147386438,,1.8054309439895855,,,,,2018,2
221,221,RIVER CAUVERY AT MAYILADUTHURAI D/S,579,Nagapattinam,Mayiladuthurai,11.105488,79.647969,2018-02-15 08:30:00,1.1989746701599318,175.35049158840698,7.268640309957241,185.71326305107652,6.584582494491672,,227.23124087990055,,,0.21744148524595475,127.85645207549965,,71.36088392473366,,2.2679225982747555,,,0.14135840281196996,,2018,2
222,222,RIVER CAUVERY AT PALLIPALAYAM D/S,580,Namakkal,Tiruchengode,11.365347,77.741652,2018-02-15 08:30:00,0.142677142912538,75.74462532520906,5.909427781764797,152.11596113035114,8.19594730246674,,191.93692089990793,,,0.992385328081078,76.74076059292612,,45.08866517848884,,1.7629132926345399,,,,,2018,2
223,223,RIVER COOUM AT AMANJIKARAI,568,Chennai,CHENNAI,13.068081,80.231405,2018-02-15 08:30:00,0.10989020329383507,129.88381567644657,7.56227777958679,319.6816897565482,7.6814786075739665,,142.06899718035476,,,0.29350964803536844,42.64369651773598,,61.66994124432678,,2.7633259470002294,,,,,2018,2
224,224,RIVER COOUM AT ANNA NAGAR,568,Chennai,CHENNAI,13.07865,80.207011,2018-02-15 08:30:00,1.089755784553674,38.2420711687363,7.541158500687363,538.9023641019819,6.809742762289948,,208.01199520512918,,,,69.09183544372328,,67.75907930989408,,0.23519983914202425,,,,,2018,2
225,225,RIVER COOUM AT ARUMBAKKAM,568,Chennai,CHENNAI,13.074866,80.221849,2018-02-15 08:30:00,0.1946180278155651,159.9813150796818,8.097040616440601,636.2339801800143,7.635385551801078,,409.6460224054664,,,0.21878168152786182,40.87268970767067,,29.374230732197038,,0.415791058961992,,,,,2018,2
226,226,RIVER COOUM AT COLLAGE ROAD,568,Chennai,CHENNAI,13.070824,80.249921,2018-02-15 08:30:00,1.3034260647963143,83.86724190723018,6.318994746119966,433.73153556615364,7.190387493896827,,123.12884483343073,,,,39.77538660249895,,46.208802030204836,,1.3560199872225014,,,,,2018,2
227,227,RIVER COOUM AT NAPIER BRIDGE,568,Chennai,CHENNAI,13.069423,80.284355,2018-02-15 08:30:00,1.0188759318544376,185.6275210089965,5.7421067250016025,505.69635236835586,7.80290994384317,,214.10556841058508,,,0.6950150669482418,64.34281424449713,,31.463601498294253,,1.1731099482370295,,,,,2018,2
228,228,RIVER COOUM AT POONAMALLE,589,Tiruvallur,TIRUVALLUR,13.065634,80.113691,2018-02-15 08:30:00,0.23694118323016095,63.610523694760765,6.28676722746392,304.88750092576873,7.100172109770543,,162.68173097388336,,,,16.911469356799543,,26.6693176458888,,0.01,,,,,2018,2
229,229,RIVER COOUM NEAR CENTRAL JAIL,589,Tiruvallur,TIRUVALLUR,13.169913,80.21808,2018-02-15 08:30:00,,28.914610156030434,5.803827618196669,751.2360554328127,7.2283141373637925,,204.90489368733049,,,,120.24733372168026,,28.155651993256342,,0.8964764008113264,,,,,2018,2
230,230,RIVER LOCATIONS AT KUMARAPALAYAM,580,Namakkal,Tiruchengode,11.447221,77.691963,2018-02-15 08:30:00,,144.08858713533937,4.356960209679066,370.88147206045824,7.657907515958541,,381.9775247985373,,,,98.9920009827163,,16.927017256843815,,1.3470676130580035,,,,,2018,2
231,231,RIVER TAMRABARANI AT TIRUNELVELI D/S,592,Tirunelveli,TIRUNELVELI,8.78198,77.79011,2018-02-15 08:30:00,0.22601770563939844,10.0,6.0274377578677925,189.1106796313553,6.551404886560592,,303.086965431868,,,0.45831429555990905,130.17894357375786,,47.270432418268484,,1.6334736714690539,,,0.22029145338737807,,2018,2
232,232,RIVER VAIGAI AT MADURAI D/S,578,Madurai,MADURAI SOUTH,9.92812,78.125036,2018-02-15 08:30:00,0.3133390572369008,114.02046654798669,5.900738841690355,824.5932274365459,6.86703792245959,,69.83074022473548,,,,68.02205187430074,,53.64485429151623,,0.01,,,,,2018,2
233,233,RIVER VAIGAI AT MADURAI U/S,578,Madurai,MADURAI SOUTH,9.927433,78.121013,2018-02-15 08:30:00,0.27929462083684903,19.591380059469145,6.913934001855542,507.6290768550889,7.178797478630862,,381.3505678548055,,,0.03806165690526143,35.66924694812493,,46.89302110034748,,0.9190430385569877,,,,,2018,2
234,234,RIVER VENNAR AT THANJAVUR D/S,586,Thanjavur,THANJAVUR,10.816856,79.140224,2018-02-15 08:30:00,,76.87018374808171,5.495285082740359,316.26744265132004,7.135009927967587,,242.50004338352304,,,0.1144755780871671,40.805488277499194,,38.9697456862496,,0.7613849640599383,,,,,2018,2
235,235,SAKTHI NAGAR NEAR MUNICIPALITY SEWAGE TREATMENT PLANT KOMPURANKADU METTUR,574,Kancheepuram,SRIPERUMBUDUR,13.00996,80.162403,2018-02-15 08:30:00,,158.71013209504318,6.732929157144029,333.13285518632836,7.9308763437623195,,231.1019632832211,,,,101.3442923080707,,29.459447519500088,,0.31816628013086123,,,,,2018,2
236,236,SARABANGA AT SALEM D/S OF TEXTILE DYEING INDUSTRIES EFFLUENT TAMILNADU,584,Salem,SALEM,11.649094,78.148011,2018-02-15 08:30:00,1.5210103678235563,175.1112745993304,6.9502603485885945,747.8842113217352,7.533283162128956,,91.20861179606253,,0.02,,56.41811966116519,,30.289308781791917,,1.08655870000313,,,,,2018,2
237,237,SRIVAIKUNDAM - BLOCK DEVELOPMENT OFFICE - OPEN WELL,594,Thoothukudi,Thoothukudi,8.625282,77.907778,2018-02-15 08:30:00,,22.884663507409357,6.253077682364399,440.15650023222844,8.115958687598804,,74.92478713829371,,,,131.86649247122202,,28.423952845775528,,2.751354055279573,,,,,2018,2
238,238,SRIVAIKUNDAM - TNEB SUB STATION 33 KVA OPPOSITE TO TIRUNELVELI MAIN ROAD OPEN WELL,592,Tirunelveli,NANGUNERI,8.575329,77.769134,2018-02-15 08:30:00,0.1050976464027357,137.23172043650302,3.943320224231359,619.0055876589822,7.463565713039359,,474.4678279827245,,,,10.0,,66.04453969569995,,1.6066149117396717,,,,,2018,2
239,239,SURIYAMPALAYAM BOREWELL (HAND PUMP) OWNED BY ERODE CORPORATION LOATED OPPOSITE TO M/S. PIONEER PROC,573,Erode,ERODE,11.408563,77.685422,2018-02-15 08:30:00,0.08045238893467992,180.04633340174124,6.895410482687611,116.22178673223061,7.143575182292559,,95.24479957197316,0.01,,0.0676024665180292,66.99948568016745,,57.62868590352631,,0.8670444760917968,,,,,2018,2
240,240,TAMBIRAPARANI AT ARUMUGANERI TAMILNADU,594,Thoothukudi,Thoothukudi,8.624431,78.068808,2018-02-15 08:30:00,0.2292393452788989,23.624537373750982,6.66541340585694,295.3998364992195,8.090234723464478,,194.68839352580142,,,0.7351286212953771,112.80082780352893,,8.679954685582839,,1.6043234187447977,,,0.13434915173846715,,2018,2
241,241,TAMBIRAPARANI AT BDG.NR. MADURA COATS LTD.PAPAVINASAM TAMILNADU,592,Tirunelveli,AMBASAMUDRAM,8.663294,77.422222,2018-02-15 08:30:00,,203.07021238121192,5.322815362005298,668.0769048022595,6.966790835551421,,84.04721281103662,,,,80.65628117150223,,20.61172783923189,,0.3293444103767569,,,0.2740849983650983,,2018,2
242,242,TAMBIRAPARANI AT CHERANMADEVI CAUSE WAY TAMILNADU,592,Tirunelveli,AMBASAMUDRAM,8.700586,77.56595,2018-02-15 08:30:00,0.6506723348384613,143.87134772530436,5.114366308840561,209.01180133796794,7.189204768273835,,216.3659011149099,,,0.3504719094083179,19.03866258602774,,35.17785097693574,,1.1558414125700986,,,,,2018,2
243,243,TAMBIRAPARANI AT ERAL THOTHUKUDI TAMILNADU,594,Thoothukudi,Thoothukudi,8.620606,78.022839,2018-02-15 08:30:00,,101.07557702248431,8.59683583749867,655.0821441372847,6.972987565628824,,97.02798656912744,,,,52.01943353889306,,24.045384981685395,,2.1084961177463555,,,,,2018,2
244,244,TAMBIRAPARANI AT KALLIDAI KURICHI TIRUNELVELI TAMILNADU,592,Tirunelveli,AMBASAMUDRAM,8.69375,77.462681,2018-02-15 08:30:00,,10.0,8.555201255406283,436.21380482283604,7.5031913577955915,,58.14015074227581,,,0.5817528330618763,36.63862412043258,,30.709912898355725,,1.824274249293157,,,,,2018,2
245,245,TAMBIRAPARANI AT MURAPPANADU TAMILNADU,594,Thoothukudi,Thoothukudi,8.721606,77.832797,2018-02-15 08:30:00,,184.79114573288933,8.001747706177117,870.0721035045686,7.783480498163609,,244.44853433422293,,,0.15589674332080963,103.66864936020728,,44.11460559547258,,1.0266107884766076,,,,,2018,2
246,246,TAMBIRAPARANI AT PAPPANKULAM TAMILNADU,592,Tirunelveli,AMBASAMUDRAM,8.758606,77.424597,2018-02-15 08:30:00,,286.4612723231352,5.684670892481945,543.1352286938866,7.4670095341308675,,223.66833581728207,,,,82.36101516436759,,43.111799996023784,,0.01,,,,,2018,2
247,247,TAMBIRAPARANI AT RAIL BDG. NR. AMBASAMUDAM TAMILNADU,592,Tirunelveli,AMBASAMUDRAM,8.729581,77.467289,2018-02-15 08:30:00,0.3893064100450675,13.161474472008692,8.765225188808229,572.4416873974268,7.213877509960261,,63.95220082962258,,,,128.30764215548294,,26.519756267278183,,1.5888290315341096,,,,,2018,2
248,248,TAMBIRAPARANI AT SIVALAPERI CONFLUENCE POINT OF KUTTRALAM FALLS D/S OF PALAYAMKOTTAI TIRUNELVELI TA,592,Tirunelveli,PALAYAMKOTTAI,8.700031,77.690869,2018-02-15 08:30:00,0.29130048856302587,10.0,7.74605462122318,115.74386339509465,7.137380303144298,,221.38055999331903,,,,133.01046998955317,,26.66309548246282,,0.839072913272801,,,,,2018,2
249,249,TAMBIRAPARANI AT SRIVAIKUNTAM D/S OF SK ANAICUT TIRUNELVELI TAMILNADU,594,Thoothukudi,Thoothukudi,8.627358,77.909,2018-02-15 08:30:00,0.4955805222211341,122.7552809364673,7.039062465542041,337.84252749800584,7.485690750466277,,130.63136907496138,,,0.017726474834079273,103.1403485021787,,17.31870738341577,,0.01,,,,,2018,2
250,250,TAMBIRAPARANI AT TIRUNELVELI COLLECTORATE TAMILNADU.,592,Tirunelveli,TIRUNELVELI,8.734125,77.716764,2018-02-15 08:30:00,1.0113736082293083,158.99311415238745,5.411590209940809,489.5628374983394,7.520002743702494,,132.72851669511437,,,0.11688484505381955,10.0,,55.58906107556703,,1.026838221782842,,,,,2018,2
251,251,TAMBIRAPARANI AT VELLAKOIL TIRUNELVELI TAMILNADU,592,Tirunelveli,TIRUNELVELI,8.718019,77.703531,2018-02-15 08:30:00,,51.458232493856585,5.559495774650686,831.6860466840978,7.270153086855933,,195.32917737022325,,,0.01070475115775364,36.91401895695645,,27.87774718838725,,0.7555625764105067,,,,,2018,2
252,252,THALAVAIPETTAI BHAVANI,573,Erode,BHAVANI,11.456295,77.615817,2018-02-15 08:30:00,0.454667767153359,121.47213046267505,6.8859118536070865,836.0852757623932,6.718488360868655,,231.95420663376444,,,0.13985428485068527,34.226780138132035,,65.6452638463329,,1.3802112937980395,,,,,2018,2
253,253,THANJAVUR,586,Thanjavur,THANJAVUR,10.786359,79.157779,2018-02-15 08:30:00,,220.38495547753357,6.828832823206502,483.41307411506676,7.265631468075669,,267.3461242732767,,,0.1654220958749109,114.28938028530614,,31.158940065071327,,1.0142965451612365,,,,,2018,2
254,254,THENPENNAIYAR AT CHOKKARASANAHALLI BRIDGE (BANGALORE),571,Dharmapuri,DHARMAPURI,12.863435,77.831855,2018-02-15 08:30:00,1.7597248514911186,113.15135284230031,4.382484908867544,400.3555252920249,7.702824442022768,,128.08858409423323,,,,137.32047662647113,,13.781300475953657,,2.406106847130947,,,,,2018,2
255,255,THIRUKKANUR,596,Viluppuram,Viluppuram,11.991116,79.639712,2018-02-15 08:30:00,0.32393994716357505,207.0191874586998,6.0963456042675155,732.1199643054329,7.433045533658504,,93.60987115599194,,,,56.399125278790294,,16.485622540889743,,1.5548013764676198,,,,,2018,2
256,256,THIRUMANIMUTHAR AT SALEM D/S OF SAGO & TEXTILE DYING INDUSTRIES TAMILNADU,584,Salem,SALEM,11.645876,78.120341,2018-02-15 08:30:00,1.565986469525949,102.02035035880124,5.928813677136359,265.0963941490952,8.073246005041502,,205.82668269659672,,,,70.05351686943318,,25.869114609311374,,0.2938647584984829,,,,,2018,2
257,257,TIRCHIRAPPALLLI-SRIRANGAM,591,Tiruchirappalli,TIRUCHIRAPPALLI,10.822062,78.688706,2018-02-15 08:30:00,0.19314815006200828,200.36743273011922,6.5372911602500166,301.13242328543697,7.317911839007208,,142.21149353813422,,,0.07918916885717545,98.7753686951414,,33.66136522126314,,1.2774625419276138,,,0.04695588809727146,,2018,2
258,258,TIRUNELVELI,592,Tirunelveli,PALAYAMKOTTAI,8.707446,77.742528,2018-02-15 08:30:00,0.060131533718252056,98.47867628681419,6.583915120568768,716.2535701115128,7.116401651061077,,229.1280460336342,,,,110.42646387003842,,25.122515598533262,,0.727346321011356,,,,,2018,2
259,259,UDHAGAMADALEM LAKE (OOTY) TAMILNADU,587,Nilgiris,Pandalur,11.400623,76.690453,2018-02-15 08:30:00,,67.40120496269247,5.5699589726915315,447.59367585643696,7.70481178475889,,129.3389117220054,,,0.40924381377434954,111.9252808275885,,5.0,,0.01,,,,,2018,2
260,260,VASISTA AT SALEM D/S OF SAGO INDUSRIES EFFLUENT TAMILNADU,584,Salem,SALEM,11.647853,78.138125,2018-02-15 08:30:00,,12.353327991602725,6.2963982094625335,272.6002066300137,7.322623429289926,0.011301937549945613,115.11964296216541,,,0.0752182184305582,147.7118452478589,,19.528999283596818,,2.5584743250669866,,,,,2018,2
261,261,VEERANAM LAKE AT CUDDALORE TAMILNADU,570,Cuddalore,KATTUMANNARKOIL,11.341111,79.523058,2018-02-15 08:30:00,0.18935594786009732,161.77140367471486,7.118753706132748,665.2528646461677,7.838890606315091,,155.1908081754332,,,,53.79203483530149,,58.950348272702726,,0.3170641371757046,,,0.016984156636460163,,2018,2
262,262,WELL AT KATTERIKUPPAM,596,Viluppuram,Viluppuram,12.001161,79.700722,2018-02-15 08:30:00,0.24054152025099557,137.8998655659445,7.838519956857361,681.614142518597,7.672350665458215,,43.051181877927746,,,0.4752393814006659,32.43416582179134,,66.79979880724585,,0.9757847164291465,,,,,2018,2
263,263,WELL AT KOTHAPURINATHAM THIRUVANDARKOIL,596,Viluppuram,Viluppuram,11.930541,79.661783,2018-02-15 08:30:00,0.06511436986438954,222.30926506507146,7.010533837021007,498.90376827618786,7.483328991573462,,129.22536461561015,,,,54.09362218916704,,49.943452613526986,,0.43814689540896234,,,0.11203638425948373,,2018,2
264,264,WELL AT MUSIRI TAMIL NADU,591,Tiruchirappalli,MUSIRI,10.954883,78.443933,2018-02-15 08:30:00,,255.0753724596905,7.573668217576565,648.3571427330601,7.1961023594086795,,248.79863710190816,,,0.0641338610247668,16.1821755905315,,67.89825769309454,,2.498610548388961,,,,,2018,2
265,265,WELL AT VADAMATTAM KARAIKAL,589,Tiruvallur,TIRUVALLUR,10.963617,79.678261,2018-02-15 08:30:00,0.24205466926453822,176.79433033604215,4.920475950711081,272.19195006693997,7.678383554049384,,204.4077644575358,,,,73.55325453248118,,5.0,,2.058309394394315,,,,,2018,2
266,266,YERCAUD LAKE SALEM TAMILNADU,584,Salem,YERCAUD,11.783642,78.211153,2018-02-15 08:30:00,2.016656451539704,98.18443342780316,6.11395253861428,466.6930257911588,7.316472139436936,0.004300511457011099,20.0,,,,63.1662965611569,,19.335387976689944,,2.354631642905554,,,,,2018,2
267,267,ALWARTHIRUNAGARI - VETERINARY DISPENSARY WEST CAR STREET NEAR OVER HEAD TANK OF BORE WELL,594,Thoothukudi,Thoothukudi,8.605592,77.944361,2018-03-15 08:30:00,1.3831378193425765,181.753612386934,7.770474235860655,411.98361777277785,6.649130333504813,,125.01328521675026,,,0.2820316979043999,94.1598556983736,,5.0,,1.5530457213593967,,,,,2018,3
268,268,AMRAVATI AT 1KM D/S FROM EFF.DIS. PT. AT MADHUTHUKKULAM,572,Dindigul,PALANI,10.541244,77.368656,2018-03-15 08:30:00,0.25179707640140053,28.985003475941284,6.80310791285491,593.5822095789572,7.347955894153296,,310.11239184204203,,,,131.6012841935783,,12.57930959093801,,2.170086589936365,,,,,2018,3
269,269,ARIYAPPAMPALAYAM SATHYAMANGALAM,573,Erode,SATHYAMANGALAM,11.488793,77.241248,2018-03-15 08:30:00,,67.4435858881272,6.844560024947583,787.7327184016607,7.057914747967062,,200.7542229441237,,,0.47620528306281973,33.09961440071078,,21.35858847189423,,0.897956274872832,,,0.08341232460949946,,2018,3
270,270,AUTHOR - MUKKANI AGRAGARAM STREET INFRONT OF THIRU N. SAMUTHRAPANDI HOUSE BORE WELL,594,Thoothukudi,Thoothukudi,8.634908,78.07465,2018-03-15 08:30:00,,190.11645164023486,6.536037774996899,40.0,7.012233618384684,,292.7564871321749,,,,71.79519624134198,,31.189994325238814,,0.01,,,,,2018,3
271,271,BAHOUR LAKE,570,Cuddalore,CUDDALORE,11.819442,79.729208,2018-03-15 08:30:00,0.6877841246138615,127.29506190750257,6.829690283295614,685.1710977605303,7.38581945400964,,256.0984039829559,,,,52.29138097079477,,5.613150577628183,,0.7504430018439188,,,,,2018,3
272,272,BHAVANI AT BHAVANI SAGAR TAMILNADU,573,Erode,SATHYAMANGALAM,11.485294,77.134603,2018-03-15 08:30:00,0.5792456281943776,176.23054388760977,6.891949061078161,831.050844100978,6.987382604601532,,241.47962487682588,,,,84.99523405763627,,54.50012788240368,,2.028579714066426,,,,,2018,3
273,273,BHAVANI AT BHAVANI TAMILNADU,573,Erode,BHAVANI,11.454094,77.679567,2018-03-15 08:30:00,0.053975934537783175,147.98156164848467,4.414266032545536,679.9552232720771,7.19320297647721,,161.98853907693817,,,,187.18745303608463,,23.44049625438312,,0.963163119743011,,,,,2018,3
274,274,BHAVANI AT D/S OF BHAVANISAGAR SATHYAMANGALAM ERODE TAMILNADU,573,Erode,SATHYAMANGALAM,11.503881,77.247036,2018-03-15 08:30:00,1.369288973296772,18.3673004816456,9.234082383835073,594.6202919457056,7.931220895087833,0.0022692537234359957,178.53984756921773,,,0.21874534549245758,51.491622724201214,,15.570935772211627,,2.7766914165742396,,,,,2018,3
275,275,BHAVANI AT D/S OF KALINGARAYAN CANAL (B10) ERODE TAMILNADU,573,Erode,BHAVANI,11.438223,77.681462,2018-03-15 08:30:00,,107.55474443825315,7.470709666734813,367.6803392821596,6.488561862505785,,255.78103696879919,,,0.1513681846159681,133.94841362677164,,13.852856449107144,,1.8129568073392857,,0.0028885489312475477,0.04745567208171342,,2018,3
276,276,BHAVANI AT PATHIRAKALIAMMAN KOIL TAMILNADU,589,Tiruvallur,TIRUVALLUR,11.469259,77.296165,2018-03-15 08:30:00,0.32150727084060554,121.75550465722658,5.906774794571939,174.84686614259022,7.318376568600821,,128.5501468710434,,,,47.88863563756956,,30.691216672839534,,0.01,,,,,2018,3
277,277,BHAVANI AT SIRUMUGAI TAMILNADU,569,Coimbatore,Mettupalayam,11.319948,77.011429,2018-03-15 08:30:00,,160.8690391318654,5.564845280574282,487.95589224307975,8.296774681371513,,139.32882466780018,,,,13.130479480877867,,61.82683046347366,,3.155666202066005,,,,,2018,3
278,278,BHAVANI AT U/S OF KALINGARAYAN CANAL (B5) ERODE TAMILNADU,573,Erode,ERODE,11.442818,77.676045,2018-03-15 08:30:00,0.05,215.2438875474877,5.626073357112064,926.3123349174525,7.62768449905514,,257.0239697489799,,,0.5965420757308635,129.23601697429234,,24.84894521495162,,1.3700592245057719,,,,,2018,3
279,279,BOREWELL AT PASUPATHY PUDUR VILLAGE PALANI TALUK DINDIGUL DIST.,572,Dindigul,PALANI,10.448726,77.517259,2018-03-15 08:30:00,0.1946651054882286,145.37175877683802,6.707060230165029,714.5451044836618,7.059654458917142,,117.65469195357669,,,0.033196015538056595,128.8064164688093,,42.803098999043165,,1.1633109925047826,,,0.3538401210161766,,2018,3
280,280,BORE WELL AT VANNIARVALASU VILLAGE NEAR ELEMENTARY SCHOOL THOPPAMPATTI PANCHAYAT UNION PALANI TALUK,572,Dindigul,PALANI,10.576266,77.529657,2018-03-15 08:30:00,0.9954133994022268,80.57818174056504,5.523763580760517,427.69678362187597,7.651809677679711,,219.88086623442442,,,0.01,92.47048219392961,,43.507935009380844,,3.306830352025284,,,0.01,,2018,3
281,281,BOREWELL LOCATED AT M/S. PHOENIX TEXTILE PROCESSORS VENDIPALAYAM ERODE,573,Erode,ERODE,11.327414,77.745903,2018-03-15 08:30:00,0.28994122164550684,34.40837367355974,7.513139873716901,411.51219547971135,7.13454081596041,,294.697241312965,,,,90.26578267677138,,24.38778708813678,,0.18825085459515312,,,,,2018,3
282,282,BOREWELL NEAR KAMBARASAMPETTAI INTAKE WELL (TRICHY UPSTREAM),591,Tiruchirappalli,TIRUCHIRAPPALLI,10.787066,78.690243,2018-03-15 08:30:00,0.46737185049619756,137.03599789372984,5.828804074235306,729.2179844208435,7.913658943087514,,223.02652725019152,,,0.0622716833852681,24.136126294693213,,66.44130087515023,,2.1929178751029816,,,,,2018,3
283,283,BOREWELL NEAR THOGUR INTAKE WELL (TRICHY DOWNSTREAM),591,Tiruchirappalli,TIRUCHIRAPPALLI,10.786916,78.690657,2018-03-15 08:30:00,,70.87019479933471,6.851258578570224,482.01466350901296,6.820261572141408,,299.14701960326965,,,,112.81609898201195,,14.46184682445071,,1.312786159689648,,,,,2018,3
284,284,CAUVERY AT 1KM. D/S OF BHAVANI RIVER CONFL. TAMILNADU,573,Erode,BHAVANI,11.445663,77.677626,2018-03-15 08:30:00,0.09422158767663386,109.13162268894044,5.8422003728369045,331.588039081946,7.16726761228727,,20.0,,,0.016012371372164262,10.0,,28.90355588140625,,1.4289558072384176,,,,,2018,3
285,285,CAUVERY AT COLEROON TAMILNADU,579,Nagapattinam,NAGAPATTINAM,11.326822,79.702981,2018-03-15 08:30:00,1.1077244890655245,201.88245153482757,8.776746433727734,484.4726202142354,8.16307529501489,,79.7455920843052,,,,68.52706524145371,,37.374703401895225,,1.340229423147139,,,,,2018,3
286,286,CAUVERY AT ERODE NEAR CHIRAPALAYAM TAMILNADU,573,Erode,ERODE,11.335795,77.753762,2018-03-15 08:30:00,,35.15159468827193,6.4029458025614465,461.4968679094463,7.358870199120899,,83.65618007250231,,,,124.11262198744802,,5.0,,0.6263870806976509,,,,,2018,3
287,287,CAUVERY AT KOMARAPALAYAM NAMAKAL TAMILNADU,580,Namakkal,Tiruchengode,11.423503,77.685261,2018-03-15 08:30:00,0.38671693047448275,210.743583511057,7.108905113399946,248.49656000226602,7.449675337598464,,137.5403558544324,,,0.018878957389652715,109.82990221117696,,53.72339416626954,,0.08493516494966169,,,,,2018,3
288,288,CAUVERY AT KUMBAKONAM THANJAVUR TAMILNADU,586,Thanjavur,KUMBAKONAM,10.968137,79.378248,2018-03-15 08:30:00,,124.09583215048683,5.747223864858436,459.94899597999614,7.931288410603465,,77.06508390869244,,,0.10168875273372378,97.91898014470672,,33.9019285066031,,0.7985726457507744,,,,,2018,3
289,289,CAUVERY AT MAYILADUTHURAI NAGAPATTINAM TAMILNADU,579,Nagapattinam,Mayiladuthurai,11.104894,79.651871,2018-03-15 08:30:00,0.4398962960445896,158.03445460212987,4.402836188206086,545.649414202516,8.170418127808052,,211.82954533957593,,,0.03631925833489387,136.18074679040635,,5.0,,0.563554345647294,,,,,2018,3
290,290,CAUVERY AT METTUR,584,Salem,METTUR,11.796255,77.806971,2018-03-15 08:30:00,0.10565424698510653,26.500717720549886,6.159578367586217,750.9816659880388,6.949522003977005,,140.89491811359355,,,,130.70799664940733,,5.0,,0.01,,,,,2018,3
291,291,CAUVERY AT MOHANUR NEAR PATTAIPALAYAM TAMILNADU,580,Namakkal,NAMAKKAL,11.064392,78.120358,2018-03-15 08:30:00,0.7968722998430772,70.07210301394318,6.906438042607022,715.028376798615,6.771379658839419,,212.53119156647594,,,0.16744443406504061,109.59365589211893,,67.01579227768846,,0.01,,,,,2018,3
292,292,CAUVERY AT MUSIRI,591,Tiruchirappalli,MUSIRI,10.955345,78.443949,2018-03-15 08:30:00,,320.9245241267539,4.618568689561453,526.2761950730824,7.1608454518883535,,177.57895417128972,,,,110.62171740299094,,37.21540762981126,,0.01,,,,,2018,3
293,293,CAUVERY AT PALLIPPALAYAM,580,Namakkal,Tiruchengode,11.368215,77.741107,2018-03-15 08:30:00,0.9969476450016251,10.0,9.044681744516602,577.4721762377733,7.783668111482797,,183.73520931771245,,,,122.448360383198,,38.3265854448153,,1.1694879316466809,,,,,2018,3
294,294,CAUVERY AT PETTAIVAITHALAI TRICHY TAMILNADU,591,Tiruchirappalli,SRIRANGAM,10.906389,78.489697,2018-03-15 08:30:00,0.3335981410102252,56.798975833513914,7.491969842467876,324.11730453544243,7.464954560283513,,123.80882871833083,,,0.021273737884275553,105.90247683501309,,5.0,,0.6965183202506519,,,,,2018,3
295,295,CAUVERY AT PITCHAVARAM TAMILNADU,570,Cuddalore,CHIDAMBARAM,11.418828,79.772375,2018-03-15 08:30:00,0.05,46.54984132667401,4.947790849755085,296.94712701664594,7.432064187459902,,150.282774142368,,,,127.73517334776065,,45.874176012593324,,2.1916672051532493,,,0.061344649232903475,,2018,3
296,296,CAUVERY AT PUGALUR KARUR TAMILNADU,576,Karur,KARUR,10.974467,78.180075,2018-03-15 08:30:00,,135.91597571866475,7.404891119789707,555.5295426921919,8.256481709477223,,152.70604548827725,,,,73.93456523354213,,43.116044753825264,,1.7195978918873918,,,0.06932637057309128,,2018,3
297,297,CAUVERY AT THANJAVUR TAMILNADU,610,Ariyalur,Sendurai,11.34,79.24,2018-03-15 08:30:00,,182.86496074374472,7.411014203246313,624.1952108167635,6.890301310898159,,53.04887883667972,,,0.362957565012068,107.38801889645688,,38.375698119451314,,0.5546028958324088,,,,,2018,3
298,298,CAUVERY AT THIRUMUKKUDAL-CONFL. PT.OF R. AMRAVATI TAMILNADU,576,Karur,KARUR,11.050024,78.120645,2018-03-15 08:30:00,,54.282437677627996,7.00031540391778,534.0326206553009,7.357110625527793,,301.68737556757605,,,,85.88815738170547,,8.703351104270165,,1.624877281827686,,,,,2018,3
299,299,CAUVERY AT TIRUCHIRAPPALLI D/S TAMILNADU,591,Tiruchirappalli,SRIRANGAM,10.766809,78.665272,2018-03-15 08:30:00,1.3637883344833066,69.37959760919688,7.416835737887431,110.58366665387791,7.024554629528788,,132.42856142329475,,,0.05047194990079031,75.56120051156114,,48.39534278567062,,1.6771529100654021,,,0.047268953775790656,,2018,3
300,300,CAUVERY AT TIRUCHIRAPPALLI U/S TAMILNADU,591,Tiruchirappalli,TIRUCHIRAPPALLI,10.833263,78.718224,2018-03-15 08:30:00,,117.19939119950112,6.280917230744551,232.20928563855693,7.17638058869691,,96.4465162378505,,,0.4866317251990278,95.34644591421552,,38.829315965437885,,0.551199309096924,,,,,2018,3
301,301,CAUVERY AT TRICHY GRAND ANAICUT TAMILNADU,586,Thanjavur,Thiruvaiyaru,10.830327,78.81177,2018-03-15 08:30:00,,149.1312236843729,5.509215580637429,482.85996609966156,7.600148213524218,,23.514175622168636,,,,91.4195849589392,,74.82555870915036,,1.2057427735263535,,,0.19762934034128038,,2018,3
302,302,CAUVERY AT URRACHIKOTTAI ERODE TAMILNADU,580,Namakkal,Tiruchengode,11.354178,77.750436,2018-03-15 08:30:00,0.17446389587427388,167.23376490011708,4.990558212909335,610.9036555664983,7.936730824437387,,205.40154884412675,,,0.04623879444393045,126.17829926393429,,50.70167684051211,,1.086282770447563,,0.0064526355142208325,,,2018,3
303,303,CAUVERY AT VAIRAPALAYAM NAMAKAL TAMILNADU,580,Namakkal,Tiruchengode,11.361583,77.742411,2018-03-15 08:30:00,0.7414614376422659,51.957177700236485,7.97505774115646,582.6808306887434,7.480412622564715,,199.85814832334847,,,,136.01562951996058,,32.26914019560988,,3.1881519333431134,,,0.11117369835024393,,2018,3
304,304,CAUVERY AT VELORE NEAR KATTIPALAYAM TAMILNADU,580,Namakkal,Paramathivellur,11.18,78.01,2018-03-15 08:30:00,0.1892862859356013,168.65831162458497,8.188137026945647,529.5114152298355,6.959755006583626,,110.38930212907121,,,,87.9089850961315,,38.37131989681793,,1.0232461907961916,,,0.03542100617356848,,2018,3
305,305,CHENNAI-1 NESAPAKKAM (ZONE-IV),568,Chennai,CHENNAI,13.035832,80.193265,2018-03-15 08:30:00,1.27173140712889,123.15576385925915,8.122643214640574,543.2947095340593,7.163944843804828,,81.31381376793696,,,0.17719612119405154,96.24037001127225,,5.0,,0.05127238090517783,,0.0028764592759678697,,,2018,3
306,306,CHENNAI-2 PERUNGADI(ZONE-V),574,Kancheepuram,KANCHEEPURAM,12.9566,80.23435,2018-03-15 08:30:00,,166.61900665390914,4.356349441574376,313.1523427780361,6.662886924153793,,260.2328591237888,0.01,,0.17980849657797318,37.01209886538767,,5.0,,1.5974988724060777,,,0.04231457534858858,,2018,3
307,307,CHENNAI-3KODUNGAIYUR (ZONE I&II),568,Chennai,CHENNAI,13.138808,80.260799,2018-03-15 08:30:00,,174.3660548128513,6.009636904955996,555.3401246068765,6.7659018825098105,,158.37058497747756,,,0.10724686585860041,80.2023490549411,,48.32732820279027,,1.3195355788073575,,,,,2018,3
308,308,CHENNAI-4 KOYAMBEDU (ZONE-III),568,Chennai,CHENNAI,13.0642,80.200156,2018-03-15 08:30:00,0.05,207.45896860657678,5.955449017803099,323.7353982471813,7.352080452568754,0.003300806973811877,134.59553070543456,,,0.15438639550334293,130.5366208262284,,35.504232476460004,,2.723546806539793,,0.014047409020363848,0.1948628093585944,,2018,3
309,309,CHENNAI WATERWAYS AT BUCKINGHAM CANAL (ICE HOUSE),568,Chennai,CHENNAI,13.050823,80.278958,2018-03-15 08:30:00,,78.62903356409902,5.82476957067172,137.34630916796334,7.5297850169222285,,257.2411904347748,,,,42.44841535591873,,20.782746097113417,,0.7796889042904432,,,,,2018,3
310,310,CHENNAI WATERWAYS AT BUCKINGHAM CANAL (TIDAL PARK),568,Chennai,CHENNAI,12.988133,80.25192,2018-03-15 08:30:00,,93.86430294509088,6.396716368650928,416.92949874018814,6.46598539591466,,92.08246849225199,,,0.03305335872264281,103.57479454186297,,25.090065229247223,,0.3659378442635389,,0.0021088001471667797,,,2018,3
311,311,CHENNAI WATERWAYS AT BUCKINGHAM CANAL X OTTERI NULLAH CONFLUENCE (GMR VASAVI INDUSTRIES),568,Chennai,CHENNAI,13.10524,80.271091,2018-03-15 08:30:00,,125.49096387421723,6.764422195128255,795.3706159771928,7.3086871416453,,113.1832791043456,,,0.04355256463467271,50.911934747136655,,8.670206471999826,,0.6886155509758943,,,,,2018,3
312,312,CHENNAI WATERWAYS AT CAPTAIN COTTON CANAL (ERUKANJERI),568,Chennai,CHENNAI,13.126266,80.256935,2018-03-15 08:30:00,,24.350098331583013,8.060632230315207,485.94920428492884,7.755670336269284,,124.33139898253482,,,0.7677897054370355,64.85983352450805,,33.2967717323128,,1.0234857999073823,,,0.015221812254632282,,2018,3
313,313,CHENNAI WATERWAYS AT CC X BC CONFLUENCE (KODUNGAIYUR),568,Chennai,CHENNAI,13.136803,80.249192,2018-03-15 08:30:00,,134.60008244793707,6.823153703096881,440.1235333730419,7.220045422040989,0.004909928943261176,267.87884360371197,,,0.6241859419266655,37.95306653780877,,43.77608534756094,,0.6639078396366136,,0.001,,,2018,3
314,314,CHENNAI WATERWAYS AT MAMBALAM DRAIN (GOLF COURSE),568,Chennai,CHENNAI,13.022221,80.233657,2018-03-15 08:30:00,,150.38141088327168,6.022930681409934,722.2838266526396,6.96344408282916,,156.72692209613223,,,0.22966431029851322,60.42707423614822,,22.22379813979637,,0.4255633931918037,,,,,2018,3
315,315,CHENNAI WATERWAYS AT MAMBALAM DRAIN (USMAN ROAD),568,Chennai,CHENNAI,13.028381,80.227747,2018-03-15 08:30:00,,31.42745465580387,7.092385817171781,735.1338735919071,7.163901916819939,,168.65255848256083,,0.02,,29.16843191230059,,45.6442863516512,,0.9075952504117872,,,,,2018,3
316,316,CHENNAI WATERWAYS AT OTTERI NULLAH (KILPAUK GARDEN),568,Chennai,CHENNAI,13.086538,80.234507,2018-03-15 08:30:00,0.45886224395421493,102.9222291200465,6.4454420286451946,554.041758595609,6.922417910729833,,119.46450127654978,,,,125.1353105687976,,37.19266470394744,,1.7301806612154134,,0.003972561919199786,,,2018,3
317,317,CHENNAI WATERWAYS AT OTTERI NULLAH (ORIGIN),568,Chennai,CHENNAI,13.099796,80.196273,2018-03-15 08:30:00,0.3531127882680653,104.29754788896506,6.79160566646528,112.8058768242152,7.827507122901341,,193.16521721839484,,,,11.248256660770167,,18.974278735642308,,1.4413600071213883,,0.00841543907163059,,,2018,3
318,318,COLLECTOR WELL AT THIRUPUVANAM FOR MADURAI WAT. SUPPLY SCHEME TAMILNADU,585,Sivaganga,Sivagangai,9.826111,78.257297,2018-03-15 08:30:00,0.3015689919507246,75.57535556911623,6.2371618227770265,712.60187042611,7.918008232681186,,222.85562907890852,,,,116.39126336056756,,46.18739327508602,,1.3277182155263223,,,,,2018,3
319,319,ERAL - CHARMAM ARUNACHALA SWAMY TEMPLE WEST OF BORE WELL,594,Thoothukudi,Thoothukudi,8.621439,78.016285,2018-03-15 08:30:00,,223.33081814083573,8.827986069771601,286.76364581977214,7.150547914709001,,216.59290838056398,,,,96.8833380596334,,64.1820838350721,,0.29162664335186406,,,,,2018,3
320,320,ERODE-1,573,Erode,ERODE,11.333111,77.747343,2018-03-15 08:30:00,,163.8655702043599,6.389786282798054,430.76422766902016,6.72544281779372,,175.54386140456293,,,,159.22013259177052,,39.03622540163525,,1.9596756570915905,,,0.027753861851442907,,2018,3
321,321,ERODE-2,573,Erode,ERODE,11.338655,77.74513,2018-03-15 08:30:00,0.51137477614694,133.780350912883,7.054980348880225,190.5387932408242,7.832137158326662,,294.60235195408745,,,,120.50015869656238,,48.6952397776066,,1.7372249373832427,,,,,2018,3
322,322,HOUSE OF THIRU MURUGAN S/O. ESAKKI NO.16B MEENAKSHIPURAM ANNA NAGAR TIRUNELVELI,592,Tirunelveli,TIRUNELVELI,8.727206,77.709638,2018-03-15 08:30:00,,10.0,7.976266610780945,318.66565692136373,7.570618903426756,,248.5105299013055,,,,106.50519611799518,,42.70735246059037,,0.8702234039804237,,,,,2018,3
323,323,KAKKADAVU KERALA,569,Coimbatore,POLLACHI,10.742228,77.060508,2018-03-15 08:30:00,1.8360999443186086,161.64424461859417,8.705720849553963,193.14247263120689,7.541515762617532,,39.24609519879476,,,0.6654057167780689,101.42128057637007,,50.845131421708054,,1.7041190211422892,,,,,2018,3
324,324,KARUR,576,Karur,KARUR,10.955411,78.055554,2018-03-15 08:30:00,2.1003229239170778,10.0,6.935738753293428,518.444198051503,7.126298071649859,,276.79833456919107,,,0.6397042602075564,69.1121873541605,,15.1591446717946,,2.8122200883685124,,,,,2018,3
325,325,KODAI KANAL LAKE TAMILNADU,572,Dindigul,KODAIKANAL,10.233619,77.485653,2018-03-15 08:30:00,0.13205585448090032,240.64380731353225,6.955460365534676,695.5742059139875,6.82647820287544,,367.62337763513347,,,0.05138023477180561,10.0,,41.41190077666032,,1.0005087186992434,,,,,2018,3
326,326,KOMBUPALLAM SATHYAMANGALAM,573,Erode,SATHYAMANGALAM,11.509621,77.230116,2018-03-15 08:30:00,0.05,82.29890074379843,5.570462035977702,78.37973164720245,8.26555060767123,,236.33245908804827,,,,10.0,,35.51223646129686,,0.01,,,,,2018,3
327,327,KUMBAKONAM,586,Thanjavur,THANJAVUR,10.78627,79.15819,2018-03-15 08:30:00,0.33637674653169686,117.50372088487329,6.932777469722954,260.03140690771454,8.139520170112041,,215.44727593825542,,,,30.325665468766942,,45.66621092925195,,1.2144134976355572,,,,,2018,3
328,328,LOCATED ADJACENT TO KARU MSW DUMP SITE AND ON THE NORTHERN BANK OF RIVER AMARAVATHI AND DOWNSTREAM,576,Karur,KARUR,10.951185,78.035374,2018-03-15 08:30:00,0.18261897792958853,10.0,7.259992191285486,454.9787875889112,7.180276770896805,,194.9010007160555,,,,81.83730632541774,,24.575766026556565,,0.41200549934638775,,,,,2018,3
329,329,LOCATED ON THE SOUTHERN BANK OF RIVER AMARAVATHI AND DOWNSTREAM SIDE OF KARUR DYEING CLUSTER,576,Karur,KARUR,10.917543,78.009517,2018-03-15 08:30:00,2.0336970325317547,182.68717318388855,4.791580835739293,42.59459905357511,8.376471464636245,,156.13218541930348,,,0.5007518253297069,53.753744874755434,,30.323597466184776,,0.6570855509647173,,0.0033576061363750067,,,2018,3
330,330,MADUKARAI,596,Viluppuram,Viluppuram,11.871427,79.603728,2018-03-15 08:30:00,0.1724046217502267,102.27893896383009,7.64804382366279,563.7282334646416,7.035778630512761,,128.33358430684459,,,,93.19035529607137,,48.785809030651066,,1.1821597730255575,,,0.08192051557654434,,2018,3
331,331,MAYILADUTHURAI,589,Tiruvallur,TIRUVALLUR,10.812621,79.608435,2018-03-15 08:30:00,,10.0,6.541549686511095,751.4096054576178,6.97679286959641,,139.49226798009113,,,0.36347977056428904,89.96626363885213,,47.77611723050639,,1.3882543691512796,,,,,2018,3
332,332,M. KALIAPPAN SANGILIMUNIYAPPAN KOVIL ERIKKADU METTUR,584,Salem,Sankari,11.478265,77.881114,2018-03-15 08:30:00,,184.7292854593536,7.508382953101818,505.0649682402693,7.548019802265845,,122.43662649244234,,,,115.54790863392188,,55.29273218802001,,0.8830831280501426,,,,,2018,3
333,333,MUNICIPAL CORPORATION BORE WELL LOCATED IN PERUMALPURAM STREET NARANAMMALPURAM TIRUNELVELI,592,Tirunelveli,PALAYAMKOTTAI,8.698363,77.738123,2018-03-15 08:30:00,,129.05123656424183,6.326114505102282,351.89238295054474,6.708086841597871,,29.44073544412427,,,0.13856625812991005,69.46612246795367,,29.498856000770367,,0.9095066710755467,,,,,2018,3
334,334,OVER HEAD TANK AT TIRUR VILLAGE TIRUVALLUR TALUK TIRUVALLUR PANCHAYAT UN,589,Tiruvallur,TIRUVALLUR,13.106545,79.960588,2018-03-15 08:30:00,0.19341941417276906,126.38411872469865,6.230817234946274,639.1086719155824,7.990025374011181,,150.94785265853915,,,,41.05518299288751,,60.56907717087914,,2.1116444288203753,,,,,2018,3
335,335,PALAR AT VANIYAMBADI WATER SUPPLY HEAD WORK TAMILNADU,595,Vellore,VANIYAMBADI,12.679231,78.595417,2018-03-15 08:30:00,0.28411962061972446,125.78231723074312,5.7921262922445305,420.9227417582382,7.6679709039376664,,121.58722178846739,,,0.14252493469477803,139.04291569652557,,50.95144139452632,,0.01,,,0.019925314004922978,,2018,3
336,336,PARAMASIVAM WATER SERVICE STATION BLOCK NO.13 BSNL EXCHANGE OPPOSITE METTUR DAM - 636 402.,584,Salem,METTUR,11.803279,77.804723,2018-03-15 08:30:00,,10.0,5.567154218184912,792.9336205893167,7.91571356486393,,152.0493312036019,,,,75.29205008698872,,5.0,,2.503713704890239,,,,,2018,3
337,337,PERUR CHETTIPALAYM PANCHAYAT LOCATED ADJACENT TO NOYYAL RIVER AT PERUR-VEDAPATTY ROAD (OPP VINAYGAR,573,Erode,ERODE,11.128875,77.39572,2018-03-15 08:30:00,,200.00173720742578,5.737492271797094,820.5566735474958,7.453819405197852,,128.9337821619076,,,0.2706916338004507,90.44550960525149,,5.0,,2.557945745069416,,,,,2018,3
338,338,POONDI LAKE AT THIRUVALLUR TAMILNADU,589,Tiruvallur,TIRUVALLUR,13.169731,79.888236,2018-03-15 08:30:00,0.366263910535589,10.0,6.449157907349992,464.65036578536694,7.469321634965798,,216.2579918947529,,,,138.52101610515405,,41.63728506698475,,1.4049774688655825,,,,,2018,3
339,339,PORUR LAKE AT THIRUVALLUR TAMILNADU,589,Tiruvallur,TIRUVALLUR,13.033945,80.148344,2018-03-15 08:30:00,,225.5708529794975,6.458573840202427,40.0,7.05538550897358,,203.90975183692004,,,0.1796753536627737,93.92364900239576,,57.724818107785104,,1.0001520802526032,,,,,2018,3
340,340,PULICATE LAKE AT THIRUVALLUR TAMILNADU,589,Tiruvallur,TIRUVALLUR,13.427023,80.292679,2018-03-15 08:30:00,,71.68879074753714,6.382416263935171,240.7207335095736,7.915780217317187,,125.92124778577582,,,,78.88755531730563,,62.14845325733003,,0.8856463985548764,,,,,2018,3
341,341,REDD HILLS AT THIRUVALLUR TAMILNADU,589,Tiruvallur,TIRUVALLUR,13.193092,80.172867,2018-03-15 08:30:00,,144.55848581489903,7.089806776696141,447.95651645508053,7.321079694845589,,154.28408538318268,,,,96.13394538578679,,25.83415947321558,,2.6507261588123385,,,,,2018,3
342,342,RIVER ADYAR AT EKKATTUTHANGAL,574,Kancheepuram,KANCHEEPURAM,13.026747,80.192542,2018-03-15 08:30:00,,274.7510822326824,5.170469994902005,162.0687713430757,7.355976134555026,,250.2378087547866,,,0.5609222809209394,16.675224215674817,,82.47850798335023,,1.0720671817316476,,,,,2018,3
343,343,RIVER ADYAR AT JAFERKHANPET,574,Kancheepuram,KANCHEEPURAM,13.02849,80.20247,2018-03-15 08:30:00,,164.88536672207331,6.7190351364769265,452.3933268044907,7.704731759026272,,152.15439655393104,,,,19.12544566828616,,45.88266220464509,,0.01,,,0.01,,2018,3
344,344,RIVER ADYAR AT KOTTURPURAM BRIDGE,568,Chennai,CHENNAI,13.025906,80.243554,2018-03-15 08:30:00,,26.147475277378135,6.679227441758942,404.8497558377218,7.042796064191464,,185.54495902728766,,,0.723778965873831,61.769275729981565,,30.354547222447085,,0.01,,,,,2018,3
345,345,RIVER ADYAR AT MARAIMALAI BRIDGE,574,Kancheepuram,KANCHEEPURAM,13.02724,80.208104,2018-03-15 08:30:00,0.20339465123772799,121.98108304766421,6.675811041150132,379.4982390528784,7.781125925796461,,56.80849847751591,,,0.1905297708486164,128.677846851583,,51.26189952478047,,0.9286104261923028,,,,,2018,3
346,346,RIVER ADYAR AT NANDAMBAKKAM,574,Kancheepuram,KANCHEEPURAM,12.965867,80.109983,2018-03-15 08:30:00,0.2781493384642107,161.5921711623002,7.914215227758107,147.8513644266552,7.397497867858369,,211.47792062679494,,,0.046721744094612966,96.06326022364195,,35.154009454838295,,2.6950542724350823,,,,,2018,3
347,347,RIVER ADYAR BEFORE GOLF COURSE,574,Kancheepuram,Tambaram,12.938473,80.094802,2018-03-15 08:30:00,,240.80885439443284,4.207745685456237,431.3396715748566,7.016976586887632,,282.4679242474299,,,,127.92997603703994,,25.157454387692695,,1.4843455392749996,,,,,2018,3
348,348,RIVER ADYAR NEAR BOAT CLUB,568,Chennai,CHENNAI,13.023184,80.247552,2018-03-15 08:30:00,0.5249536223574257,115.39857975956295,9.13546777058336,558.457020873181,7.473932644416757,,195.80013489023332,,,0.11632112260441875,93.38136921051178,,15.350746901136155,,2.060274721565518,,,,,2018,3
349,349,RIVER CAUVERY AT BHAWANI D/S,573,Erode,ERODE,11.422026,77.679686,2018-03-15 08:30:00,0.6984075848677532,163.70188876461327,5.417371471433401,366.18079069465404,6.382419037962439,,86.53019895491771,,,,10.0,,24.264484665320275,,0.5997111771665511,,,,,2018,3
350,350,RIVER CAUVERY AT ERODE U/S,573,Erode,ERODE,11.369068,77.727294,2018-03-15 08:30:00,2.456874459966041,10.0,5.034707043094319,428.6311559853198,6.691947607954002,,136.02294855215297,,,,32.16298775746796,,5.0,,0.3947276668721833,,0.009347714960388028,,,2018,3
351,351,RIVER CAUVERY AT KARUR U/S,576,Karur,KARUR,11.008673,78.159341,2018-03-15 08:30:00,0.08056024984690788,85.5752544036286,7.226727479157575,561.8938421113572,8.079108956032048,,164.3648842094694,,,,133.2643261945566,,7.510978581386343,,0.012754668060531715,,,,,2018,3
352,352,RIVER CAUVERY AT KUMARAPALAYAM U/S,580,Namakkal,Tiruchengode,11.427111,77.686922,2018-03-15 08:30:00,,176.2742333429847,4.861259114971821,235.69319383239898,7.209380638222321,,60.15958991288717,,,,59.799000818644224,,48.17519904517722,,0.1541041742152287,,,,,2018,3
353,353,RIVER CAUVERY AT KUMBAKONAM D/S,586,Thanjavur,KUMBAKONAM,10.964811,79.351278,2018-03-15 08:30:00,0.05,128.45230600208492,6.539249307522521,472.3707869984055,8.089820016741001,,101.60892282594672,,,,69.14417919294182,,31.958626280074803,,2.315700310568941,,,,,2018,3
354,354,RIVER CAUVERY AT MAYILADUTHURAI D/S,579,Nagapattinam,Mayiladuthurai,11.105488,79.647969,2018-03-15 08:30:00,0.1530600266390853,72.87278219748791,7.412256195596141,656.1547125224469,7.871003672276422,,45.89508787214754,,,0.23519831312245762,122.27738169265238,,54.739740837789725,,0.8274438079049307,,,0.01700319542446785,,2018,3
355,355,RIVER CAUVERY AT PALLIPALAYAM D/S,580,Namakkal,Tiruchengode,11.365347,77.741652,2018-03-15 08:30:00,0.4388183519173637,10.0,8.36825820385603,405.89558598526673,7.589948867070458,,44.708315549347844,,,,91.80808197973461,,52.1958284382366,,1.8885797417920942,,,,,2018,3
356,356,RIVER COOUM AT AMANJIKARAI,568,Chennai,CHENNAI,13.068081,80.231405,2018-03-15 08:30:00,1.2136194391651391,12.471774705406915,6.400567192956902,453.84020235558427,6.5153319526338604,,116.615354188005,,,0.028072178291153407,41.01410823802951,,33.056096297050374,,0.2770137674205715,,,,,2018,3
357,357,RIVER COOUM AT ANNA NAGAR,568,Chennai,CHENNAI,13.07865,80.207011,2018-03-15 08:30:00,0.05,54.03101996521913,7.316264432572029,517.6287853383315,7.6661489682883355,,269.6610488119109,,,0.02123897624585592,61.13483765553079,,72.76290810438377,,1.4212806124089445,,,,,2018,3
358,358,RIVER COOUM AT ARUMBAKKAM,568,Chennai,CHENNAI,13.074866,80.221849,2018-03-15 08:30:00,0.06770762351640956,58.26310238555677,4.329972281099105,538.756109831684,7.578289730172881,,212.88763271743034,,,0.5062375661741703,88.15110911465334,,53.970576405316166,,0.7996911279036527,,,0.09836457729649994,,2018,3
359,359,RIVER COOUM AT COLLAGE ROAD,568,Chennai,CHENNAI,13.070824,80.249921,2018-03-15 08:30:00,0.19303201307196785,108.04548111911285,5.759802947453275,576.698976125114,7.217190898008713,,207.7330077836292,,,0.10424351075574435,60.06597278838953,,41.09091248260055,,2.097762854158172,,,0.030591594300613957,,2018,3
360,360,RIVER COOUM AT NAPIER BRIDGE,568,Chennai,CHENNAI,13.069423,80.284355,2018-03-15 08:30:00,1.4570153262791006,160.9061315329884,6.302526836452791,617.9335132054528,7.54439443003306,,279.07963037651,,,,99.09161776665145,,19.30812761525161,,2.2643053485264484,,,,,2018,3
361,361,RIVER COOUM AT POONAMALLE,589,Tiruvallur,TIRUVALLUR,13.065634,80.113691,2018-03-15 08:30:00,0.2240772519901459,267.8680503413941,5.95233624639503,367.9530855053699,7.886774762477793,,132.3951082300046,,,0.017084514647579773,116.0658411357659,,33.98958290672747,,1.1165611908978186,,,0.04463807037756296,,2018,3
362,362,RIVER COOUM NEAR CENTRAL JAIL,589,Tiruvallur,TIRUVALLUR,13.169913,80.21808,2018-03-15 08:30:00,0.05,221.2356415913323,6.097880625440919,697.4641532254544,6.414016667345901,,249.04486820338616,,,0.509471053311098,54.542809822976636,,28.2584193310289,,0.40696769468774296,,,0.05960890027945429,,2018,3
363,363,RIVER LOCATIONS AT KUMARAPALAYAM,580,Namakkal,Tiruchengode,11.447221,77.691963,2018-03-15 08:30:00,,162.34449694324584,6.4073390678384605,669.0718702430563,7.0388023743948285,,66.52824250497994,,,,97.43432763179246,,6.583846365746194,,0.8269568180440698,,,0.17176218782347263,,2018,3
364,364,RIVER TAMRABARANI AT TIRUNELVELI D/S,592,Tirunelveli,TIRUNELVELI,8.78198,77.79011,2018-03-15 08:30:00,,10.0,7.914738079084001,581.2869021864069,7.304374385888976,,156.06225640480542,,,,34.05130397098202,,41.03038332443784,,1.3603612034722536,,,,,2018,3
365,365,RIVER VAIGAI AT MADURAI D/S,578,Madurai,MADURAI SOUTH,9.92812,78.125036,2018-03-15 08:30:00,,143.0982402407869,6.855892326236366,728.8833324613543,7.917352408495437,,80.01537339166451,,,0.24564096443656055,22.93951003764284,,46.91693302565252,,0.27430670502938326,,,,,2018,3
366,366,RIVER VAIGAI AT MADURAI U/S,578,Madurai,MADURAI SOUTH,9.927433,78.121013,2018-03-15 08:30:00,,27.486734660491464,7.895406293041983,322.39640681618937,7.779397399545458,,211.32605641795504,,,,89.2977749736357,,41.972686651393815,,1.8800634659340427,,,0.08645441715821153,,2018,3
367,367,RIVER VENNAR AT THANJAVUR D/S,586,Thanjavur,THANJAVUR,10.816856,79.140224,2018-03-15 08:30:00,0.05,161.12500419398208,7.153064422808416,636.0766319638442,7.98274351316763,,236.7423506184855,,,0.045531458102159986,29.220197245629535,,53.9700479413259,,0.8310642143723048,,,,,2018,3
368,368,SAKTHI NAGAR NEAR MUNICIPALITY SEWAGE TREATMENT PLANT KOMPURANKADU METTUR,574,Kancheepuram,SRIPERUMBUDUR,13.00996,80.162403,2018-03-15 08:30:00,0.09512637972766233,119.06211974326453,5.71534410361748,640.0682601993713,7.159765281773585,,151.99277287378646,,,0.06627773077011556,85.15522466721629,,64.19914853965737,,0.8313341281625894,,,,,2018,3
369,369,SARABANGA AT SALEM D/S OF TEXTILE DYEING INDUSTRIES EFFLUENT TAMILNADU,584,Salem,SALEM,11.649094,78.148011,2018-03-15 08:30:00,0.17447032224526074,206.14785157261443,8.512852505366586,272.86221461656726,7.78551611610915,0.001,90.4357949180783,0.01,,0.07720448908945274,46.64886175252901,,10.654843590067,,0.01,,,0.060309326421933186,,2018,3
370,370,SRIVAIKUNDAM - BLOCK DEVELOPMENT OFFICE - OPEN WELL,594,Thoothukudi,Thoothukudi,8.625282,77.907778,2018-03-15 08:30:00,,72.74603504921184,6.956368210881853,245.8573141206377,7.467892342073962,,159.26326833099353,,,,139.34331478471313,,28.624782400357383,,0.7413281286272437,,,,,2018,3
371,371,SRIVAIKUNDAM - TNEB SUB STATION 33 KVA OPPOSITE TO TIRUNELVELI MAIN ROAD OPEN WELL,592,Tirunelveli,NANGUNERI,8.575329,77.769134,2018-03-15 08:30:00,,286.0052031478833,7.789199605724292,559.2080259014671,7.180532582173066,,265.8219801419954,,,,29.485257981767923,,48.749486329401606,,2.1441025389932222,,,0.08428015870012388,,2018,3
372,372,SURIYAMPALAYAM BOREWELL (HAND PUMP) OWNED BY ERODE CORPORATION LOATED OPPOSITE TO M/S. PIONEER PROC,573,Erode,ERODE,11.408563,77.685422,2018-03-15 08:30:00,0.3374216140188422,68.99299663392289,5.445831438389528,613.3409609903765,7.625374215951895,,157.24874493921493,0.01,,,76.24534993057497,,48.792373550729174,,1.373346495171429,,0.027516348232681752,0.1337243055535121,,2018,3
373,373,TAMBIRAPARANI AT ARUMUGANERI TAMILNADU,594,Thoothukudi,Thoothukudi,8.624431,78.068808,2018-03-15 08:30:00,,101.51444180338558,6.431131156398149,540.3210187720756,7.354785925742733,,242.95118356737015,,,,119.91297404022538,,17.609178979332494,,2.3145450063479247,,,,,2018,3
374,374,TAMBIRAPARANI AT BDG.NR. MADURA COATS LTD.PAPAVINASAM TAMILNADU,592,Tirunelveli,AMBASAMUDRAM,8.663294,77.422222,2018-03-15 08:30:00,4.4034003401251995,22.667262997851907,6.134093345171207,603.8307277584308,7.525234540607524,,59.40788951781981,,,,75.22876240893864,,42.81732936791648,,2.503150580514861,,,,,2018,3
375,375,TAMBIRAPARANI AT CHERANMADEVI CAUSE WAY TAMILNADU,592,Tirunelveli,AMBASAMUDRAM,8.700586,77.56595,2018-03-15 08:30:00,,188.6950809172501,6.593311903989297,451.3063972713329,7.500006036483736,,203.96944873462533,,,,64.73588766896741,,19.712069255070656,,0.8844218452575828,,,0.047532272203556325,,2018,3
376,376,TAMBIRAPARANI AT ERAL THOTHUKUDI TAMILNADU,594,Thoothukudi,Thoothukudi,8.620606,78.022839,2018-03-15 08:30:00,,128.3382351302726,5.704511993264163,456.1773302905579,7.285653445684001,,157.61952960571173,,,,71.45262703605611,,31.90140307324748,,0.2504950163247428,,,,,2018,3
377,377,TAMBIRAPARANI AT KALLIDAI KURICHI TIRUNELVELI TAMILNADU,592,Tirunelveli,AMBASAMUDRAM,8.69375,77.462681,2018-03-15 08:30:00,0.05,215.44903566808222,7.440803335172897,408.58250628101257,7.397320380854272,,248.9186140993747,,,,66.61372910908013,,15.562835939933233,,2.017212314225491,,,,,2018,3
378,378,TAMBIRAPARANI AT MURAPPANADU TAMILNADU,594,Thoothukudi,Thoothukudi,8.721606,77.832797,2018-03-15 08:30:00,0.5965816576664579,223.30190712127032,6.689707070387821,388.94026361057865,7.396349059274713,,278.26439310606725,,,,76.3615791859907,,51.87459486512465,,1.5374240594006967,,,,,2018,3
379,379,TAMBIRAPARANI AT PAPPANKULAM TAMILNADU,592,Tirunelveli,AMBASAMUDRAM,8.758606,77.424597,2018-03-15 08:30:00,,52.8885860779411,7.087105442091593,600.9977821031973,7.244675882547592,,28.505450088289763,,,,142.67780023207558,,25.777263667819515,,1.25427081113355,,,,,2018,3
380,380,TAMBIRAPARANI AT RAIL BDG. NR. AMBASAMUDAM TAMILNADU,592,Tirunelveli,AMBASAMUDRAM,8.729581,77.467289,2018-03-15 08:30:00,,120.70107879082937,9.228729246412641,397.28968857618406,6.872952721980229,,135.9995419271093,,,0.22194479448386967,151.69529371754464,,27.593518865516707,,2.523803487080434,,,,,2018,3
381,381,TAMBIRAPARANI AT SIVALAPERI CONFLUENCE POINT OF KUTTRALAM FALLS D/S OF PALAYAMKOTTAI TIRUNELVELI TA,592,Tirunelveli,PALAYAMKOTTAI,8.700031,77.690869,2018-03-15 08:30:00,0.13708700457240017,216.06071692295254,4.920937109208514,382.44716984008335,7.68795653044259,,150.3588748661962,,,0.11108105077502033,61.09897193462177,,70.06839785242597,,1.680095160637288,,,0.06542794436606218,,2018,3
382,382,TAMBIRAPARANI AT SRIVAIKUNTAM D/S OF SK ANAICUT TIRUNELVELI TAMILNADU,594,Thoothukudi,Thoothukudi,8.627358,77.909,2018-03-15 08:30:00,,88.74144684734492,5.787832789116328,834.6867010928775,8.646001539332424,,377.86314424654495,,,0.10214504378499897,78.55638490953307,,10.261314722685537,,1.0131900339320812,,,0.07615444225294776,,2018,3
383,383,TAMBIRAPARANI AT TIRUNELVELI COLLECTORATE TAMILNADU.,592,Tirunelveli,TIRUNELVELI,8.734125,77.716764,2018-03-15 08:30:00,,44.71818394668968,9.08591441285977,380.63473583705263,7.716548059912503,,119.82899796453424,,,,144.27843073746143,,29.902075298985814,,1.396866892253127,,,,,2018,3
384,384,TAMBIRAPARANI AT VELLAKOIL TIRUNELVELI TAMILNADU,592,Tirunelveli,TIRUNELVELI,8.718019,77.703531,2018-03-15 08:30:00,0.11526678351342495,10.0,6.980830204502848,572.897837205993,7.4889421863047785,,251.81660392664133,,,0.07040991202691496,48.05572149564832,,38.652992905582,,0.21212342906472703,,,,,2018,3
385,385,THALAVAIPETTAI BHAVANI,573,Erode,BHAVANI,11.456295,77.615817,2018-03-15 08:30:00,0.14301617261048102,140.1053318590482,7.826999679553655,639.5160356392171,7.7117460643319875,,136.7685317748867,,,,143.84138763268416,,22.409086036982423,,1.0149592456562404,,,,,2018,3
386,386,THANJAVUR,586,Thanjavur,THANJAVUR,10.786359,79.157779,2018-03-15 08:30:00,0.5747221022129552,139.4473382128559,5.920508192647379,431.8026947427715,6.750378082023606,,219.51734427493454,,,,77.36511121787281,,31.43247782516504,,1.9610449954395868,,,,,2018,3
387,387,THENPENNAIYAR AT CHOKKARASANAHALLI BRIDGE (BANGALORE),571,Dharmapuri,DHARMAPURI,12.863435,77.831855,2018-03-15 08:30:00,1.3669247465099315,166.23828189116458,4.76575368270533,596.5793278495751,6.953210299511505,,170.3505415235958,,,0.02286900705620658,141.27738983567002,,26.28586709747328,,1.6618908200853293,,,0.17460302221487822,,2018,3
388,388,THIRUKKANUR,596,Viluppuram,Viluppuram,11.991116,79.639712,2018-03-15 08:30:00,0.05,148.55782074135408,7.211036368781314,540.1199461104786,7.126242155894299,,177.1580188712377,,,0.011403178745721141,180.53487971481755,,56.31661961353112,,1.265022737644959,,,,,2018,3
389,389,THIRUMANIMUTHAR AT SALEM D/S OF SAGO & TEXTILE DYING INDUSTRIES TAMILNADU,584,Salem,SALEM,11.645876,78.120341,2018-03-15 08:30:00,0.41976530515068805,161.40160793259417,6.171798821840042,493.7086886566182,7.416931845730259,,338.4262282114315,,0.02,0.16603821890023232,53.4046276333232,,34.96569860620237,,0.01,,,,,2018,3
390,390,TIRCHIRAPPALLLI-SRIRANGAM,591,Tiruchirappalli,TIRUCHIRAPPALLI,10.822062,78.688706,2018-03-15 08:30:00,0.8401765960140095,176.11958255397715,6.5408097154737765,149.6952050061402,7.044103193737446,,217.1853765770678,,,,85.06476125427764,,42.46591203419824,,1.6150969443520977,,,,,2018,3
391,391,TIRUNELVELI,592,Tirunelveli,PALAYAMKOTTAI,8.707446,77.742528,2018-03-15 08:30:00,0.2640966360457638,99.4975340598742,6.617375951711969,692.8653802744195,7.009282567280751,,149.4836066621719,,,0.06654226926713236,63.60973316622707,,40.30948620275879,,1.0112667765503007,,,,,2018,3
392,392,UDHAGAMADALEM LAKE (OOTY) TAMILNADU,587,Nilgiris,Pandalur,11.400623,76.690453,2018-03-15 08:30:00,0.06709315424885498,201.8560778678389,5.34033911687816,507.458897534392,7.751528235474812,,102.81248169405501,,,0.42134369518856335,104.87250028543686,,19.862334818242136,,1.0400136811545764,,,0.07205551030906233,,2018,3
393,393,VASISTA AT SALEM D/S OF SAGO INDUSRIES EFFLUENT TAMILNADU,584,Salem,SALEM,11.647853,78.138125,2018-03-15 08:30:00,0.31002573255057797,93.78102797856005,7.262636239799478,687.2773801338483,7.422667353502849,,118.65546798109003,,,,133.34728043341212,,34.392233934842224,,0.01,,,,,2018,3
394,394,VEERANAM LAKE AT CUDDALORE TAMILNADU,570,Cuddalore,KATTUMANNARKOIL,11.341111,79.523058,2018-03-15 08:30:00,0.48139213550220183,78.35246578556378,6.128599085595447,255.40932392679562,7.070029092288121,,151.0736501962101,,,,82.92524544920393,,32.54604483561769,,0.01,,,,,2018,3
395,395,WELL AT KATTERIKUPPAM,596,Viluppuram,Viluppuram,12.001161,79.700722,2018-03-15 08:30:00,,55.121949285942165,6.9518121658047445,260.69350385577627,7.3553598411808,,160.6836321641022,,,,111.49000742782954,,18.25449743861999,,2.4660439754500256,,,,,2018,3
396,396,WELL AT KOTHAPURINATHAM THIRUVANDARKOIL,596,Viluppuram,Viluppuram,11.930541,79.661783,2018-03-15 08:30:00,,55.68412682180151,4.203127915295039,595.0792730449946,7.740419759442244,,161.41856863202182,,,0.03385103643121557,137.81656039135336,,19.260158329881474,,1.445876493366376,,,,,2018,3
397,397,WELL AT MUSIRI TAMIL NADU,591,Tiruchirappalli,MUSIRI,10.954883,78.443933,2018-03-15 08:30:00,2.7127908274618293,139.29921987253834,6.483081240911994,436.21739113319927,7.019447102977649,,239.84959122091772,,,,121.94034464189474,,16.08878020709958,,1.26760411655429,,,,,2018,3
398,398,WELL AT VADAMATTAM KARAIKAL,589,Tiruvallur,TIRUVALLUR,10.963617,79.678261,2018-03-15 08:30:00,0.05,127.43833972235277,7.243686541643442,40.0,7.664535149661981,,123.09260565484688,,,,139.03409322796023,,23.23377546852646,,0.8252031093117473,,,,,2018,3
399,399,YERCAUD LAKE SALEM TAMILNADU,584,Salem,YERCAUD,11.783642,78.211153,2018-03-15 08:30:00,0.40092619234413507,162.47805295712723,6.330021696787847,706.6015200472355,7.708515385834287,,140.28997773697438,,,0.7305595588427907,62.52631602593204,,43.6284971617296,,0.01,,,,,2018,3
400,400,ALWARTHIRUNAGARI - VETERINARY DISPENSARY WEST CAR STREET NEAR OVER HEAD TANK OF BORE WELL,594,Thoothukudi,Thoothukudi,8.605592,77.944361,2018-04-15 08:30:00,0.3139493661305396,141.49748218437347,6.998660889769077,389.2750173177747,7.095264393056018,,117.83126744953458,,,0.014387774236997653,30.39437292572792,,22.21045857212826,,0.36277012281151866,,,,,2018,4
401,401,AMRAVATI AT 1KM D/S FROM EFF.DIS. PT. AT MADHUTHUKKULAM,572,Dindigul,PALANI,10.541244,77.368656,2018-04-15 08:30:00,0.14152285686224447,228.80927201442503,5.873442115976009,1126.9092814397109,7.46612088427401,,197.46510655701738,,,,60.679754282507055,,16.73936491926655,,0.2043659999322217,,,0.01,,2018,4
402,402,ARIYAPPAMPALAYAM SATHYAMANGALAM,573,Erode,SATHYAMANGALAM,11.488793,77.241248,2018-04-15 08:30:00,0.7064518141577381,86.85018706358528,7.2366396153689365,286.1966811135336,7.662859168168466,,120.08095080609263,,,,133.24473739097132,,45.965154201924335,,1.5560834038661653,,,,,2018,4
403,403,AUTHOR - MUKKANI AGRAGARAM STREET INFRONT OF THIRU N. SAMUTHRAPANDI HOUSE BORE WELL,594,Thoothukudi,Thoothukudi,8.634908,78.07465,2018-04-15 08:30:00,0.17949440828591753,86.1828432245832,7.099960030711819,494.22329575590373,7.208875002737576,,166.95401832478848,,,,57.26757017643328,,39.57814716737337,,1.7996653946461243,,,,,2018,4
404,404,BAHOUR LAKE,570,Cuddalore,CUDDALORE,11.819442,79.729208,2018-04-15 08:30:00,,42.66136654844402,5.7111034475469395,394.0860424126331,7.397702940995631,,130.38804420538963,,,,67.7200248731676,,41.801898816498216,,2.167145711762056,,,,,2018,4
405,405,BHAVANI AT BHAVANI SAGAR TAMILNADU,573,Erode,SATHYAMANGALAM,11.485294,77.134603,2018-04-15 08:30:00,1.4537801610354006,27.7206059212173,7.613894829613189,340.7630181939668,7.6900333212403815,,118.23487720306129,,,0.04794104551643432,64.2698944455519,,58.85496962786668,,1.4142749102930665,,,,,2018,4
406,406,BHAVANI AT BHAVANI TAMILNADU,573,Erode,BHAVANI,11.454094,77.679567,2018-04-15 08:30:00,0.1094798216995304,149.2727470331862,7.70198420405252,645.9148790820032,7.589433587207332,,112.57405834617741,,,0.31834084364519866,119.60979801375768,,49.57922264034514,,1.2783309900869135,,,,,2018,4
407,407,BHAVANI AT D/S OF BHAVANISAGAR SATHYAMANGALAM ERODE TAMILNADU,573,Erode,SATHYAMANGALAM,11.503881,77.247036,2018-04-15 08:30:00,,10.0,6.328089301562969,691.2403660106559,6.819247360124202,0.009242862882599038,264.178066402737,0.01,,0.04258228302721536,66.60941536678095,,44.78103490169257,,2.427585681435612,,,,,2018,4
408,408,BHAVANI AT D/S OF KALINGARAYAN CANAL (B10) ERODE TAMILNADU,573,Erode,BHAVANI,11.438223,77.681462,2018-04-15 08:30:00,,215.94694247426008,8.040054998055982,935.2165050183911,6.773308058997536,0.00625195782210051,239.02624272306687,,0.02,0.2067584721626645,125.95105206483265,,27.738121424815557,,0.19274749925540302,,,,,2018,4
409,409,BHAVANI AT PATHIRAKALIAMMAN KOIL TAMILNADU,589,Tiruvallur,TIRUVALLUR,11.469259,77.296165,2018-04-15 08:30:00,0.2239546946787659,37.61505211665239,7.103708442348496,379.8753706458507,7.37681468216391,,203.17855822744906,,,0.1461426422390215,58.77249122154225,,30.757197592579967,,1.1013247487631115,,,,,2018,4
410,410,BHAVANI AT SIRUMUGAI TAMILNADU,569,Coimbatore,Mettupalayam,11.319948,77.011429,2018-04-15 08:30:00,0.6665214440600457,43.8463887816626,8.07046001470674,40.0,7.150714153140149,,20.0,,,,64.57205545960942,,55.53553788099343,,1.551254844712136,,,,,2018,4
411,411,BHAVANI AT U/S OF KALINGARAYAN CANAL (B5) ERODE TAMILNADU,573,Erode,ERODE,11.442818,77.676045,2018-04-15 08:30:00,,197.66438820297623,6.837155985398119,858.7443272128148,7.465208586198907,,154.8594560055436,,,,205.5884683720884,,46.278706399926115,,1.2672851903107925,,0.005254310358730866,,,2018,4
412,412,BOREWELL AT PASUPATHY PUDUR VILLAGE PALANI TALUK DINDIGUL DIST.,572,Dindigul,PALANI,10.448726,77.517259,2018-04-15 08:30:00,,124.42100767032142,8.638945059868778,91.27741550559313,7.540692946043295,,219.11268941773895,,,,78.10679373101736,,10.51901622048318,,0.6344761766899223,,,,,2018,4
413,413,BORE WELL AT VANNIARVALASU VILLAGE NEAR ELEMENTARY SCHOOL THOPPAMPATTI PANCHAYAT UNION PALANI TALUK,572,Dindigul,PALANI,10.576266,77.529657,2018-04-15 08:30:00,,108.6776290129722,7.085329785301206,288.4686691663717,7.871817192972767,,235.01608601293992,,,0.6338527469321787,85.35134619592591,,30.72170029470228,,2.478657446112827,,,0.07777309800773884,,2018,4
414,414,BOREWELL LOCATED AT M/S. PHOENIX TEXTILE PROCESSORS VENDIPALAYAM ERODE,573,Erode,ERODE,11.327414,77.745903,2018-04-15 08:30:00,0.26475220964260504,135.1362642779388,6.424861017664493,345.68016744280726,7.700017727386374,,164.2258503372109,,0.02,,10.0,,5.0,,0.01,,0.010906805127395166,0.023489786258445375,,2018,4
415,415,BOREWELL NEAR KAMBARASAMPETTAI INTAKE WELL (TRICHY UPSTREAM),591,Tiruchirappalli,TIRUCHIRAPPALLI,10.787066,78.690243,2018-04-15 08:30:00,0.1969082473515262,122.38935386062604,7.581795839771279,346.76591571421574,7.504618978288716,,58.993811051063574,,,0.023067817425607966,121.66272722577207,,72.03089356989219,,0.994245564314855,,,,,2018,4
416,416,BOREWELL NEAR THOGUR INTAKE WELL (TRICHY DOWNSTREAM),591,Tiruchirappalli,TIRUCHIRAPPALLI,10.786916,78.690657,2018-04-15 08:30:00,,118.23721087965836,7.785296600483366,40.0,7.77262646670199,,165.99907782649163,,,0.01540563397040612,114.16254580009458,,41.32097841728751,,2.097489203835402,,,0.03990961025428199,,2018,4
417,417,CAUVERY AT 1KM. D/S OF BHAVANI RIVER CONFL. TAMILNADU,573,Erode,BHAVANI,11.445663,77.677626,2018-04-15 08:30:00,0.8611253466875581,88.83657643334772,4.117203973035728,656.7957799804204,7.45825787080634,,147.07995207419978,,,1.1135540107306792,10.0,,12.501992397697222,,0.18369642303327627,,,,,2018,4
418,418,CAUVERY AT COLEROON TAMILNADU,579,Nagapattinam,NAGAPATTINAM,11.326822,79.702981,2018-04-15 08:30:00,0.49552014685186896,10.0,6.236396657178847,584.0957299458922,6.869484428915754,,187.55933044836047,,,0.030469025993497417,86.65149822349757,,53.66886017584838,,1.3606760744925677,,,,,2018,4
419,419,CAUVERY AT ERODE NEAR CHIRAPALAYAM TAMILNADU,573,Erode,ERODE,11.335795,77.753762,2018-04-15 08:30:00,1.1036736638385451,86.07169475327208,6.765791968559399,469.0146415992593,6.619938725883716,,183.08438014814078,,,0.140680289641884,55.582043184318266,,34.521108109334335,,1.5935324305211094,,0.0021225570100557,,,2018,4
420,420,CAUVERY AT KOMARAPALAYAM NAMAKAL TAMILNADU,580,Namakkal,Tiruchengode,11.423503,77.685261,2018-04-15 08:30:00,,130.38655330304258,5.503739937329273,518.8845890862561,6.8256488357180585,,134.96167363611272,,,0.3634841226289441,87.30408904020966,,22.90638660409109,,1.845092339726167,,,,,2018,4
421,421,CAUVERY AT KUMBAKONAM THANJAVUR TAMILNADU,586,Thanjavur,KUMBAKONAM,10.968137,79.378248,2018-04-15 08:30:00,0.5846306757599906,184.44750679961408,7.773433131531899,457.1499698353296,7.6174961722637615,,103.13039500606742,,,,94.86885554794425,,17.08465951177083,,1.2603341940899682,,,,,2018,4
422,422,CAUVERY AT MAYILADUTHURAI NAGAPATTINAM TAMILNADU,579,Nagapattinam,Mayiladuthurai,11.104894,79.651871,2018-04-15 08:30:00,,10.0,6.485104136569286,178.60504671210072,7.690267034952049,,296.20056950782947,,,0.03499787687854567,55.60785171158566,,5.179534647927376,,1.799211164059305,,,,,2018,4
423,423,CAUVERY AT METTUR,584,Salem,METTUR,11.796255,77.806971,2018-04-15 08:30:00,1.1205786949023768,53.639395289438596,7.232448439670343,438.8981295713756,7.107357944062058,,230.01542588068435,,,0.17756267144849125,71.517700558215,,37.48249737652508,,1.6708006290089559,,,,,2018,4
424,424,CAUVERY AT MOHANUR NEAR PATTAIPALAYAM TAMILNADU,580,Namakkal,NAMAKKAL,11.064392,78.120358,2018-04-15 08:30:00,1.391419138875724,67.27685800890839,7.37472943348454,297.68282966856526,7.615778396600724,,220.23104249185076,,,0.01,126.35524219696833,,27.665718068751172,,0.7407194597731213,,,,,2018,4
425,425,CAUVERY AT MUSIRI,591,Tiruchirappalli,MUSIRI,10.955345,78.443949,2018-04-15 08:30:00,,199.19592319748338,5.087993805115924,427.5307271870457,7.759126943008554,,211.4783115269007,,,0.17468240427444376,83.43054105205024,,5.0,,0.2222591478791901,,,,,2018,4
426,426,CAUVERY AT PALLIPPALAYAM,580,Namakkal,Tiruchengode,11.368215,77.741107,2018-04-15 08:30:00,0.10093858235765053,172.01779147255547,5.690851648898141,1011.2583355505825,6.5311161773361475,,285.31244550752973,,,,45.318257568914646,,25.033487243561495,,0.4948600750661174,,,,,2018,4
427,427,CAUVERY AT PETTAIVAITHALAI TRICHY TAMILNADU,591,Tiruchirappalli,SRIRANGAM,10.906389,78.489697,2018-04-15 08:30:00,1.2807643991958673,10.0,7.809160009423303,791.8361102392897,6.47280063316591,,196.98790140864665,,,0.3363488105802646,53.50098780448981,,9.901597999953808,,1.5680434731571553,,,,,2018,4
428,428,CAUVERY AT PITCHAVARAM TAMILNADU,570,Cuddalore,CHIDAMBARAM,11.418828,79.772375,2018-04-15 08:30:00,,116.69658503941737,8.577403558120759,310.2098263496779,6.986910752925169,,135.65364083985793,,,0.3455746062841821,11.137078087823312,,27.284218515502403,,1.6448176774738326,,,,,2018,4
429,429,CAUVERY AT PUGALUR KARUR TAMILNADU,576,Karur,KARUR,10.974467,78.180075,2018-04-15 08:30:00,0.07448677097861511,181.660016769503,5.8878070236197395,482.8803397259281,7.251151296789627,,242.04270807430674,,,,131.39359865553376,,25.892608418218604,,3.1053708253860366,,,,,2018,4
430,430,CAUVERY AT THANJAVUR TAMILNADU,610,Ariyalur,Sendurai,11.34,79.24,2018-04-15 08:30:00,0.7756128376952559,160.3430282707418,6.979181122062957,529.2865469039776,7.321117461543195,,141.97435055474583,,,,64.44397493404628,,13.418874836110234,,1.4327717841099543,,,,,2018,4
431,431,CAUVERY AT THIRUMUKKUDAL-CONFL. PT.OF R. AMRAVATI TAMILNADU,576,Karur,KARUR,11.050024,78.120645,2018-04-15 08:30:00,0.08937681080563677,153.26694690288485,5.212006361332525,355.6534563666639,8.7210460560475,,251.8449041411763,,,0.18593770803598053,157.30434031077053,,44.11083779829282,,1.6801703725954222,,,,,2018,4
432,432,CAUVERY AT TIRUCHIRAPPALLI D/S TAMILNADU,591,Tiruchirappalli,SRIRANGAM,10.766809,78.665272,2018-04-15 08:30:00,0.18691314775273107,133.42505957406314,6.17677747432789,274.8081380275062,7.704415400947869,,156.77551408607331,,,,83.92995017703447,,61.21391249563253,,2.465170978786663,,,0.22658358590423236,,2018,4
433,433,CAUVERY AT TIRUCHIRAPPALLI U/S TAMILNADU,591,Tiruchirappalli,TIRUCHIRAPPALLI,10.833263,78.718224,2018-04-15 08:30:00,,76.91410613627006,7.008667378932783,237.52782076992895,7.768717970662733,,68.77616760131863,,,,52.29270413579465,,14.591053577485624,,0.8265929504388475,,,,,2018,4
434,434,CAUVERY AT TRICHY GRAND ANAICUT TAMILNADU,586,Thanjavur,Thiruvaiyaru,10.830327,78.81177,2018-04-15 08:30:00,,143.1091957615749,5.601104940018461,551.4707085890645,6.5113980974358014,,267.70561741173464,,,,58.66360259526637,,43.32417175028828,,0.5879501336712593,,,0.02828248840364063,,2018,4
435,435,CAUVERY AT URRACHIKOTTAI ERODE TAMILNADU,580,Namakkal,Tiruchengode,11.354178,77.750436,2018-04-15 08:30:00,,10.0,7.661723196531851,529.4169381581579,7.56246131531424,,208.13767605438517,,,0.01,105.58686217552918,,28.216921769061912,,2.8915318674470347,,,,,2018,4
436,436,CAUVERY AT VAIRAPALAYAM NAMAKAL TAMILNADU,580,Namakkal,Tiruchengode,11.361583,77.742411,2018-04-15 08:30:00,,228.58723733969396,5.204539506032685,510.9387944939676,7.704743834607583,,271.8286252588171,,,0.34201317821429306,129.83393774591235,,25.56291062762218,,1.8581738996003512,,,,,2018,4
437,437,CAUVERY AT VELORE NEAR KATTIPALAYAM TAMILNADU,580,Namakkal,Paramathivellur,11.18,78.01,2018-04-15 08:30:00,0.05615133620209625,164.98002265357758,4.258397735995107,893.0137618128986,7.226733438908201,,106.46478488085768,,,,96.3622628211948,,39.636349476005506,,1.8115825762446323,,,,,2018,4
438,438,CHENNAI-1 NESAPAKKAM (ZONE-IV),568,Chennai,CHENNAI,13.035832,80.193265,2018-04-15 08:30:00,,10.0,5.603782089209498,869.6055240138417,7.838230815766919,,130.7677527289406,0.01,,0.105626087134884,77.79276674508523,,59.68654607853661,,0.9918597201635246,,,,,2018,4
439,439,CHENNAI-2 PERUNGADI(ZONE-V),574,Kancheepuram,KANCHEEPURAM,12.9566,80.23435,2018-04-15 08:30:00,,210.5262761231619,5.341668392480531,434.2516362474506,7.478828727189051,,127.70181369757294,0.01,,,12.378334818986545,,44.66556254498734,,0.01,,0.008493687697106218,,,2018,4
440,440,CHENNAI-3KODUNGAIYUR (ZONE I&II),568,Chennai,CHENNAI,13.138808,80.260799,2018-04-15 08:30:00,0.6065349951167526,66.48991724455897,6.13895354553017,650.6029912729415,7.266324256457266,,157.08974780640986,,,,55.209721790406505,,29.053230859862406,,1.5480626705486877,,,0.01,,2018,4
441,441,CHENNAI-4 KOYAMBEDU (ZONE-III),568,Chennai,CHENNAI,13.0642,80.200156,2018-04-15 08:30:00,0.21701585900274065,122.72236690773448,3.858507831858898,40.0,7.276338962861291,,208.15918932204397,,0.02,,91.70280423203961,,55.920672755102004,,1.691016684631927,,,,,2018,4
442,442,CHENNAI WATERWAYS AT BUCKINGHAM CANAL (ICE HOUSE),568,Chennai,CHENNAI,13.050823,80.278958,2018-04-15 08:30:00,,10.0,5.386936003025927,408.1470142290925,7.4278475087992115,0.001,157.22804453264993,,,,65.44455523825235,,63.60092591199349,,2.2905831801058003,,,,,2018,4
443,443,CHENNAI WATERWAYS AT BUCKINGHAM CANAL (TIDAL PARK),568,Chennai,CHENNAI,12.988133,80.25192,2018-04-15 08:30:00,0.31151743188230363,10.0,7.3876105617414005,1015.8389698488932,7.594234233336919,,138.21520705708267,,,0.0233057669310997,61.54339404444906,,23.844101691430204,,1.6869884712995336,,0.02344591752280767,,,2018,4
444,444,CHENNAI WATERWAYS AT BUCKINGHAM CANAL X OTTERI NULLAH CONFLUENCE (GMR VASAVI INDUSTRIES),568,Chennai,CHENNAI,13.10524,80.271091,2018-04-15 08:30:00,0.6028919845964567,132.93588213638023,3.8864387213663747,296.1288011728767,6.801182690901084,0.01582272639643306,191.20064332949104,,,,28.557726757356725,,49.4567853670524,,1.2822868623458672,,,,,2018,4
445,445,CHENNAI WATERWAYS AT CAPTAIN COTTON CANAL (ERUKANJERI),568,Chennai,CHENNAI,13.126266,80.256935,2018-04-15 08:30:00,0.12853972841911687,167.3982387296573,4.99543420747999,450.8744904337801,7.537503972960673,0.0015434227649102688,125.76515264870562,,,,121.35249645399875,,27.656513394177445,,1.3664440254592434,,0.0023052990181889068,0.2684305717168057,,2018,4
446,446,CHENNAI WATERWAYS AT CC X BC CONFLUENCE (KODUNGAIYUR),568,Chennai,CHENNAI,13.136803,80.249192,2018-04-15 08:30:00,1.3593831541819417,24.767381146040776,5.085070142764582,457.45859921011424,7.143358669496091,,173.16931047352296,,,0.01,77.89616020965045,,46.80605848017649,,1.9407800805716935,,,,,2018,4
447,447,CHENNAI WATERWAYS AT MAMBALAM DRAIN (GOLF COURSE),568,Chennai,CHENNAI,13.022221,80.233657,2018-04-15 08:30:00,,148.76287548142952,7.45201918842327,542.086034918054,6.808623158402824,0.004777079176162458,140.59061893448296,0.01,,,57.095341975637744,,17.82701982611742,,0.01,,,,,2018,4
448,448,CHENNAI WATERWAYS AT MAMBALAM DRAIN (USMAN ROAD),568,Chennai,CHENNAI,13.028381,80.227747,2018-04-15 08:30:00,,81.4182231838787,7.8679701374006115,427.6571951920386,8.299657863350076,,255.568551207205,,,,28.582911847030815,,54.54478374611742,,2.2704217302255363,,0.0064468252845453775,,,2018,4
449,449,CHENNAI WATERWAYS AT OTTERI NULLAH (KILPAUK GARDEN),568,Chennai,CHENNAI,13.086538,80.234507,2018-04-15 08:30:00,,186.0999538138259,5.800535934348758,535.6553267283421,7.830755213486909,0.0032101157813758693,135.9634380726597,,,0.01,63.71310175026217,,41.93851526822514,,1.2687659104137723,,,,,2018,4
450,450,CHENNAI WATERWAYS AT OTTERI NULLAH (ORIGIN),568,Chennai,CHENNAI,13.099796,80.196273,2018-04-15 08:30:00,,122.94262665393879,7.040735659317666,468.21003883279366,8.281926764635104,0.0022485084001704274,235.8863148213613,,,,90.36665663983374,,42.71015691189305,,0.01,,,,,2018,4
451,451,COLLECTOR WELL AT THIRUPUVANAM FOR MADURAI WAT. SUPPLY SCHEME TAMILNADU,585,Sivaganga,Sivagangai,9.826111,78.257297,2018-04-15 08:30:00,1.0809287220050598,247.95767520910317,5.717989853412301,40.0,7.34215416803662,,219.99054884244845,,,0.09031715315998906,91.61614641198817,,10.123683763536121,,1.7625140337760032,,,,,2018,4
452,452,ERAL - CHARMAM ARUNACHALA SWAMY TEMPLE WEST OF BORE WELL,594,Thoothukudi,Thoothukudi,8.621439,78.016285,2018-04-15 08:30:00,0.05,57.2403142088372,6.374914424602358,276.9025354827953,6.851366377505663,,244.41710974949046,,,,74.91696136360106,,47.09662902179795,,2.6394008365489565,,,0.1455723140479457,,2018,4
453,453,ERODE-1,573,Erode,ERODE,11.333111,77.747343,2018-04-15 08:30:00,1.2043619994647967,67.07668459877665,4.696555269581133,285.8927321753677,6.842196971263893,,133.90959122316787,,,,50.74605926875184,,23.990592739497934,,1.8027355708019446,,,0.3208731146793607,,2018,4
454,454,ERODE-2,573,Erode,ERODE,11.338655,77.74513,2018-04-15 08:30:00,,119.33103111007514,8.061129815638038,322.9248720697213,7.6076411748313335,,188.90093130507685,,,0.22093646934678637,102.62078425523664,,18.458555821013995,,1.1771584123714542,,0.0030783996656314552,,,2018,4
455,455,HOUSE OF THIRU MURUGAN S/O. ESAKKI NO.16B MEENAKSHIPURAM ANNA NAGAR TIRUNELVELI,592,Tirunelveli,TIRUNELVELI,8.727206,77.709638,2018-04-15 08:30:00,0.44951967906336443,152.52976273781394,8.093668266784361,235.9918063127998,7.1786193928087325,,227.9007854910226,,,0.16531374491787995,82.45705843255514,,8.883297959997964,,1.0618966925673323,,,,,2018,4
456,456,KAKKADAVU KERALA,569,Coimbatore,POLLACHI,10.742228,77.060508,2018-04-15 08:30:00,0.05,99.82772273251402,6.183517954842382,537.6086093124646,7.494461990292571,,197.29028458712284,,,,67.12209089669338,,41.07253519424359,,2.814461906174256,,,,,2018,4
457,457,KARUR,576,Karur,KARUR,10.955411,78.055554,2018-04-15 08:30:00,0.4881176510770014,33.3011704047867,5.1527160495575846,884.6618909759814,7.184966421784171,,119.7893973788432,,,0.10222120375190395,96.881578835195,,12.061067579559484,,1.20557137875355,,,,,2018,4
458,458,KODAI KANAL LAKE TAMILNADU,572,Dindigul,KODAIKANAL,10.233619,77.485653,2018-04-15 08:30:00,,243.2259183855909,3.213031752635033,710.9520042893057,7.110046879840107,,160.95362202020738,,,0.4513201752537765,54.84551545236154,,41.88776392659485,,0.757458203722184,,,,,2018,4
459,459,KOMBUPALLAM SATHYAMANGALAM,573,Erode,SATHYAMANGALAM,11.509621,77.230116,2018-04-15 08:30:00,1.5027108770429616,156.71952013394326,6.167993873937026,474.9467662326717,7.584247338789014,,172.23098599456645,,,,76.44499329781445,,52.46569163218906,,1.049438048981743,,,,,2018,4
460,460,KUMBAKONAM,586,Thanjavur,THANJAVUR,10.78627,79.15819,2018-04-15 08:30:00,,261.32094402621067,6.545235887748707,595.0969233096105,7.804401122152629,,186.98687532748067,,,,64.56043319217092,,5.0,,2.030884855367053,,,,,2018,4
461,461,LOCATED ADJACENT TO KARU MSW DUMP SITE AND ON THE NORTHERN BANK OF RIVER AMARAVATHI AND DOWNSTREAM,576,Karur,KARUR,10.951185,78.035374,2018-04-15 08:30:00,0.6634791566226169,83.56316929230329,6.708561397852806,888.6498466311709,7.3618134297547915,,86.24448615218064,,,,109.48960059627656,,42.165706028359054,,1.159864585892894,,,0.014222516272016773,,2018,4
462,462,LOCATED ON THE SOUTHERN BANK OF RIVER AMARAVATHI AND DOWNSTREAM SIDE OF KARUR DYEING CLUSTER,576,Karur,KARUR,10.917543,78.009517,2018-04-15 08:30:00,0.06586171659090695,143.87614511851518,7.5377893261892135,483.3086705493812,7.066779452150529,,233.02742697080888,,,0.5523207560114729,168.38851684924066,,16.85758948229229,,0.5739211220651287,,0.007304834303530148,,,2018,4
463,463,MADUKARAI,596,Viluppuram,Viluppuram,11.871427,79.603728,2018-04-15 08:30:00,,195.09120181431558,8.381818915432792,768.5152120607305,7.126594043699201,,186.22405641093826,,,,79.76296779495495,,55.30831609883907,,1.0591100528321098,,,,,2018,4
464,464,MAYILADUTHURAI,589,Tiruvallur,TIRUVALLUR,10.812621,79.608435,2018-04-15 08:30:00,0.15965001869851644,139.3706524539221,7.547819768934327,363.9969269045572,7.276428953065803,,179.08924416459254,,,,56.79271903898285,,46.85865154791016,,1.3994962261821215,,,,,2018,4
465,465,M. KALIAPPAN SANGILIMUNIYAPPAN KOVIL ERIKKADU METTUR,584,Salem,Sankari,11.478265,77.881114,2018-04-15 08:30:00,0.4218370657873247,179.6357825645546,7.370619366530454,485.95498732916906,7.0727054503239755,,20.0,,,,132.19653641702797,,72.26047488460895,,1.2307987885562177,,,0.07803629128454571,,2018,4
466,466,MUNICIPAL CORPORATION BORE WELL LOCATED IN PERUMALPURAM STREET NARANAMMALPURAM TIRUNELVELI,592,Tirunelveli,PALAYAMKOTTAI,8.698363,77.738123,2018-04-15 08:30:00,,92.65425438030915,5.901639325053859,240.73943851464966,7.561882538807055,,183.58689898385123,,,0.15234714812505587,62.43215280558054,,8.107319720784488,,0.39445811124388463,,,,,2018,4
467,467,OVER HEAD TANK AT TIRUR VILLAGE TIRUVALLUR TALUK TIRUVALLUR PANCHAYAT UN,589,Tiruvallur,TIRUVALLUR,13.106545,79.960588,2018-04-15 08:30:00,2.146477441678304,36.22739450477883,4.4042399293051595,522.9624867676678,7.430767204685447,,219.2970384057551,,,0.029138431958362035,69.00400039562734,,21.586980134287693,,2.5688230473526303,,,0.05505337030708926,,2018,4
468,468,PALAR AT VANIYAMBADI WATER SUPPLY HEAD WORK TAMILNADU,595,Vellore,VANIYAMBADI,12.679231,78.595417,2018-04-15 08:30:00,0.3415485267443576,71.69128550104362,6.239409431435772,462.84146397993703,7.38852764213666,,23.565567082124687,,,0.5900062507767617,123.9490492340947,,40.378360045791716,,0.9254352585255698,,,,,2018,4
469,469,PARAMASIVAM WATER SERVICE STATION BLOCK NO.13 BSNL EXCHANGE OPPOSITE METTUR DAM - 636 402.,584,Salem,METTUR,11.803279,77.804723,2018-04-15 08:30:00,0.18496363879219624,92.34669002591978,6.820678341018516,478.29831194397394,6.588507235840076,,190.77603337632985,,,0.09665939885000098,99.47047968415401,,40.756574784318516,,1.0931903016925275,,,,,2018,4
470,470,PERUR CHETTIPALAYM PANCHAYAT LOCATED ADJACENT TO NOYYAL RIVER AT PERUR-VEDAPATTY ROAD (OPP VINAYGAR,573,Erode,ERODE,11.128875,77.39572,2018-04-15 08:30:00,,71.69293620054506,8.566586117369834,281.2451598119339,7.204756941659365,,88.88953980835176,,,0.2565122266322668,10.0,,30.849444826574967,,0.8416309292400199,,,,,2018,4
471,471,POONDI LAKE AT THIRUVALLUR TAMILNADU,589,Tiruvallur,TIRUVALLUR,13.169731,79.888236,2018-04-15 08:30:00,,97.50996120895309,6.27146457688494,323.7018330408007,7.860278662197844,,285.9020158907437,,,0.05824287237486155,59.874250433232866,,36.780808166519904,,1.6634774078054206,,,,,2018,4
472,472,PORUR LAKE AT THIRUVALLUR TAMILNADU,589,Tiruvallur,TIRUVALLUR,13.033945,80.148344,2018-04-15 08:30:00,,136.1824326096975,6.940095689470708,365.5475569072278,6.603927363317271,,106.7699963502152,,,0.03453877606352644,83.18982792142654,,12.804176509732606,,1.18568401839332,,,,,2018,4
473,473,PULICATE LAKE AT THIRUVALLUR TAMILNADU,589,Tiruvallur,TIRUVALLUR,13.427023,80.292679,2018-04-15 08:30:00,,188.25612360412435,6.102282354462196,335.89332168333374,7.656689528012358,,218.74833344519755,,,0.010021177311788953,45.74696253930141,,9.713295009304876,,1.2235444733420417,,,,,2018,4
474,474,REDD HILLS AT THIRUVALLUR TAMILNADU,589,Tiruvallur,TIRUVALLUR,13.193092,80.172867,2018-04-15 08:30:00,,10.0,6.40410985680494,495.11657463161856,7.681895602604275,,167.6818511225976,,,0.06059555220249344,112.90347881356796,,19.950349936046724,,2.7107495516914053,,,0.2850514882534567,,2018,4
475,475,RIVER ADYAR AT EKKATTUTHANGAL,574,Kancheepuram,KANCHEEPURAM,13.026747,80.192542,2018-04-15 08:30:00,0.431172804674412,18.03847141541044,6.828234525370116,636.811373305082,6.416978269226687,,183.8539057968241,,,,148.9370582143136,,19.606285118400383,,1.7429940813749951,,,,,2018,4
476,476,RIVER ADYAR AT JAFERKHANPET,574,Kancheepuram,KANCHEEPURAM,13.02849,80.20247,2018-04-15 08:30:00,2.516994064167091,155.45904784681704,6.185958807420996,412.2292829787578,8.232974379582394,,135.4678832698999,,,0.05488315677119082,34.73410997483807,,38.03324124200173,,1.19615585093817,,,0.12190649073820202,,2018,4
477,477,RIVER ADYAR AT KOTTURPURAM BRIDGE,568,Chennai,CHENNAI,13.025906,80.243554,2018-04-15 08:30:00,0.6728589148653371,215.33902686571423,3.89147731470321,435.102216582405,8.260727082637935,,20.0,,,0.026200230892627012,33.358417006003165,,40.91425729419175,,1.1003820604489083,,,,,2018,4
478,478,RIVER ADYAR AT MARAIMALAI BRIDGE,574,Kancheepuram,KANCHEEPURAM,13.02724,80.208104,2018-04-15 08:30:00,0.2361974731637475,134.09203615101538,7.320995850330745,270.7536793788194,6.3041094506977,,160.10718446473484,,,,86.34876219604213,,39.83468445879736,,0.20014372832850857,,,0.03372351771227728,,2018,4
479,479,RIVER ADYAR AT NANDAMBAKKAM,574,Kancheepuram,KANCHEEPURAM,12.965867,80.109983,2018-04-15 08:30:00,0.2711675839420149,143.28054899710514,5.364469241923963,61.82140210927713,8.237565818291237,,229.9525930042395,,,,111.9050304348781,,66.87270171320839,,1.4509122939262562,,,,,2018,4
480,480,RIVER ADYAR BEFORE GOLF COURSE,574,Kancheepuram,Tambaram,12.938473,80.094802,2018-04-15 08:30:00,,91.89823703114835,8.739013462742324,93.61273103385679,6.7445354120332865,,278.18524814724583,,,,10.247877668701179,,42.478552727112486,,1.1525060390148765,,,,,2018,4
481,481,RIVER ADYAR NEAR BOAT CLUB,568,Chennai,CHENNAI,13.023184,80.247552,2018-04-15 08:30:00,0.657581393801814,10.0,5.325693932013615,146.04982193801214,7.675549496301131,,141.14482353937075,,,,72.96078750427112,,23.6341335053027,,0.01,,,,,2018,4
482,482,RIVER CAUVERY AT BHAWANI D/S,573,Erode,ERODE,11.422026,77.679686,2018-04-15 08:30:00,,64.18248768814041,5.780214327299526,305.43030829882724,7.144982701375227,,151.009378807668,,,0.10375034118282153,59.57835604737774,,38.74980515526066,,0.6772296834201542,,,,,2018,4
483,483,RIVER CAUVERY AT ERODE U/S,573,Erode,ERODE,11.369068,77.727294,2018-04-15 08:30:00,4.090036058595341,145.70331766059104,6.956933685638062,270.1702104288453,6.671989723783098,,284.43419561123005,,,0.1296749166795575,111.8917363216161,,7.991422115065969,,0.01,,,0.04593335062666051,,2018,4
484,484,RIVER CAUVERY AT KARUR U/S,576,Karur,KARUR,11.008673,78.159341,2018-04-15 08:30:00,,200.53840569816518,4.675655849311268,549.211779650825,6.770414707316986,,261.1135564724806,,,,86.50167365947286,,54.65249610334362,,0.01,,,,,2018,4
485,485,RIVER CAUVERY AT KUMARAPALAYAM U/S,580,Namakkal,Tiruchengode,11.427111,77.686922,2018-04-15 08:30:00,0.5486916933963984,32.16091460641621,5.690145804283859,409.5786795513029,6.504583016540384,,172.66119223386562,,,0.028952593408077577,53.60495014569494,,66.90844989619848,,0.01,,,,,2018,4
486,486,RIVER CAUVERY AT KUMBAKONAM D/S,586,Thanjavur,KUMBAKONAM,10.964811,79.351278,2018-04-15 08:30:00,0.23755435243618395,32.076419875610185,4.25187043525446,592.0958924606964,7.759032815621963,,192.09746569970213,,,0.6664223098120876,110.76495071400436,,36.47579864884495,,2.201826929565312,,,0.5400042439159688,,2018,4
487,487,RIVER CAUVERY AT MAYILADUTHURAI D/S,579,Nagapattinam,Mayiladuthurai,11.105488,79.647969,2018-04-15 08:30:00,,56.31486898234928,6.983929475644606,237.32558404541484,7.931445457387553,,20.0,,,0.22009545035256003,151.9376754249194,,42.95144125479603,,1.2823339124185897,,,,,2018,4
488,488,RIVER CAUVERY AT PALLIPALAYAM D/S,580,Namakkal,Tiruchengode,11.365347,77.741652,2018-04-15 08:30:00,0.3002102940218373,10.0,7.4256821538845195,450.2441878312045,6.8056047400802075,,242.52024036280113,,,,60.954937893246125,,55.986497364594015,,1.5943071774814959,,,,,2018,4
489,489,RIVER COOUM AT AMANJIKARAI,568,Chennai,CHENNAI,13.068081,80.231405,2018-04-15 08:30:00,0.3751302787118894,184.76755487775085,6.530462333566726,292.3538325466968,7.461468828014939,,244.3604303200512,,,0.14927700118342183,80.0745425859093,,45.846444823610135,,1.6247154513727595,,,,,2018,4
490,490,RIVER COOUM AT ANNA NAGAR,568,Chennai,CHENNAI,13.07865,80.207011,2018-04-15 08:30:00,1.5144699725688906,183.61494893132163,7.57424628202235,582.6521027570775,8.858062616886563,,204.45332822743944,,,,85.10009201268491,,67.56320147559939,,0.5843252283981542,,,0.01,,2018,4
491,491,RIVER COOUM AT ARUMBAKKAM,568,Chennai,CHENNAI,13.074866,80.221849,2018-04-15 08:30:00,0.30086303952047216,68.91313398839759,3.9155233114502463,548.3359777421674,7.708636018373789,,226.73155109168215,,,,94.59430983397186,,43.75357988030399,,2.5226477097428246,,,,,2018,4
492,492,RIVER COOUM AT COLLAGE ROAD,568,Chennai,CHENNAI,13.070824,80.249921,2018-04-15 08:30:00,1.3509184222564568,74.46814410619729,6.9714962126578595,799.8887850862004,8.296116688287608,,183.0693561546692,,,,102.39764153471594,,27.90823973762383,,0.5623091470200153,,,0.023497162037662497,,2018,4
493,493,RIVER COOUM AT NAPIER BRIDGE,568,Chennai,CHENNAI,13.069423,80.284355,2018-04-15 08:30:00,0.24609096018239568,21.040087891035,5.032233422708692,517.5291650247558,7.822425627307172,,228.01272270922877,,,,43.98664437870189,,45.068071841498096,,0.9720701216980281,,,,,2018,4
494,494,RIVER COOUM AT POONAMALLE,589,Tiruvallur,TIRUVALLUR,13.065634,80.113691,2018-04-15 08:30:00,0.432230247217485,76.12806887133362,5.80477540059481,40.0,6.754089837804014,,165.84663001951245,,,0.5511093098258389,37.89925536373437,,39.07273969823855,,2.079589620266465,,,,,2018,4
495,495,RIVER COOUM NEAR CENTRAL JAIL,589,Tiruvallur,TIRUVALLUR,13.169913,80.21808,2018-04-15 08:30:00,,97.99028573959626,6.9790738315271925,998.2804796921511,7.512252925668533,,188.74338840093478,,,,127.86063742324154,,7.882387456572815,,0.9457912847860832,,,,,2018,4
496,496,RIVER LOCATIONS AT KUMARAPALAYAM,580,Namakkal,Tiruchengode,11.447221,77.691963,2018-04-15 08:30:00,0.05,79.01638829912226,4.213603457058878,290.76317624263254,7.083804014697508,,327.23144135111284,,,,60.361752259463245,,16.57284463255094,,1.3209848577334735,,,,,2018,4
497,497,RIVER TAMRABARANI AT TIRUNELVELI D/S,592,Tirunelveli,TIRUNELVELI,8.78198,77.79011,2018-04-15 08:30:00,0.9027163036957835,197.53844700895797,7.374014255683451,632.0957596115386,7.664885956908323,,333.98551378059057,,,0.11060230176544172,70.80925915364944,,36.968130374136365,,0.9768930900214642,,,,,2018,4
498,498,RIVER VAIGAI AT MADURAI D/S,578,Madurai,MADURAI SOUTH,9.92812,78.125036,2018-04-15 08:30:00,0.5174752386914563,188.3521600896576,7.724043808282508,370.11103770024283,8.019731421427053,,292.5205956750741,,,0.8359006574594663,87.98038375307091,,53.46137804970648,,1.4729726739936266,,,,,2018,4
499,499,RIVER VAIGAI AT MADURAI U/S,578,Madurai,MADURAI SOUTH,9.927433,78.121013,2018-04-15 08:30:00,0.05,116.85813544387398,7.22417365000158,250.25194302502442,8.444451798227812,,241.9465616715048,,,0.07415100200280127,39.98940440769361,,15.316418843725891,,1.8093377490360014,,,,,2018,4
500,500,RIVER VENNAR AT THANJAVUR D/S,586,Thanjavur,THANJAVUR,10.816856,79.140224,2018-04-15 08:30:00,,58.334495781704845,7.0433076224920335,825.612558103029,7.483236758782921,,112.84290293062188,,,,31.537259987403203,,59.0598324396617,,0.17731789695814038,,,,,2018,4
501,501,SAKTHI NAGAR NEAR MUNICIPALITY SEWAGE TREATMENT PLANT KOMPURANKADU METTUR,574,Kancheepuram,SRIPERUMBUDUR,13.00996,80.162403,2018-04-15 08:30:00,0.4845403440900822,67.4230633431128,8.39490734728545,164.69655362304593,7.5013663040727945,,172.91863033979644,,,0.01,79.57894924084516,,48.90166251993271,,0.5874037450349949,,,,,2018,4
502,502,SARABANGA AT SALEM D/S OF TEXTILE DYEING INDUSTRIES EFFLUENT TAMILNADU,584,Salem,SALEM,11.649094,78.148011,2018-04-15 08:30:00,0.14041040927638712,179.05897846529297,5.454568363990843,465.8737121007875,7.326783334293909,,186.56053152605546,,,0.020492004498590826,94.32171806117935,,22.07483389487124,,0.2853288071329113,,,,,2018,4
503,503,SRIVAIKUNDAM - BLOCK DEVELOPMENT OFFICE - OPEN WELL,594,Thoothukudi,Thoothukudi,8.625282,77.907778,2018-04-15 08:30:00,0.17037825536444878,205.10191870284615,6.925848563523256,258.8538627699453,6.87203943952355,,213.99408759643282,,,0.0759647217719271,54.52497484112966,,41.93845595060347,,0.4368887292693501,,,0.22239607267523837,,2018,4
504,504,SRIVAIKUNDAM - TNEB SUB STATION 33 KVA OPPOSITE TO TIRUNELVELI MAIN ROAD OPEN WELL,592,Tirunelveli,NANGUNERI,8.575329,77.769134,2018-04-15 08:30:00,,58.21457258217323,5.020908734461422,405.3002379434063,7.608018109004393,,275.3643110740454,,,,27.334194139567465,,49.88065353886665,,1.960205755094834,,,,,2018,4
505,505,SURIYAMPALAYAM BOREWELL (HAND PUMP) OWNED BY ERODE CORPORATION LOATED OPPOSITE TO M/S. PIONEER PROC,573,Erode,ERODE,11.408563,77.685422,2018-04-15 08:30:00,0.05,28.227239119063086,6.541769048599798,273.5161302322606,8.240871448623352,0.0033590448280198387,137.16120194368602,0.01,,0.01,86.75315197841714,,52.20444941202466,,2.071923967272664,,,,,2018,4
506,506,TAMBIRAPARANI AT ARUMUGANERI TAMILNADU,594,Thoothukudi,Thoothukudi,8.624431,78.068808,2018-04-15 08:30:00,,49.30246874471497,6.8091210288777555,866.282187383275,6.73507441688625,,114.69541712671939,,,,113.9836711489249,,43.07273817553592,,0.5815762323178375,,,,,2018,4
507,507,TAMBIRAPARANI AT BDG.NR. MADURA COATS LTD.PAPAVINASAM TAMILNADU,592,Tirunelveli,AMBASAMUDRAM,8.663294,77.422222,2018-04-15 08:30:00,0.3604928649747963,128.6729978682321,6.048877136103705,81.29297579819769,6.732913636523508,,246.7507595119822,,,0.7210244070555414,32.41450416831978,,5.0,,0.01,,,,,2018,4
508,508,TAMBIRAPARANI AT CHERANMADEVI CAUSE WAY TAMILNADU,592,Tirunelveli,AMBASAMUDRAM,8.700586,77.56595,2018-04-15 08:30:00,0.7063282421866909,14.360524527597477,6.658996572194774,366.0723287386996,7.002200514464102,,160.2519144841563,,,,78.71900686221169,,13.21710301854516,,1.4699856597811192,,,0.08400687394105782,,2018,4
509,509,TAMBIRAPARANI AT ERAL THOTHUKUDI TAMILNADU,594,Thoothukudi,Thoothukudi,8.620606,78.022839,2018-04-15 08:30:00,,108.412729861136,6.378036982725137,739.4390096814138,7.072805206920816,,209.04504753258976,,,,43.414836863243245,,34.70629017777159,,2.0984425580211705,,,,,2018,4
510,510,TAMBIRAPARANI AT KALLIDAI KURICHI TIRUNELVELI TAMILNADU,592,Tirunelveli,AMBASAMUDRAM,8.69375,77.462681,2018-04-15 08:30:00,,108.0435445468009,7.649044595935721,40.0,7.096794452453236,,144.25846489248565,,,,73.04719643883183,,28.55160119766486,,0.05533503870026246,,,,,2018,4
511,511,TAMBIRAPARANI AT MURAPPANADU TAMILNADU,594,Thoothukudi,Thoothukudi,8.721606,77.832797,2018-04-15 08:30:00,,10.355276634639239,7.727015352435219,171.9708030114807,6.73606486950769,,253.04288399949212,,,0.011450360743075696,167.19418479252667,,45.48581098105719,,1.270588603108759,,,,,2018,4
512,512,TAMBIRAPARANI AT PAPPANKULAM TAMILNADU,592,Tirunelveli,AMBASAMUDRAM,8.758606,77.424597,2018-04-15 08:30:00,0.9706108641985558,164.852201566302,4.266218659333414,339.1553641447103,8.37188266729745,,110.47124310559997,,,,41.56309882841463,,29.416021869504778,,0.01,,,,,2018,4
513,513,TAMBIRAPARANI AT RAIL BDG. NR. AMBASAMUDAM TAMILNADU,592,Tirunelveli,AMBASAMUDRAM,8.729581,77.467289,2018-04-15 08:30:00,0.05,114.64221122219827,7.448018490773815,75.99565108175346,7.610039842177361,,252.34513179777701,,,0.034916594653382746,56.00926167018104,,19.24351350047365,,1.3544065522656374,,,,,2018,4
514,514,TAMBIRAPARANI AT SIVALAPERI CONFLUENCE POINT OF KUTTRALAM FALLS D/S OF PALAYAMKOTTAI TIRUNELVELI TA,592,Tirunelveli,PALAYAMKOTTAI,8.700031,77.690869,2018-04-15 08:30:00,,197.54954419264436,3.5146135309252027,401.2080911824502,7.317185420360449,,183.9394776161487,,,,54.76197173232318,,41.48795017326991,,0.6948779555467534,,,,,2018,4
515,515,TAMBIRAPARANI AT SRIVAIKUNTAM D/S OF SK ANAICUT TIRUNELVELI TAMILNADU,594,Thoothukudi,Thoothukudi,8.627358,77.909,2018-04-15 08:30:00,0.5448789502212977,84.29343369862521,7.174908476157414,594.969909651828,7.01625702564486,,217.15348614963654,,,,100.72458624232137,,27.718011483948874,,1.4971232275384245,,,,,2018,4
516,516,TAMBIRAPARANI AT TIRUNELVELI COLLECTORATE TAMILNADU.,592,Tirunelveli,TIRUNELVELI,8.734125,77.716764,2018-04-15 08:30:00,,207.44983807055652,5.23253115119836,53.251178470002685,7.412265034562261,,149.82129768567484,,,,115.35777279034683,,39.8005962110373,,0.01,,,,,2018,4
517,517,TAMBIRAPARANI AT VELLAKOIL TIRUNELVELI TAMILNADU,592,Tirunelveli,TIRUNELVELI,8.718019,77.703531,2018-04-15 08:30:00,1.0687550129391161,144.66336509110567,7.427887983998911,415.2757478351428,8.037385306265133,,190.4740267174013,,,,87.93346979112546,,52.43785812226436,,0.7196914457031154,,,,,2018,4
518,518,THALAVAIPETTAI BHAVANI,573,Erode,BHAVANI,11.456295,77.615817,2018-04-15 08:30:00,0.6080900728116726,33.44685050294936,7.390186753268152,429.76693743532974,7.236943599104254,,186.33952378382435,,,,121.40863134658981,,31.696492901171244,,0.877369766471249,,,0.07261825348034336,,2018,4
519,519,THANJAVUR,586,Thanjavur,THANJAVUR,10.786359,79.157779,2018-04-15 08:30:00,0.9193542431007222,171.27686393624768,7.5808492628503945,247.9952579727814,7.764760064148502,,103.4202751344858,,,,72.25535031091042,,8.789982263378572,,1.7322172050320757,,,,,2018,4
520,520,THENPENNAIYAR AT CHOKKARASANAHALLI BRIDGE (BANGALORE),571,Dharmapuri,DHARMAPURI,12.863435,77.831855,2018-04-15 08:30:00,1.4344404015647463,47.522788694584065,7.68528212123037,284.14386371796786,7.603161313953708,,153.80283988460843,,,,50.177825774153874,,22.763101220697973,,0.6216918391390681,,,,,2018,4
521,521,THIRUKKANUR,596,Viluppuram,Viluppuram,11.991116,79.639712,2018-04-15 08:30:00,,182.23893426464554,6.842667067448477,477.7337121607491,7.122635556867947,,128.14408467926964,,,0.14862919652128725,119.44738151055124,,15.563488981523072,,2.241274398403194,,,,,2018,4
522,522,THIRUMANIMUTHAR AT SALEM D/S OF SAGO & TEXTILE DYING INDUSTRIES TAMILNADU,584,Salem,SALEM,11.645876,78.120341,2018-04-15 08:30:00,0.9697326948390946,243.6586513722813,5.195311593506402,416.5400050477043,7.710783756390542,,345.3139625914667,,,,84.78897611563816,,52.56282568368798,,0.5458366784111417,,,,,2018,4
523,523,TIRCHIRAPPALLLI-SRIRANGAM,591,Tiruchirappalli,TIRUCHIRAPPALLI,10.822062,78.688706,2018-04-15 08:30:00,0.255219449662754,177.36632295969312,7.847647157157758,167.82152497607314,7.158090376549666,,162.30333854826162,,,0.9747067982707164,73.80301830711971,,26.161465434596224,,1.3422225108679884,,,,,2018,4
524,524,TIRUNELVELI,592,Tirunelveli,PALAYAMKOTTAI,8.707446,77.742528,2018-04-15 08:30:00,,106.79355479975631,6.363599973102278,418.394903422634,6.983349543248983,,185.67551554600396,,,,67.7081928357068,,57.90886521148276,,1.2254075652651606,,,,,2018,4
525,525,UDHAGAMADALEM LAKE (OOTY) TAMILNADU,587,Nilgiris,Pandalur,11.400623,76.690453,2018-04-15 08:30:00,0.7916827556549029,92.58347571093893,7.486678618447209,447.0667736519784,8.340738455887227,,32.697588152181766,,,0.4478468076831221,15.685053934174817,,69.22017316281693,,0.7202690765128008,,,,,2018,4
526,526,VASISTA AT SALEM D/S OF SAGO INDUSRIES EFFLUENT TAMILNADU,584,Salem,SALEM,11.647853,78.138125,2018-04-15 08:30:00,0.6485708067819995,10.0,8.64481569731579,395.8062381404334,8.025614897380395,,147.98968537985567,,,0.32703574204197616,74.64244813686437,,31.61853078184305,,0.5432968620722505,,0.019854060863241606,0.07599375447367723,,2018,4
527,527,VEERANAM LAKE AT CUDDALORE TAMILNADU,570,Cuddalore,KATTUMANNARKOIL,11.341111,79.523058,2018-04-15 08:30:00,0.41543057737691513,146.95474641152416,4.895509870534594,726.5626117441427,7.284618850010467,,212.9000971918695,,,,153.06264280211428,,34.34631319851344,,0.18648262965872475,,,0.10887489248335708,,2018,4
528,528,WELL AT KATTERIKUPPAM,596,Viluppuram,Viluppuram,12.001161,79.700722,2018-04-15 08:30:00,,184.74117585935886,5.702418682997525,251.38203606818405,6.684436176193866,,83.58067494329794,,,0.08327327289123775,120.2026385182937,,9.19149516928854,,1.293464139337747,,,,,2018,4
529,529,WELL AT KOTHAPURINATHAM THIRUVANDARKOIL,596,Viluppuram,Viluppuram,11.930541,79.661783,2018-04-15 08:30:00,,226.9575258844768,7.105124897646061,564.7188677930964,7.235445312861266,,202.98381472225054,,,0.19357893743826005,67.49050710382701,,38.27581788721036,,1.1341970402628374,,,,,2018,4
530,530,WELL AT MUSIRI TAMIL NADU,591,Tiruchirappalli,MUSIRI,10.954883,78.443933,2018-04-15 08:30:00,1.041687298184383,238.07033204031723,5.683791828382459,167.43485206404688,7.564052664809956,,162.81892268087176,,,,39.518684674100506,,20.207333088415773,,1.5931564087155217,,,0.1585100881012118,,2018,4
531,531,WELL AT VADAMATTAM KARAIKAL,589,Tiruvallur,TIRUVALLUR,10.963617,79.678261,2018-04-15 08:30:00,,10.0,5.4673162526929255,138.27399013535654,7.657573354538557,,103.76067283630482,,,,10.0,,28.547800876937405,,1.0271165030533447,,,,,2018,4
532,532,YERCAUD LAKE SALEM TAMILNADU,584,Salem,YERCAUD,11.783642,78.211153,2018-04-15 08:30:00,,162.22714799324697,6.162603149042531,561.1741724824167,6.794599030663141,,170.38023896371269,,,0.010290210824752268,29.666368921135586,,51.23111654852493,,0.01,,,0.034081561337632876,,2018,4
533,533,ALWARTHIRUNAGARI - VETERINARY DISPENSARY WEST CAR STREET NEAR OVER HEAD TANK OF BORE WELL,594,Thoothukudi,Thoothukudi,8.605592,77.944361,2018-05-15 08:30:00,,178.85770488151104,5.78549215654875,457.4820360694371,7.2021350220788865,,155.4901992825532,,,,19.612259249824163,,16.27262104630865,,1.9221282315059884,,,,,2018,5
534,534,AMRAVATI AT 1KM D/S FROM EFF.DIS. PT. AT MADHUTHUKKULAM,572,Dindigul,PALANI,10.541244,77.368656,2018-05-15 08:30:00,0.1766928867194013,129.93405477956907,7.695168414615734,296.3823932746937,6.868108101769302,,84.79010504903903,,,,78.26798307313429,,45.78385997354471,,0.8953892769105565,,,,,2018,5
535,535,ARIYAPPAMPALAYAM SATHYAMANGALAM,573,Erode,SATHYAMANGALAM,11.488793,77.241248,2018-05-15 08:30:00,0.22557380855427028,66.92510742244096,5.9204192887125915,566.7502870622105,7.017625585335037,,156.39818784089306,,,,90.17472026815274,,5.0,,1.2300598874686925,,,,,2018,5
536,536,AUTHOR - MUKKANI AGRAGARAM STREET INFRONT OF THIRU N. SAMUTHRAPANDI HOUSE BORE WELL,594,Thoothukudi,Thoothukudi,8.634908,78.07465,2018-05-15 08:30:00,,10.0,6.853663103482762,602.5078723649149,7.29018724152299,,155.05654651125937,,,,113.12560788944197,,79.97174870698692,,0.4911678024172982,,,,,2018,5
537,537,BAHOUR LAKE,570,Cuddalore,CUDDALORE,11.819442,79.729208,2018-05-15 08:30:00,0.05,154.5039850450973,6.729545912163503,850.5917982271643,7.0162917426952225,,271.7098976977917,,,,103.9022959753529,,20.942545271117226,,1.6315215905675264,,,,,2018,5
538,538,BHAVANI AT BHAVANI SAGAR TAMILNADU,573,Erode,SATHYAMANGALAM,11.485294,77.134603,2018-05-15 08:30:00,0.5706969839850442,134.04576493723906,7.291169743413593,625.6365712968037,6.9028731627060465,,313.9947767945022,,,0.022371669365672114,68.35159144641646,,45.86265818542766,,0.18504641852546144,,,,,2018,5
539,539,BHAVANI AT BHAVANI TAMILNADU,573,Erode,BHAVANI,11.454094,77.679567,2018-05-15 08:30:00,0.8133450617047892,190.58291940793725,8.209553278492692,791.2739586141005,6.849550896472132,,157.04895342319435,,,0.13723824272882715,90.81708869623037,,22.3332128120342,,0.590729707971024,,,,,2018,5
540,540,BHAVANI AT D/S OF BHAVANISAGAR SATHYAMANGALAM ERODE TAMILNADU,573,Erode,SATHYAMANGALAM,11.503881,77.247036,2018-05-15 08:30:00,,213.37672669177266,4.4115586092626184,406.57912645791237,7.802986491837639,,180.83214152396846,,,0.46040517362576194,67.03570124682739,,38.640065742655366,,1.6009370115909345,,,,,2018,5
541,541,BHAVANI AT D/S OF KALINGARAYAN CANAL (B10) ERODE TAMILNADU,573,Erode,BHAVANI,11.438223,77.681462,2018-05-15 08:30:00,,80.6497046360277,5.28275005282166,333.6370494752317,7.795304107849298,,45.118955898163904,,0.02,,10.0,,56.518148811553644,,0.4768702678698584,,,,,2018,5
542,542,BHAVANI AT PATHIRAKALIAMMAN KOIL TAMILNADU,589,Tiruvallur,TIRUVALLUR,11.469259,77.296165,2018-05-15 08:30:00,0.5796748556712733,60.20354768334302,7.888200537244387,537.4273451610316,7.392699597081827,,74.7850382094109,,,0.1413226966745705,80.67444038434333,,55.0178111459841,,0.9755983572707061,,,,,2018,5
543,543,BHAVANI AT SIRUMUGAI TAMILNADU,569,Coimbatore,Mettupalayam,11.319948,77.011429,2018-05-15 08:30:00,2.0665725976366716,32.812513198361955,6.42887837287959,40.0,7.713261308886306,,218.7198687209999,,,0.41671724305261276,33.20090445460306,,38.96661587908407,,1.6659015567622013,,,,,2018,5
544,544,BHAVANI AT U/S OF KALINGARAYAN CANAL (B5) ERODE TAMILNADU,573,Erode,ERODE,11.442818,77.676045,2018-05-15 08:30:00,,212.48053355609017,5.936282642795436,484.9263312062594,8.36435317456321,0.001,104.40990650834023,,,,95.14949187099333,,5.0,,0.7132048770150385,,,,,2018,5
545,545,BOREWELL AT PASUPATHY PUDUR VILLAGE PALANI TALUK DINDIGUL DIST.,572,Dindigul,PALANI,10.448726,77.517259,2018-05-15 08:30:00,0.2947442836404684,141.5344736204128,6.187956499783466,256.3973640280319,8.044018452992784,,91.66789065064815,,,,143.79137035149984,,23.799135987908073,,1.0273702989374243,,,,,2018,5
546,546,BORE WELL AT VANNIARVALASU VILLAGE NEAR ELEMENTARY SCHOOL THOPPAMPATTI PANCHAYAT UNION PALANI TALUK,572,Dindigul,PALANI,10.576266,77.529657,2018-05-15 08:30:00,0.24319663702277042,124.675958456452,8.58912978391639,166.31427081386875,6.605575585836512,,211.62876997523227,,,0.02363143944100573,82.61382752031234,,5.0,,1.9300962580323524,,,,,2018,5
547,547,BOREWELL LOCATED AT M/S. PHOENIX TEXTILE PROCESSORS VENDIPALAYAM ERODE,573,Erode,ERODE,11.327414,77.745903,2018-05-15 08:30:00,0.5252806327961148,251.63054661657077,7.3244804835633435,609.1366081500811,7.813114160905994,,168.19339996699418,,,0.15150520514981616,84.94928586050013,,45.81689085281108,,2.101078025947982,,,,,2018,5
548,548,BOREWELL NEAR KAMBARASAMPETTAI INTAKE WELL (TRICHY UPSTREAM),591,Tiruchirappalli,TIRUCHIRAPPALLI,10.787066,78.690243,2018-05-15 08:30:00,0.17553032200214727,10.0,6.453005461468688,306.0026143803718,7.5644274088663135,,289.1575862936494,,,,61.35926177066272,,42.92107872241661,,1.4988269467294149,,,,,2018,5
549,549,BOREWELL NEAR THOGUR INTAKE WELL (TRICHY DOWNSTREAM),591,Tiruchirappalli,TIRUCHIRAPPALLI,10.786916,78.690657,2018-05-15 08:30:00,0.320585589940573,88.5110734373592,5.5850984592765025,282.7199989324513,7.222977966014905,,81.58775991033616,,,,69.11538673728589,,34.253507996015344,,1.5059466525540284,,,,,2018,5
550,550,CAUVERY AT 1KM. D/S OF BHAVANI RIVER CONFL. TAMILNADU,573,Erode,BHAVANI,11.445663,77.677626,2018-05-15 08:30:00,0.07330799522905132,45.07263950050863,8.65817610456574,571.6391502918859,6.959761422579876,,195.05240207166588,,,0.14564633382097206,95.29013684446006,,28.799410242455853,,2.084985247087975,,,0.01526983107468978,,2018,5
551,551,CAUVERY AT COLEROON TAMILNADU,579,Nagapattinam,NAGAPATTINAM,11.326822,79.702981,2018-05-15 08:30:00,,143.92685872168846,8.343388127425934,425.50985326448387,6.8288190026406035,,132.73130287466728,,,,119.56993538794546,,5.0,,1.8665262133035476,,,,,2018,5
552,552,CAUVERY AT ERODE NEAR CHIRAPALAYAM TAMILNADU,573,Erode,ERODE,11.335795,77.753762,2018-05-15 08:30:00,0.05,112.49003560213126,4.4250809870815395,473.4376927518317,7.1987519833720155,0.013451094298030923,198.51069886356396,,,,137.60376040431214,,58.12263293633251,,0.800309125421814,,0.014514232262790463,,,2018,5
553,553,CAUVERY AT KOMARAPALAYAM NAMAKAL TAMILNADU,580,Namakkal,Tiruchengode,11.423503,77.685261,2018-05-15 08:30:00,,31.079569543910083,5.912189669592313,428.99601825705827,7.614566117761073,,195.8111308469393,,,,55.81747937049535,,5.0,,0.1997491336325492,,,0.016648540606465003,,2018,5
554,554,CAUVERY AT KUMBAKONAM THANJAVUR TAMILNADU,586,Thanjavur,KUMBAKONAM,10.968137,79.378248,2018-05-15 08:30:00,,72.97872760230723,6.7149368136421606,258.247516405394,7.748561223979284,,250.20768263977132,,,0.6419617898866049,40.27758288072688,,55.943465473273875,,2.249667532885781,,,,,2018,5
555,555,CAUVERY AT MAYILADUTHURAI NAGAPATTINAM TAMILNADU,579,Nagapattinam,Mayiladuthurai,11.104894,79.651871,2018-05-15 08:30:00,0.6837469318297938,99.56396548947873,7.92299503849061,194.8834654612443,7.3265114202493224,,20.0,,,0.6007545212078319,83.15754383502139,,27.916166242282628,,2.173167822319294,,,,,2018,5
556,556,CAUVERY AT METTUR,584,Salem,METTUR,11.796255,77.806971,2018-05-15 08:30:00,0.6457974289713934,156.86598923230923,6.841705512062682,40.0,8.045439351208435,,173.9199670923437,,,,154.78335480300996,,50.47700410641424,,2.038719910250833,,,,,2018,5
557,557,CAUVERY AT MOHANUR NEAR PATTAIPALAYAM TAMILNADU,580,Namakkal,NAMAKKAL,11.064392,78.120358,2018-05-15 08:30:00,,102.12219958104487,7.936601632697425,272.3299051783749,7.175387471838336,,313.7941946401327,,,0.3696372679764814,152.25969829672061,,19.090359887466875,,0.36413094887754294,,,0.018696880581994254,,2018,5
558,558,CAUVERY AT MUSIRI,591,Tiruchirappalli,MUSIRI,10.955345,78.443949,2018-05-15 08:30:00,,202.89582008096883,7.387454248635127,441.21273501154985,7.530755413514896,,186.20250027289276,,,,80.23102574936382,,51.555472621827676,,1.859561440181988,,,,,2018,5
559,559,CAUVERY AT PALLIPPALAYAM,580,Namakkal,Tiruchengode,11.368215,77.741107,2018-05-15 08:30:00,0.15025269931145485,161.45751603563292,5.393373313482047,239.98401757098677,6.9494084056109156,,166.53640688456397,,,,120.7693109800374,,21.206194553934328,,0.795048751131731,,,,,2018,5
560,560,CAUVERY AT PETTAIVAITHALAI TRICHY TAMILNADU,591,Tiruchirappalli,SRIRANGAM,10.906389,78.489697,2018-05-15 08:30:00,0.25641490090320423,132.6475900693448,7.090417136680278,904.1284296675303,7.555752797958975,,165.33955173105196,,,0.26633055058582067,96.88908886340346,,65.01062315149161,,1.8557917738064758,,,,,2018,5
561,561,CAUVERY AT PITCHAVARAM TAMILNADU,570,Cuddalore,CHIDAMBARAM,11.418828,79.772375,2018-05-15 08:30:00,0.3249065839816641,24.878235261921247,7.011255784693995,413.29565949095263,7.723393682715086,,118.25923113944333,,,1.2463785811261476,114.17247266153115,,11.587368144425415,,2.542231803796402,,,,,2018,5
562,562,CAUVERY AT PUGALUR KARUR TAMILNADU,576,Karur,KARUR,10.974467,78.180075,2018-05-15 08:30:00,0.15022680066829472,98.75258933900709,6.5105461311584865,462.7300904338864,7.940869251292795,,148.4100887540315,,,,124.05725508792273,,14.62131546711188,,1.747560382109142,,,,,2018,5
563,563,CAUVERY AT THANJAVUR TAMILNADU,610,Ariyalur,Sendurai,11.34,79.24,2018-05-15 08:30:00,,231.93823600569274,5.771286303096699,405.95572405391863,7.800525979613957,,297.92986577027455,,,,73.71496892264355,,57.152652289720464,,2.4313138766485203,,,,,2018,5
564,564,CAUVERY AT THIRUMUKKUDAL-CONFL. PT.OF R. AMRAVATI TAMILNADU,576,Karur,KARUR,11.050024,78.120645,2018-05-15 08:30:00,0.2786165533430779,81.2266193013248,4.386508905636028,507.0094041185546,6.466742297762759,,136.0783623625704,,,,28.035103533682488,,26.784742708878063,,0.7040354421491055,,,,,2018,5
565,565,CAUVERY AT TIRUCHIRAPPALLI D/S TAMILNADU,591,Tiruchirappalli,SRIRANGAM,10.766809,78.665272,2018-05-15 08:30:00,0.7366134333392411,200.12243394995204,6.015186283238243,411.61340854425447,7.188891653304161,,173.38114029515344,,,,204.16219855205554,,32.99672766310447,,0.8270313742448552,,,,,2018,5
566,566,CAUVERY AT TIRUCHIRAPPALLI U/S TAMILNADU,591,Tiruchirappalli,TIRUCHIRAPPALLI,10.833263,78.718224,2018-05-15 08:30:00,0.24651751054007404,86.15515191793764,5.148232250304131,259.9494873929459,7.396727332250133,,316.94979088057846,,,0.09482277405817728,65.60182292806948,,43.30732483480604,,1.4346748335417834,,,,,2018,5
567,567,CAUVERY AT TRICHY GRAND ANAICUT TAMILNADU,586,Thanjavur,Thiruvaiyaru,10.830327,78.81177,2018-05-15 08:30:00,0.5111473705472447,51.929272876888106,5.821927431738569,861.636386107785,7.113699329306632,,212.7845084798289,,,0.4406154358509199,88.68220549247968,,43.57232636097798,,3.152977377977531,,,,,2018,5
568,568,CAUVERY AT URRACHIKOTTAI ERODE TAMILNADU,580,Namakkal,Tiruchengode,11.354178,77.750436,2018-05-15 08:30:00,,122.45401408565672,5.4538703108368844,822.531639862884,7.045594458623257,0.00932893217927643,180.4264273529758,,0.02,0.13903940030176823,119.00746215393502,,46.182580171193464,,0.58932065062791,,,,,2018,5
569,569,CAUVERY AT VAIRAPALAYAM NAMAKAL TAMILNADU,580,Namakkal,Tiruchengode,11.361583,77.742411,2018-05-15 08:30:00,,14.212205225336362,5.532809922728702,334.15787070992553,7.892659326002296,,229.9970912592668,,,,31.002974485549082,,26.806419713309136,,1.5272519506672457,,,,,2018,5
570,570,CAUVERY AT VELORE NEAR KATTIPALAYAM TAMILNADU,580,Namakkal,Paramathivellur,11.18,78.01,2018-05-15 08:30:00,0.3392152251163194,49.39516708435767,7.514469659933686,40.0,7.012386626172703,,195.76846650017197,,,,152.67339350098334,,62.81427882974635,,1.1620020436361096,,,,,2018,5
571,571,CHENNAI-1 NESAPAKKAM (ZONE-IV),568,Chennai,CHENNAI,13.035832,80.193265,2018-05-15 08:30:00,,52.88252482846579,6.519345076952785,500.7534100335756,6.863588146107567,,122.84688544592628,,,,68.54035035114879,,44.74599378901527,,0.7007322039700048,,,0.017959649434572716,,2018,5
572,572,CHENNAI-2 PERUNGADI(ZONE-V),574,Kancheepuram,KANCHEEPURAM,12.9566,80.23435,2018-05-15 08:30:00,1.770831799412903,41.61073634420541,7.2151176164469994,391.34513707850186,7.657456572923776,0.0013109725557747154,126.72506323388313,,0.02,,100.68922702218265,,5.276934374772807,,0.777428788120174,,0.0041395594269617265,,,2018,5
573,573,CHENNAI-3KODUNGAIYUR (ZONE I&II),568,Chennai,CHENNAI,13.138808,80.260799,2018-05-15 08:30:00,,10.0,8.786027700242503,340.9917282060628,7.75856217487568,0.0028748801966390863,197.29934439062677,,,,113.58122764208676,,40.46487688310695,,0.8724619415753456,,,,,2018,5
574,574,CHENNAI-4 KOYAMBEDU (ZONE-III),568,Chennai,CHENNAI,13.0642,80.200156,2018-05-15 08:30:00,1.1214884478150624,10.0,6.3308888913214245,420.3440325394346,8.115052591447792,,266.2865287525014,,,,74.99055337371702,,29.279776149578403,,0.9704062513672009,,0.00882329871004124,,,2018,5
575,575,CHENNAI WATERWAYS AT BUCKINGHAM CANAL (ICE HOUSE),568,Chennai,CHENNAI,13.050823,80.278958,2018-05-15 08:30:00,0.4298939417061966,213.69341061649175,7.343039976720627,156.86136346319552,7.234496963043026,,129.86588168601168,0.01,,0.010695664737307662,45.07621488923859,,5.0,,0.02802020311608877,,,,,2018,5
576,576,CHENNAI WATERWAYS AT BUCKINGHAM CANAL (TIDAL PARK),568,Chennai,CHENNAI,12.988133,80.25192,2018-05-15 08:30:00,0.39447954226941423,129.8777851606832,7.20669334109051,500.6122345400102,7.206600833231141,,325.80807776441213,,,,65.81173041768707,,34.45545208894243,,0.5967660066659619,,,,,2018,5
577,577,CHENNAI WATERWAYS AT BUCKINGHAM CANAL X OTTERI NULLAH CONFLUENCE (GMR VASAVI INDUSTRIES),568,Chennai,CHENNAI,13.10524,80.271091,2018-05-15 08:30:00,,256.736572348237,6.815895106071897,292.0609235599734,7.5348629999979915,0.001,243.95102818702583,,,0.01,111.15332892249516,,30.774223674101293,,2.7512261606383834,,,,,2018,5
578,578,CHENNAI WATERWAYS AT CAPTAIN COTTON CANAL (ERUKANJERI),568,Chennai,CHENNAI,13.126266,80.256935,2018-05-15 08:30:00,,115.3639566589826,9.009313127278972,445.06406856427384,6.768933822459279,,252.1758876949927,,,,122.83552626218557,,54.325194990336286,,1.6704613401342654,,0.03935844384035481,,,2018,5
579,579,CHENNAI WATERWAYS AT CC X BC CONFLUENCE (KODUNGAIYUR),568,Chennai,CHENNAI,13.136803,80.249192,2018-05-15 08:30:00,0.5944815119100939,101.30207537186196,4.366782845155758,607.2440429755679,7.75333328703967,0.007501715628100968,238.26987692661214,,,1.0746791971625875,149.31660244476632,,59.362165657181656,,1.765966168691505,,0.0024288687784417237,,,2018,5
580,580,CHENNAI WATERWAYS AT MAMBALAM DRAIN (GOLF COURSE),568,Chennai,CHENNAI,13.022221,80.233657,2018-05-15 08:30:00,0.5402659974208908,325.25212598685044,8.002994874979999,665.6578495987703,7.303746580110057,,147.6886798208853,,,,71.71661013303219,,40.725226931502455,,1.285988574665135,,0.0050041198384291755,,,2018,5
581,581,CHENNAI WATERWAYS AT MAMBALAM DRAIN (USMAN ROAD),568,Chennai,CHENNAI,13.028381,80.227747,2018-05-15 08:30:00,1.602519176723641,45.41030054544103,7.968723613085468,104.2876003655739,8.122410183062813,,121.30564780889,,,,115.65553906289597,,27.549891039052575,,0.01,,,,,2018,5
582,582,CHENNAI WATERWAYS AT OTTERI NULLAH (KILPAUK GARDEN),568,Chennai,CHENNAI,13.086538,80.234507,2018-05-15 08:30:00,0.05,151.91937260013566,5.1162988019122615,662.9147831807537,6.827803165598473,,204.34936766268888,,,0.27082576196038144,90.71962539236866,,5.0,,2.0400392332427413,,0.008470901150249456,,,2018,5
583,583,CHENNAI WATERWAYS AT OTTERI NULLAH (ORIGIN),568,Chennai,CHENNAI,13.099796,80.196273,2018-05-15 08:30:00,0.6276603648202602,10.0,6.253079607587393,803.236363164326,7.227025680533186,,109.7403573780463,,0.02,0.2015384918612094,30.116832509215435,,56.23895834069235,,2.1646547365728344,,,0.08859906256588145,,2018,5
584,584,COLLECTOR WELL AT THIRUPUVANAM FOR MADURAI WAT. SUPPLY SCHEME TAMILNADU,585,Sivaganga,Sivagangai,9.826111,78.257297,2018-05-15 08:30:00,0.34367199951246513,10.0,5.717733700962343,382.02879678846034,7.049281103632948,,38.540347203673036,,,0.10409711434581317,87.12237251730477,,50.5752156104345,,1.3104627267340374,,,,,2018,5
585,585,ERAL - CHARMAM ARUNACHALA SWAMY TEMPLE WEST OF BORE WELL,594,Thoothukudi,Thoothukudi,8.621439,78.016285,2018-05-15 08:30:00,0.3981440382166245,169.57304945299398,9.767538425269164,84.33476301868302,7.370704757560113,,163.21477117117777,,,,34.67920354934651,,50.82448983271171,,0.6400277311675732,,,,,2018,5
586,586,ERODE-1,573,Erode,ERODE,11.333111,77.747343,2018-05-15 08:30:00,0.06820580888978349,46.623785589469094,4.084399241228383,40.0,7.893444258188847,,284.70160240361116,,0.02,0.3326846285221044,78.15374452998545,,57.452935255543935,,0.4769155664381308,,,,,2018,5
587,587,ERODE-2,573,Erode,ERODE,11.338655,77.74513,2018-05-15 08:30:00,,10.0,6.446472161380398,745.2796288738679,7.184972067183295,,226.86776959905322,,,,92.73794299967184,,58.57757304980362,,1.2184645271603365,,0.0195992035349492,,,2018,5
588,588,HOUSE OF THIRU MURUGAN S/O. ESAKKI NO.16B MEENAKSHIPURAM ANNA NAGAR TIRUNELVELI,592,Tirunelveli,TIRUNELVELI,8.727206,77.709638,2018-05-15 08:30:00,0.4368299897235865,151.64790678103537,8.123682992199688,40.0,7.162402690205474,,53.934715557140976,,,,97.38907116544009,,43.563535852967576,,1.2274174513601777,,,,,2018,5
589,589,KAKKADAVU KERALA,569,Coimbatore,POLLACHI,10.742228,77.060508,2018-05-15 08:30:00,,172.83679618812403,7.389288536818743,257.12664116375555,7.7089554860389295,,24.646711549638212,,,,131.70967702111116,,21.049190665707684,,0.8916054072701134,,,,,2018,5
590,590,KARUR,576,Karur,KARUR,10.955411,78.055554,2018-05-15 08:30:00,,57.479642938084524,8.886584064540553,445.14101070185296,6.865159045717505,,322.2666867123803,,,0.11878272764032563,69.41277430801777,,47.36619277006754,,1.2992334462176172,,,,,2018,5
591,591,KODAI KANAL LAKE TAMILNADU,572,Dindigul,KODAIKANAL,10.233619,77.485653,2018-05-15 08:30:00,1.7219716808253007,153.17003194138266,7.773303953790636,296.15324339744865,7.1127144115987075,,146.58360723660547,,,0.19414806323725903,62.30544777571575,,46.46006276652498,,0.5932147207001519,,,,,2018,5
592,592,KOMBUPALLAM SATHYAMANGALAM,573,Erode,SATHYAMANGALAM,11.509621,77.230116,2018-05-15 08:30:00,,122.67547743785208,4.069952103588593,484.78065768689294,7.272581651804057,,254.3393334695,,,0.13437200779095113,114.89779885708224,,40.361771438429216,,1.1344844963420055,,,,,2018,5
593,593,KUMBAKONAM,586,Thanjavur,THANJAVUR,10.78627,79.15819,2018-05-15 08:30:00,0.23396273079617816,52.491689806008054,6.578029557426536,628.9216893342104,7.462843253397153,,191.7617262073645,,,,96.24921968874416,,61.812789370057686,,0.01,,,,,2018,5
594,594,LOCATED ADJACENT TO KARU MSW DUMP SITE AND ON THE NORTHERN BANK OF RIVER AMARAVATHI AND DOWNSTREAM,576,Karur,KARUR,10.951185,78.035374,2018-05-15 08:30:00,0.4713945231588355,165.10303000055316,6.011630760351955,453.08109282170375,6.81907600122805,,296.63989006105066,,,0.17186773815791748,40.41870739967753,,5.0,,0.726884216129562,,,,,2018,5
595,595,LOCATED ON THE SOUTHERN BANK OF RIVER AMARAVATHI AND DOWNSTREAM SIDE OF KARUR DYEING CLUSTER,576,Karur,KARUR,10.917543,78.009517,2018-05-15 08:30:00,,206.2975240642412,6.481714344199896,810.6468543412011,6.821841728030689,0.001,165.43651970528515,,,0.4293411101474002,135.47868463985458,,46.64003743849996,,1.8469302123978297,,,0.01,,2018,5
596,596,MADUKARAI,596,Viluppuram,Viluppuram,11.871427,79.603728,2018-05-15 08:30:00,0.07258593458937086,64.41748202118676,6.076778121205302,313.43857574743754,7.315353706004728,,283.3205585380729,,,0.3027469952930323,84.56337275706204,,33.62604559926616,,1.4335040208930532,,,,,2018,5
597,597,MAYILADUTHURAI,589,Tiruvallur,TIRUVALLUR,10.812621,79.608435,2018-05-15 08:30:00,0.5248282657648039,171.91055407230712,8.683726144775116,431.72034789649973,7.723625899859947,,363.9277434651543,,,0.7117912029471325,164.34534609744077,,35.21384782132026,,0.732479218723175,,,,,2018,5
598,598,M. KALIAPPAN SANGILIMUNIYAPPAN KOVIL ERIKKADU METTUR,584,Salem,Sankari,11.478265,77.881114,2018-05-15 08:30:00,0.3091125121520835,10.0,6.4201261417466515,545.3624430122408,7.2537973334118995,,361.96446110123,,,0.1211063387577793,104.21340187813905,,29.94332076426007,,1.8983462940603661,,,,,2018,5
599,599,MUNICIPAL CORPORATION BORE WELL LOCATED IN PERUMALPURAM STREET NARANAMMALPURAM TIRUNELVELI,592,Tirunelveli,PALAYAMKOTTAI,8.698363,77.738123,2018-05-15 08:30:00,,181.5974985068178,6.419323631364643,431.8296334227161,6.925382995265337,,282.6070677611174,,,0.29985877003994427,163.67667850033013,,34.295407514569845,,0.5800297407488121,,,,,2018,5
600,600,OVER HEAD TANK AT TIRUR VILLAGE TIRUVALLUR TALUK TIRUVALLUR PANCHAYAT UN,589,Tiruvallur,TIRUVALLUR,13.106545,79.960588,2018-05-15 08:30:00,,68.66182850782965,6.481324293355647,40.0,7.788546776085446,,106.63087964546419,,,,89.88972018188265,,27.458657980617776,,0.6992671858523183,,,,,2018,5
601,601,PALAR AT VANIYAMBADI WATER SUPPLY HEAD WORK TAMILNADU,595,Vellore,VANIYAMBADI,12.679231,78.595417,2018-05-15 08:30:00,0.9987188604286592,72.27173160733165,5.577270050127293,559.0097072108398,6.883696317655402,,99.49044414729786,,,,164.17145622005853,,36.317575306930095,,1.092747800290899,,,,,2018,5
602,602,PARAMASIVAM WATER SERVICE STATION BLOCK NO.13 BSNL EXCHANGE OPPOSITE METTUR DAM - 636 402.,584,Salem,METTUR,11.803279,77.804723,2018-05-15 08:30:00,,30.650722245364392,5.959444218939529,228.283487048329,7.073640345512997,,200.9184273811457,,,,143.6286896681624,,20.706879373351605,,2.8691003340410814,,,,,2018,5
603,603,PERUR CHETTIPALAYM PANCHAYAT LOCATED ADJACENT TO NOYYAL RIVER AT PERUR-VEDAPATTY ROAD (OPP VINAYGAR,573,Erode,ERODE,11.128875,77.39572,2018-05-15 08:30:00,0.1502325825320273,139.59656745376031,6.358799237368576,349.7972476250571,7.6858981378472935,,233.06938664809647,,,0.1989842816264868,132.13011390192008,,42.34644643001042,,1.5797067884534337,,,,,2018,5
604,604,POONDI LAKE AT THIRUVALLUR TAMILNADU,589,Tiruvallur,TIRUVALLUR,13.169731,79.888236,2018-05-15 08:30:00,,82.88416244124734,6.607741957302958,390.2908867638107,7.678593415123198,,178.70450714638704,,,,151.95759188979073,,35.62752347592498,,2.1685610025180133,,,,,2018,5
605,605,PORUR LAKE AT THIRUVALLUR TAMILNADU,589,Tiruvallur,TIRUVALLUR,13.033945,80.148344,2018-05-15 08:30:00,0.2771152143213682,16.991577307755108,5.278506211427409,269.12356652833046,7.196913711045351,,286.45917605983794,,,0.32310047978670764,48.380918836388304,,37.27626594309242,,0.4796412308975785,,,,,2018,5
606,606,PULICATE LAKE AT THIRUVALLUR TAMILNADU,589,Tiruvallur,TIRUVALLUR,13.427023,80.292679,2018-05-15 08:30:00,0.3491793744392182,97.05556725331688,7.573984923313769,168.78222156333345,7.521683660393622,,96.73584013856824,,,0.12214119580071299,108.83589834081464,,51.97492603892232,,0.7063374326316503,,,,,2018,5
607,607,REDD HILLS AT THIRUVALLUR TAMILNADU,589,Tiruvallur,TIRUVALLUR,13.193092,80.172867,2018-05-15 08:30:00,,10.0,6.569855272502068,363.4436628195989,7.493984094140449,,327.925835931165,,,0.34898766205870096,103.57004952492014,,45.964439342963246,,1.5763863969032852,,,0.1053250027609153,,2018,5
608,608,RIVER ADYAR AT EKKATTUTHANGAL,574,Kancheepuram,KANCHEEPURAM,13.026747,80.192542,2018-05-15 08:30:00,0.3260601688357693,156.52798789588016,6.089424124251847,566.9664311064909,7.780633033011052,,164.75125996277032,,,,93.46259332776992,,70.41573343152548,,1.3708489597513962,,,,,2018,5
609,609,RIVER ADYAR AT JAFERKHANPET,574,Kancheepuram,KANCHEEPURAM,13.02849,80.20247,2018-05-15 08:30:00,1.254005363878299,167.61822174673617,7.148029036387092,574.8529614837149,8.87437970530085,,210.58575109633153,,,,117.64887490228769,,15.945770991382592,,2.3258397652276708,,,,,2018,5
610,610,RIVER ADYAR AT KOTTURPURAM BRIDGE,568,Chennai,CHENNAI,13.025906,80.243554,2018-05-15 08:30:00,0.16104716299905808,10.0,4.441856054366365,588.6395103203249,7.702284116986343,,52.08363068252959,,,0.11871628169290732,110.32146905002105,,36.24685786116575,,0.9792676236510585,,,,,2018,5
611,611,RIVER ADYAR AT MARAIMALAI BRIDGE,574,Kancheepuram,KANCHEEPURAM,13.02724,80.208104,2018-05-15 08:30:00,,119.16278967578165,6.202543857105605,355.7699832844937,7.391036721665121,,257.18853270959755,,,,13.234259552055988,,44.71576123091016,,0.2926630837777675,,,,,2018,5
612,612,RIVER ADYAR AT NANDAMBAKKAM,574,Kancheepuram,KANCHEEPURAM,12.965867,80.109983,2018-05-15 08:30:00,,122.41171190256117,6.694859822159656,179.6760437345185,6.7676231507353,,238.67795777191225,,,0.07676865725569303,81.73157231433687,,17.20272826844327,,2.1296061634169683,,,,,2018,5
613,613,RIVER ADYAR BEFORE GOLF COURSE,574,Kancheepuram,Tambaram,12.938473,80.094802,2018-05-15 08:30:00,0.3397991526456147,224.4849169474181,6.539859875615777,935.8736696020181,7.763267475351039,,170.70052697193233,,,0.43274334093882244,55.81582545193337,,51.96336731061443,,1.652949549136845,,,,,2018,5
614,614,RIVER ADYAR NEAR BOAT CLUB,568,Chennai,CHENNAI,13.023184,80.247552,2018-05-15 08:30:00,0.05,35.99561681414511,7.725949717279938,217.68224137609445,6.921490475076357,,236.96250281370916,,,0.3147507711384418,60.32898553921169,,10.73607588139096,,0.47224816927333246,,,,,2018,5
615,615,RIVER CAUVERY AT BHAWANI D/S,573,Erode,ERODE,11.422026,77.679686,2018-05-15 08:30:00,0.6528666646667878,148.78831718039967,4.219412352778711,228.24126744893206,7.157270854309712,,157.92895405789875,,,,57.431838116598655,,9.760472256391218,,1.4720276873645903,,,,,2018,5
616,616,RIVER CAUVERY AT ERODE U/S,573,Erode,ERODE,11.369068,77.727294,2018-05-15 08:30:00,,191.4873632505169,6.432065495282652,455.8458319489474,8.014485341182786,0.010611819254992797,20.0,,,0.4220935389088783,113.19446192783046,,41.27427339731131,,0.7672368772162137,,,,,2018,5
617,617,RIVER CAUVERY AT KARUR U/S,576,Karur,KARUR,11.008673,78.159341,2018-05-15 08:30:00,,184.68568055120934,7.053293638755722,505.13821106272644,7.952985447590252,,121.93471362353246,,,,60.895027815417706,,35.03209473988296,,0.9885153334372264,,,,,2018,5
618,618,RIVER CAUVERY AT KUMARAPALAYAM U/S,580,Namakkal,Tiruchengode,11.427111,77.686922,2018-05-15 08:30:00,0.28485858741736264,112.92800665647411,2.6407313608914365,572.6508406274442,7.210331058866817,,67.99269479739554,,,,100.92248699412019,,64.74949466325606,,1.2697931502564876,,,,,2018,5
619,619,RIVER CAUVERY AT KUMBAKONAM D/S,586,Thanjavur,KUMBAKONAM,10.964811,79.351278,2018-05-15 08:30:00,,22.457089133914977,7.445746165632155,485.1649269763873,6.710896723718825,,184.58146294487344,,,,121.95460063856699,,61.631489663333326,,0.5585102585295346,,,,,2018,5
620,620,RIVER CAUVERY AT MAYILADUTHURAI D/S,579,Nagapattinam,Mayiladuthurai,11.105488,79.647969,2018-05-15 08:30:00,0.05953590419607111,10.0,7.304059606178629,666.7879365190108,6.329451781661049,,213.8419512102074,,,0.7443228081274869,82.07570791964245,,20.76612345646363,,1.3411873469303621,,,,,2018,5
621,621,RIVER CAUVERY AT PALLIPALAYAM D/S,580,Namakkal,Tiruchengode,11.365347,77.741652,2018-05-15 08:30:00,,211.40188487025043,7.20682900391086,390.4867259810768,7.316296537568557,,113.02935239027535,,,,34.99897868863804,,41.690946296420776,,2.8213917427874815,,,,,2018,5
622,622,RIVER COOUM AT AMANJIKARAI,568,Chennai,CHENNAI,13.068081,80.231405,2018-05-15 08:30:00,,116.80588293013089,6.1268749803786875,584.1736103818921,7.068771355939169,,281.1851328835072,,,0.2985808262642972,127.32680375296407,,43.46917725281402,,1.8359384911004473,,,,,2018,5
623,623,RIVER COOUM AT ANNA NAGAR,568,Chennai,CHENNAI,13.07865,80.207011,2018-05-15 08:30:00,0.06481474519818013,27.666929217636692,8.800710978111347,114.37422422656158,7.553947717842688,,199.82176576149382,,,,137.5512870628723,,34.72151046691869,,1.88416120619861,,,,,2018,5
624,624,RIVER COOUM AT ARUMBAKKAM,568,Chennai,CHENNAI,13.074866,80.221849,2018-05-15 08:30:00,,189.8229931575688,5.145691192283559,663.9376795419622,6.71029221308432,,50.919185927964804,,,0.17844612643371585,70.66385697948446,,12.950002004119089,,1.4904034278448615,,,,,2018,5
625,625,RIVER COOUM AT COLLAGE ROAD,568,Chennai,CHENNAI,13.070824,80.249921,2018-05-15 08:30:00,,10.0,8.280492692244447,288.34160254247803,7.111930494424425,,177.69101231899387,,,0.046867163168905955,62.522795445682945,,9.279717082788917,,0.01,,,,,2018,5
626,626,RIVER COOUM AT NAPIER BRIDGE,568,Chennai,CHENNAI,13.069423,80.284355,2018-05-15 08:30:00,0.06613771543189251,229.14609953366931,7.300694176915091,443.79206663380944,7.935151907565103,,118.28580738611757,,,0.49197112580579955,43.431193440369356,,49.72366780016951,,1.7300288267188904,,,,,2018,5
627,627,RIVER COOUM AT POONAMALLE,589,Tiruvallur,TIRUVALLUR,13.065634,80.113691,2018-05-15 08:30:00,,13.057183913305607,6.774324974694105,395.0433060462298,7.452124377054305,,129.21645405895995,,,0.5143310439606668,58.04314489347835,,60.80902080488282,,1.0605087037982757,,,,,2018,5
628,628,RIVER COOUM NEAR CENTRAL JAIL,589,Tiruvallur,TIRUVALLUR,13.169913,80.21808,2018-05-15 08:30:00,,145.3934618803033,6.063725546536918,309.0609093700883,6.911804550675647,,251.88989709739613,,,,83.23977820232696,,28.870783195198815,,0.20513193775423866,,,,,2018,5
629,629,RIVER LOCATIONS AT KUMARAPALAYAM,580,Namakkal,Tiruchengode,11.447221,77.691963,2018-05-15 08:30:00,,33.59979132942942,6.0301160271727525,781.1136484938327,7.036557249013956,,292.1272732301878,,,,32.48125880210908,,42.091554065559244,,1.3302372944799299,,,,,2018,5
630,630,RIVER TAMRABARANI AT TIRUNELVELI D/S,592,Tirunelveli,TIRUNELVELI,8.78198,77.79011,2018-05-15 08:30:00,,127.29570954971422,4.653443147409201,592.4030440901269,7.448952513734285,,94.18901422293578,,,,94.86755081344225,,58.385178455653445,,1.6259714462309562,,,,,2018,5
631,631,RIVER VAIGAI AT MADURAI D/S,578,Madurai,MADURAI SOUTH,9.92812,78.125036,2018-05-15 08:30:00,,176.34689678832632,5.475920631153066,662.3718667754479,7.882818326528306,,148.6662740614786,,,0.7393841841828892,41.09556070897093,,28.49069403129418,,2.681632035850936,,,,,2018,5
632,632,RIVER VAIGAI AT MADURAI U/S,578,Madurai,MADURAI SOUTH,9.927433,78.121013,2018-05-15 08:30:00,,120.61823145405477,6.607274334717936,352.6303555896857,6.469230928056036,,138.55729904108608,,,,10.07976676277518,,71.800668029599,,1.9562494169886921,,,,,2018,5
633,633,RIVER VENNAR AT THANJAVUR D/S,586,Thanjavur,THANJAVUR,10.816856,79.140224,2018-05-15 08:30:00,0.910478329460159,211.93096387748275,5.082996899609437,396.67714461499037,6.476206510842845,,202.07945693521552,,,,93.78566346468058,,65.09533328131894,,0.01,,,,,2018,5
634,634,SAKTHI NAGAR NEAR MUNICIPALITY SEWAGE TREATMENT PLANT KOMPURANKADU METTUR,574,Kancheepuram,SRIPERUMBUDUR,13.00996,80.162403,2018-05-15 08:30:00,,65.41511422342955,7.840241794724886,40.0,7.142229864388802,,197.56830315294533,,,,68.13565658755522,,46.26746854979692,,0.13535259051040027,,,,,2018,5
635,635,SARABANGA AT SALEM D/S OF TEXTILE DYEING INDUSTRIES EFFLUENT TAMILNADU,584,Salem,SALEM,11.649094,78.148011,2018-05-15 08:30:00,,55.55786539915836,5.449022210424448,567.2123060509773,7.084419693143803,,295.67074707459767,,,0.43013699111726683,124.77406079261694,,51.24088519898215,,1.027908959863608,,,,,2018,5
636,636,SRIVAIKUNDAM - BLOCK DEVELOPMENT OFFICE - OPEN WELL,594,Thoothukudi,Thoothukudi,8.625282,77.907778,2018-05-15 08:30:00,,236.44803834058385,6.307843832482475,586.0393245771263,8.071851396999442,,74.33106729821064,,,0.3931037844216808,102.79583580039537,,50.31294910029165,,2.02532301966014,,,,,2018,5
637,637,SRIVAIKUNDAM - TNEB SUB STATION 33 KVA OPPOSITE TO TIRUNELVELI MAIN ROAD OPEN WELL,592,Tirunelveli,NANGUNERI,8.575329,77.769134,2018-05-15 08:30:00,0.09532468987768358,116.17605996921681,6.140364732002823,796.6926780904332,7.05720783319281,,114.17869823528211,,,0.736627143203897,98.30877318340752,,11.003335847410238,,0.6185806897329255,,,0.02415067797379193,,2018,5
638,638,SURIYAMPALAYAM BOREWELL (HAND PUMP) OWNED BY ERODE CORPORATION LOATED OPPOSITE TO M/S. PIONEER PROC,573,Erode,ERODE,11.408563,77.685422,2018-05-15 08:30:00,3.198431223719264,214.2735454050976,7.301057696443995,292.90567404392067,7.984617419246451,,87.32227334629432,,,,78.1183456293811,,60.88704562062263,,0.9603879699620179,,,0.07816701368479449,,2018,5
639,639,TAMBIRAPARANI AT ARUMUGANERI TAMILNADU,594,Thoothukudi,Thoothukudi,8.624431,78.068808,2018-05-15 08:30:00,1.5602041821905737,10.0,6.6798405096653335,452.4052629135017,7.296780940685861,,180.92738213523995,,,0.1339229785232183,89.12487336432224,,5.0,,0.9242709712303852,,,0.15365731355994472,,2018,5
640,640,TAMBIRAPARANI AT BDG.NR. MADURA COATS LTD.PAPAVINASAM TAMILNADU,592,Tirunelveli,AMBASAMUDRAM,8.663294,77.422222,2018-05-15 08:30:00,0.17409376834568754,270.72009100558864,6.162023141294084,591.1760339420919,7.244036938271532,,241.95823775204028,,,0.7872622186640429,44.935125380384086,,36.56527463666905,,1.7448316768356174,,,,,2018,5
641,641,TAMBIRAPARANI AT CHERANMADEVI CAUSE WAY TAMILNADU,592,Tirunelveli,AMBASAMUDRAM,8.700586,77.56595,2018-05-15 08:30:00,0.941092963523739,16.15168770502737,9.281164146408655,140.39544243167143,6.969773651742472,,233.49496880974067,,,,43.96140730076888,,45.93120227183047,,2.251381260562863,,,,,2018,5
642,642,TAMBIRAPARANI AT ERAL THOTHUKUDI TAMILNADU,594,Thoothukudi,Thoothukudi,8.620606,78.022839,2018-05-15 08:30:00,2.867302546814989,103.65154186834813,7.8998340034652035,646.0956583531542,7.7122205542365965,,213.3108878315443,,,,117.63017946608278,,45.84452185308254,,0.9676468143910805,,,,,2018,5
643,643,TAMBIRAPARANI AT KALLIDAI KURICHI TIRUNELVELI TAMILNADU,592,Tirunelveli,AMBASAMUDRAM,8.69375,77.462681,2018-05-15 08:30:00,,201.21767134514442,5.3719808814514955,365.05518926104884,7.297503059394365,,375.51443723623277,,,0.4969961106854027,92.73625468758868,,36.074453850435255,,1.286387136580183,,,,,2018,5
644,644,TAMBIRAPARANI AT MURAPPANADU TAMILNADU,594,Thoothukudi,Thoothukudi,8.721606,77.832797,2018-05-15 08:30:00,0.11512065524757434,83.98384866673253,5.547848324139834,246.48138349470025,7.451286800657498,,269.5189901607197,,,,31.380454345342528,,29.24312699800239,,1.2590907475287043,,,,,2018,5
645,645,TAMBIRAPARANI AT PAPPANKULAM TAMILNADU,592,Tirunelveli,AMBASAMUDRAM,8.758606,77.424597,2018-05-15 08:30:00,0.5004830855979349,135.3511636017318,5.684133752316576,274.88651775289037,7.024880772665117,,138.35354230492229,,,,102.1185050621054,,66.01534491763249,,1.071552312398562,,,0.01,,2018,5
646,646,TAMBIRAPARANI AT RAIL BDG. NR. AMBASAMUDAM TAMILNADU,592,Tirunelveli,AMBASAMUDRAM,8.729581,77.467289,2018-05-15 08:30:00,,160.22378356204618,6.883464921463853,334.989511392356,7.724503784394134,,106.06421276433953,,,0.2847165214888492,124.05494691917934,,51.75574121487039,,2.0387878989636405,,,0.01,,2018,5
647,647,TAMBIRAPARANI AT SIVALAPERI CONFLUENCE POINT OF KUTTRALAM FALLS D/S OF PALAYAMKOTTAI TIRUNELVELI TA,592,Tirunelveli,PALAYAMKOTTAI,8.700031,77.690869,2018-05-15 08:30:00,,28.02340216820754,6.234881930072465,492.04733144400626,7.373525215640815,,235.84397988548474,,,0.1501401489208501,110.67788517774804,,30.135183121449998,,1.0451123911715934,,,0.013070013873715064,,2018,5
648,648,TAMBIRAPARANI AT SRIVAIKUNTAM D/S OF SK ANAICUT TIRUNELVELI TAMILNADU,594,Thoothukudi,Thoothukudi,8.627358,77.909,2018-05-15 08:30:00,1.0819202478118435,198.8867113182169,5.900192483118003,511.5445601539966,6.64359721276408,,353.34442537071595,,,0.43322130766361744,80.29606189367473,,19.286301295690517,,1.7171594948338087,,,,,2018,5
649,649,TAMBIRAPARANI AT TIRUNELVELI COLLECTORATE TAMILNADU.,592,Tirunelveli,TIRUNELVELI,8.734125,77.716764,2018-05-15 08:30:00,,95.39428663073606,6.1080229241736665,890.5340428818554,7.107204520398713,,220.59909705062088,,,,44.97482510067037,,19.608281460634313,,1.488180829661943,,,,,2018,5
650,650,TAMBIRAPARANI AT VELLAKOIL TIRUNELVELI TAMILNADU,592,Tirunelveli,TIRUNELVELI,8.718019,77.703531,2018-05-15 08:30:00,0.6595972231715117,246.01098568703293,3.093391603060168,223.5402082024997,7.665276372444762,,141.63110960952764,,,,135.9466021652175,,20.72845510869827,,0.6506726326613452,,,,,2018,5
651,651,THALAVAIPETTAI BHAVANI,573,Erode,BHAVANI,11.456295,77.615817,2018-05-15 08:30:00,,358.90635004611426,9.756343733034797,342.0847964430539,7.128206363352856,,218.93021545291654,,,,96.88937089990065,,26.633179607712176,,2.5671712416239147,,,0.31463637599897143,,2018,5
652,652,THANJAVUR,586,Thanjavur,THANJAVUR,10.786359,79.157779,2018-05-15 08:30:00,1.2259836410507128,11.02440868938777,5.673531012170872,436.00219115968736,7.359989334093442,,277.5761746991032,,,0.09818618233343261,20.507610560823338,,50.95048676289437,,0.06738318955534073,,,,,2018,5
653,653,THENPENNAIYAR AT CHOKKARASANAHALLI BRIDGE (BANGALORE),571,Dharmapuri,DHARMAPURI,12.863435,77.831855,2018-05-15 08:30:00,,110.35302492212244,5.841009269883468,742.6951157633396,6.529056518128788,,143.57409415687147,,,0.16186386266204592,25.485531860375083,,14.74665016883909,,0.1279000834761712,,,0.01,,2018,5
654,654,THIRUKKANUR,596,Viluppuram,Viluppuram,11.991116,79.639712,2018-05-15 08:30:00,,143.9817788481709,7.324051045218279,548.1227523602784,7.964797437462388,,192.24645398100992,,,,86.60476329746315,,5.0,,1.4440004361677827,,,,,2018,5
655,655,THIRUMANIMUTHAR AT SALEM D/S OF SAGO & TEXTILE DYING INDUSTRIES TAMILNADU,584,Salem,SALEM,11.645876,78.120341,2018-05-15 08:30:00,0.20677746784881768,157.41520830871085,5.951337752816965,298.39540450120614,7.276410312785167,0.001,267.83264787521694,,,0.02626541017687143,34.737386562182586,,58.20565492532372,,2.2484847302507704,,,,,2018,5
656,656,TIRCHIRAPPALLLI-SRIRANGAM,591,Tiruchirappalli,TIRUCHIRAPPALLI,10.822062,78.688706,2018-05-15 08:30:00,0.22850780121237527,187.96676248372938,8.132201756993615,408.2674314404703,7.321408424443268,,361.4083334485098,,,,144.81832980971828,,29.87674092343378,,0.01,,,,,2018,5
657,657,TIRUNELVELI,592,Tirunelveli,PALAYAMKOTTAI,8.707446,77.742528,2018-05-15 08:30:00,0.9881933443584847,44.68774647983801,7.033824245068986,540.5444582161421,6.75023350381681,,240.41810271046302,,,0.09050119256247001,124.03293349154254,,35.15943866604012,,2.0967736188915023,,,0.03203928398641815,,2018,5
658,658,UDHAGAMADALEM LAKE (OOTY) TAMILNADU,587,Nilgiris,Pandalur,11.400623,76.690453,2018-05-15 08:30:00,0.3234826544958267,287.9526016402008,4.832263828168797,747.4486605143518,7.278332870388894,,341.93408659524687,,,0.06436947782491184,88.65258914445398,,28.15179372500568,,1.1670014968166376,,,,,2018,5
659,659,VASISTA AT SALEM D/S OF SAGO INDUSRIES EFFLUENT TAMILNADU,584,Salem,SALEM,11.647853,78.138125,2018-05-15 08:30:00,,144.99097947293157,5.224060388275408,514.9424735758524,7.219106078988739,0.0020606059573154588,47.98031245649932,,,0.2402941188497421,47.23489774150319,,49.500448541553084,,2.27102237633685,,0.0025180493840006174,,,2018,5
660,660,VEERANAM LAKE AT CUDDALORE TAMILNADU,570,Cuddalore,KATTUMANNARKOIL,11.341111,79.523058,2018-05-15 08:30:00,0.05,118.5802646065285,5.620519029809866,249.04647221019343,7.164716335833671,,196.61756457061793,,,0.1698283877613246,103.36720669339454,,29.69760247100008,,0.5611683883529911,,,0.09181418803186722,,2018,5
661,661,WELL AT KATTERIKUPPAM,596,Viluppuram,Viluppuram,12.001161,79.700722,2018-05-15 08:30:00,1.5511504042045772,116.15220615658735,4.917898231848333,327.1817273227573,7.674729951061557,,324.58597480789285,,,,65.6341147645116,,35.99460976916018,,1.8947554484767453,,,,,2018,5
662,662,WELL AT KOTHAPURINATHAM THIRUVANDARKOIL,596,Viluppuram,Viluppuram,11.930541,79.661783,2018-05-15 08:30:00,,124.96410790583955,7.301855905323365,703.4485136290205,7.705108961960147,,161.3145565320329,,,0.13491571048618922,52.944349189496435,,17.950345799128918,,1.913216974724664,,,,,2018,5
663,663,WELL AT MUSIRI TAMIL NADU,591,Tiruchirappalli,MUSIRI,10.954883,78.443933,2018-05-15 08:30:00,,218.79032139090697,6.250241484698893,493.5525419941821,7.540169769675679,,355.522237353398,,,,115.2097199596229,,31.455336993645773,,0.7860107613394434,,,,,2018,5
664,664,WELL AT VADAMATTAM KARAIKAL,589,Tiruvallur,TIRUVALLUR,10.963617,79.678261,2018-05-15 08:30:00,0.7802755606788642,124.79242054371507,6.335612506767269,198.77279978451145,6.0,,186.21838898790298,,,0.15895586799894165,68.40334887518691,,62.03515337339472,,0.01,,,,,2018,5
665,665,YERCAUD LAKE SALEM TAMILNADU,584,Salem,YERCAUD,11.783642,78.211153,2018-05-15 08:30:00,,118.57067348791317,4.922271859136655,713.6207280618199,8.068006591771566,0.0012867393254062656,185.21187095397252,,,,98.70287326125826,,17.798512675503623,,1.1511221363458544,,0.012638447230216022,,,2018,5
666,666,ALWARTHIRUNAGARI - VETERINARY DISPENSARY WEST CAR STREET NEAR OVER HEAD TANK OF BORE WELL,594,Thoothukudi,Thoothukudi,8.605592,77.944361,2018-06-15 08:30:00,,25.806679580056908,6.600647002113121,212.31038755872962,6.818094987317764,,143.3132868611838,,,0.9322495843067604,63.480858847121794,,43.396002743124704,,0.8610474264714592,,,,,2018,6
667,667,AMRAVATI AT 1KM D/S FROM EFF.DIS. PT. AT MADHUTHUKKULAM,572,Dindigul,PALANI,10.541244,77.368656,2018-06-15 08:30:00,0.7748000411482815,132.0481994275707,5.310167550674441,473.1612972601292,7.482355817740167,,254.67703157777714,,,0.07541055207043806,49.74265179092018,,36.62557638571583,,0.01,,,,,2018,6
668,668,ARIYAPPAMPALAYAM SATHYAMANGALAM,573,Erode,SATHYAMANGALAM,11.488793,77.241248,2018-06-15 08:30:00,0.9644000094551685,165.32095435529516,6.979123289137011,318.56357455603984,8.214636174501873,,51.153201471014455,,,0.3708006100001319,119.52243125010855,,27.70028154679259,,1.2726327223736855,,,,,2018,6
669,669,AUTHOR - MUKKANI AGRAGARAM STREET INFRONT OF THIRU N. SAMUTHRAPANDI HOUSE BORE WELL,594,Thoothukudi,Thoothukudi,8.634908,78.07465,2018-06-15 08:30:00,0.05,138.81082394929507,7.433115274150726,129.07315364324745,7.161987629402906,,159.9646885543684,,,0.07289300899185112,102.61415975511655,,25.622566077840276,,0.01,,,,,2018,6
670,670,BAHOUR LAKE,570,Cuddalore,CUDDALORE,11.819442,79.729208,2018-06-15 08:30:00,0.6635272053695555,106.03298206177935,6.323167838292455,456.9139420578461,7.697189421173591,,180.30314683673706,,,0.43302504572098205,94.95348315005515,,24.735442529094385,,2.064576399109589,,,,,2018,6
671,671,BHAVANI AT BHAVANI SAGAR TAMILNADU,573,Erode,SATHYAMANGALAM,11.485294,77.134603,2018-06-15 08:30:00,1.0638202174515676,10.0,5.685223584244241,344.2736290954556,6.321762970251313,,31.437264680802457,,,,83.4670465721051,,49.737787475278694,,0.27406736782765306,,,,,2018,6
672,672,BHAVANI AT BHAVANI TAMILNADU,573,Erode,BHAVANI,11.454094,77.679567,2018-06-15 08:30:00,,107.22012016067308,4.977220907294602,254.45086643215157,6.609409085269324,,205.42319202511962,,,0.16543099547652215,75.70905988802109,,35.18982281133846,,0.3886686254984253,,,0.20722974898257226,,2018,6
673,673,BHAVANI AT D/S OF BHAVANISAGAR SATHYAMANGALAM ERODE TAMILNADU,573,Erode,SATHYAMANGALAM,11.503881,77.247036,2018-06-15 08:30:00,,133.96251266755877,6.341890174169865,405.44494055680184,7.208778894618114,0.001,199.29283130073918,,,0.08256390709167007,96.17263367090018,,31.744999080820662,,1.574521583747403,,0.0075952447672756095,,,2018,6
674,674,BHAVANI AT D/S OF KALINGARAYAN CANAL (B10) ERODE TAMILNADU,573,Erode,BHAVANI,11.438223,77.681462,2018-06-15 08:30:00,0.05592952211007307,10.0,4.8846311329037535,341.27565918420487,7.50352718197253,0.0014387887666452192,61.398358040245725,,0.02,0.04550468595488982,100.53691577251459,,47.27997945643094,,1.1590521234876576,,,,,2018,6
675,675,BHAVANI AT PATHIRAKALIAMMAN KOIL TAMILNADU,589,Tiruvallur,TIRUVALLUR,11.469259,77.296165,2018-06-15 08:30:00,0.5181180800559811,142.45098934261495,6.744024510085997,572.1197338771491,6.901032655421055,,20.0,,,0.028259526906565517,86.54809179030252,,49.18488351770725,,0.7928187772874372,,,0.05718238014608822,,2018,6
676,676,BHAVANI AT SIRUMUGAI TAMILNADU,569,Coimbatore,Mettupalayam,11.319948,77.011429,2018-06-15 08:30:00,0.27250207785808167,144.66914501055086,6.201382737210765,642.7668763399162,7.036315103788338,,147.25754614277506,,,0.174906201480202,135.53138009474816,,5.050873281014802,,2.128966137406423,,,,,2018,6
677,677,BHAVANI AT U/S OF KALINGARAYAN CANAL (B5) ERODE TAMILNADU,573,Erode,ERODE,11.442818,77.676045,2018-06-15 08:30:00,,13.899027044067438,6.667978515585625,461.8574163473054,7.399177058520155,,227.41622355238877,0.01,0.02,0.5597698982854415,112.29355128238637,,52.03838606432096,,1.6459268454809486,,,0.2174863912472012,,2018,6
678,678,BOREWELL AT PASUPATHY PUDUR VILLAGE PALANI TALUK DINDIGUL DIST.,572,Dindigul,PALANI,10.448726,77.517259,2018-06-15 08:30:00,0.11309247499724104,125.16304504077779,7.216764040197822,309.52955465901414,8.343962835052396,,306.45698657542454,,,,86.57842321856418,,74.74397575995742,,1.2292959410865782,,,,,2018,6
679,679,BORE WELL AT VANNIARVALASU VILLAGE NEAR ELEMENTARY SCHOOL THOPPAMPATTI PANCHAYAT UNION PALANI TALUK,572,Dindigul,PALANI,10.576266,77.529657,2018-06-15 08:30:00,,233.80482630740113,5.646431984001348,830.6377970968367,7.18709532292579,,144.42360788329717,,,0.43670337968933937,57.670678288892475,,48.35255734659984,,1.5221156091712977,,,,,2018,6
680,680,BOREWELL LOCATED AT M/S. PHOENIX TEXTILE PROCESSORS VENDIPALAYAM ERODE,573,Erode,ERODE,11.327414,77.745903,2018-06-15 08:30:00,0.23459079708623817,140.05053394731706,5.555208904774306,159.35455329805734,7.330681986487863,0.001,96.70025475365672,,,0.027335598791205423,128.9787632413623,,22.839989131757797,,2.9337967785063954,,,0.0451282678658147,,2018,6
681,681,BOREWELL NEAR KAMBARASAMPETTAI INTAKE WELL (TRICHY UPSTREAM),591,Tiruchirappalli,TIRUCHIRAPPALLI,10.787066,78.690243,2018-06-15 08:30:00,,73.68126240480763,4.282089763905902,40.0,7.402871693433492,,239.12187424770028,,,0.16155716329747866,121.56308656896135,,17.233168779146325,,2.044881001335991,,,0.13052754007481301,,2018,6
682,682,BOREWELL NEAR THOGUR INTAKE WELL (TRICHY DOWNSTREAM),591,Tiruchirappalli,TIRUCHIRAPPALLI,10.786916,78.690657,2018-06-15 08:30:00,0.10583669436088616,116.75095829434551,6.177037338090509,416.9445547163355,6.663944463949901,,434.85954882471754,,,,103.20264614139029,,35.436324367258585,,1.7730647874306247,,,,,2018,6
683,683,CAUVERY AT 1KM. D/S OF BHAVANI RIVER CONFL. TAMILNADU,573,Erode,BHAVANI,11.445663,77.677626,2018-06-15 08:30:00,0.209435754177113,189.45692947084444,5.843859012901148,1022.9148377140353,7.92661737411564,,209.55966719190823,,,,101.15907060221862,,22.49779498345214,,1.4732475787583705,,,,,2018,6
684,684,CAUVERY AT COLEROON TAMILNADU,579,Nagapattinam,NAGAPATTINAM,11.326822,79.702981,2018-06-15 08:30:00,,179.85566275153178,5.60214762204503,677.8611427340471,6.821262402518023,,224.0323444725222,,,,39.72266129622668,,20.68235374841349,,1.337127836722804,,,,,2018,6
685,685,CAUVERY AT ERODE NEAR CHIRAPALAYAM TAMILNADU,573,Erode,ERODE,11.335795,77.753762,2018-06-15 08:30:00,0.4315500734050746,182.51977915685057,6.95365551251346,991.1718367064636,6.894254717693483,,265.1715439118607,,,0.07988018517166959,72.33281816263002,,59.740729665696065,,0.5085717904475713,,,,,2018,6
686,686,CAUVERY AT KOMARAPALAYAM NAMAKAL TAMILNADU,580,Namakkal,Tiruchengode,11.423503,77.685261,2018-06-15 08:30:00,0.3193961499905706,144.57768354365518,6.360314120646679,816.6856882796073,8.47255566649109,,318.29443068864646,,,0.21839992350122747,116.30815754407402,,41.747265409990774,,1.4449049512039964,,,,,2018,6
687,687,CAUVERY AT KUMBAKONAM THANJAVUR TAMILNADU,586,Thanjavur,KUMBAKONAM,10.968137,79.378248,2018-06-15 08:30:00,,272.92848536506574,7.457709258393874,136.68312795872816,7.774174490119249,,160.12012523335653,,,0.3348079652237167,48.89382560048721,,83.56991904686757,,0.6870680564825196,,,,,2018,6
688,688,CAUVERY AT MAYILADUTHURAI NAGAPATTINAM TAMILNADU,579,Nagapattinam,Mayiladuthurai,11.104894,79.651871,2018-06-15 08:30:00,0.4278751905579019,80.56653800405982,7.508728055340059,268.4357686172098,7.315522839389053,,80.7036686835328,,,,157.30523222682743,,64.54571529900166,,0.01,,,0.03707225557912019,,2018,6
689,689,CAUVERY AT METTUR,584,Salem,METTUR,11.796255,77.806971,2018-06-15 08:30:00,,110.8134059931023,7.053636225296112,614.2042778163842,7.754569063623224,,271.770516259322,,,0.578066692482356,65.91977126714573,,49.59551088859804,,2.609340076155183,,,0.23211393275618408,,2018,6
690,690,CAUVERY AT MOHANUR NEAR PATTAIPALAYAM TAMILNADU,580,Namakkal,NAMAKKAL,11.064392,78.120358,2018-06-15 08:30:00,,118.7156768601131,6.2944924342100785,469.22611436242676,7.466951285663288,,80.23303082689965,,,0.4057268202754743,10.0,,40.98278300335298,,3.266858928133254,,,,,2018,6
691,691,CAUVERY AT MUSIRI,591,Tiruchirappalli,MUSIRI,10.955345,78.443949,2018-06-15 08:30:00,,75.46256817142697,8.040925634214677,118.41031951553356,7.662747360027801,,237.784769676542,,,,172.73798201153542,,52.20267148004961,,1.543009007104611,,,,,2018,6
692,692,CAUVERY AT PALLIPPALAYAM,580,Namakkal,Tiruchengode,11.368215,77.741107,2018-06-15 08:30:00,0.46144011209492164,183.99418396239335,5.16233209285399,408.8156987961352,7.677467923751551,,93.17762393033541,,,0.03772449039360571,99.95099499608958,,45.0569390693728,,1.6713601057860716,,,,,2018,6
693,693,CAUVERY AT PETTAIVAITHALAI TRICHY TAMILNADU,591,Tiruchirappalli,SRIRANGAM,10.906389,78.489697,2018-06-15 08:30:00,0.6361017754891483,103.53281120629248,3.5711551822698993,409.45641959680336,7.512324256194371,,110.3800621008003,,,0.18621656256834046,117.38630120592964,,39.152811483349325,,0.10842331710617525,,,,,2018,6
694,694,CAUVERY AT PITCHAVARAM TAMILNADU,570,Cuddalore,CHIDAMBARAM,11.418828,79.772375,2018-06-15 08:30:00,0.8337270988553082,177.33645457909674,7.927301941356172,267.834020578715,8.594176193914858,,77.15143679204078,,,,82.30777320129138,,44.92974083442334,,0.06726949637049717,,,,,2018,6
695,695,CAUVERY AT PUGALUR KARUR TAMILNADU,576,Karur,KARUR,10.974467,78.180075,2018-06-15 08:30:00,0.3395041059846913,134.56848256458613,7.662418269957466,547.5240038536336,7.372580764183723,,203.4389909832915,,,0.14769923601870255,10.0,,55.788040567437086,,1.4633806935282507,,,,,2018,6
696,696,CAUVERY AT THANJAVUR TAMILNADU,610,Ariyalur,Sendurai,11.34,79.24,2018-06-15 08:30:00,0.1452601874311498,200.51288320212439,6.450898957765917,417.7742524398045,7.117808228852467,,199.55751131122975,,,,61.87151607120984,,40.3125376280735,,0.35373070511181237,,,,,2018,6
697,697,CAUVERY AT THIRUMUKKUDAL-CONFL. PT.OF R. AMRAVATI TAMILNADU,576,Karur,KARUR,11.050024,78.120645,2018-06-15 08:30:00,0.2121626676702527,50.498596434167226,7.632458606907253,318.3785464764735,7.529272631312343,,177.5622080206733,,,,118.21992535943808,,18.695650159319342,,1.6907681325374697,,,,,2018,6
698,698,CAUVERY AT TIRUCHIRAPPALLI D/S TAMILNADU,591,Tiruchirappalli,SRIRANGAM,10.766809,78.665272,2018-06-15 08:30:00,0.27789847400521345,132.03795990191207,7.389220341603739,386.6069422670464,7.113419653578325,,194.62163193091405,,,,84.03483558180106,,44.190812427385644,,1.326107646752755,,,,,2018,6
699,699,CAUVERY AT TIRUCHIRAPPALLI U/S TAMILNADU,591,Tiruchirappalli,TIRUCHIRAPPALLI,10.833263,78.718224,2018-06-15 08:30:00,0.8614714293075519,296.76844608339024,5.478583421063018,596.3735975919525,7.484633010646299,,204.92792499179887,,,0.01,14.779776451814897,,43.17029412994425,,0.5707423267537198,,,,,2018,6
700,700,CAUVERY AT TRICHY GRAND ANAICUT TAMILNADU,586,Thanjavur,Thiruvaiyaru,10.830327,78.81177,2018-06-15 08:30:00,0.11690965993805555,10.0,5.153294025448518,461.59013994821805,7.750382314088971,,230.68139111319027,,,0.1131992565313203,20.139596336446687,,10.884459433651891,,1.470090074044148,,,0.14128546229188368,,2018,6
701,701,CAUVERY AT URRACHIKOTTAI ERODE TAMILNADU,580,Namakkal,Tiruchengode,11.354178,77.750436,2018-06-15 08:30:00,0.15603017080521944,65.41234880965874,8.051813702633867,592.9140768216837,6.684928451473999,,174.29045826983187,,,0.15016313150880767,66.3427435055491,,27.351316959974724,,0.01,,0.020230414737067402,,,2018,6
702,702,CAUVERY AT VAIRAPALAYAM NAMAKAL TAMILNADU,580,Namakkal,Tiruchengode,11.361583,77.742411,2018-06-15 08:30:00,0.05,153.98394507814282,9.012074870059912,236.37849884965942,7.912423130535244,,217.62297616956437,,,,53.87274086498001,,56.807868624411704,,0.33088649769796263,,,,,2018,6
703,703,CAUVERY AT VELORE NEAR KATTIPALAYAM TAMILNADU,580,Namakkal,Paramathivellur,11.18,78.01,2018-06-15 08:30:00,0.3411755341251584,262.9404359064258,5.739855869739561,713.1854596454905,7.708178987347516,,20.0,,,,57.47451751393641,,78.78745383239158,,0.9896742417000272,,,,,2018,6
704,704,CHENNAI-1 NESAPAKKAM (ZONE-IV),568,Chennai,CHENNAI,13.035832,80.193265,2018-06-15 08:30:00,,120.39284468508427,7.291209194082934,637.4783198908191,7.750634409650362,,252.11250707279763,,,0.03501624502425284,130.96112251993173,,23.775937004615475,,2.0274880784116474,,,,,2018,6
705,705,CHENNAI-2 PERUNGADI(ZONE-V),574,Kancheepuram,KANCHEEPURAM,12.9566,80.23435,2018-06-15 08:30:00,0.07532364785802048,79.52776476861084,5.6231398638816215,393.5360019254944,7.278617123941209,,135.71218885524266,,,0.30572079100594013,153.58216591044032,,55.50688518554783,,2.2232670955539375,,0.012049945056977637,,,2018,6
706,706,CHENNAI-3KODUNGAIYUR (ZONE I&II),568,Chennai,CHENNAI,13.138808,80.260799,2018-06-15 08:30:00,,120.48169086533535,5.619067938513511,349.1546230921889,7.575625314676796,,190.42811078350397,,0.02,0.8483764801583564,72.3317022290292,,19.210040254035924,,0.01,,0.010523362465302378,,,2018,6
707,707,CHENNAI-4 KOYAMBEDU (ZONE-III),568,Chennai,CHENNAI,13.0642,80.200156,2018-06-15 08:30:00,,136.67935764604647,7.351519375260279,654.1634450133711,7.2194558570548955,,181.36893456420847,0.01,,0.30837493285391343,134.21840191039902,,44.49465499449914,,0.01,,0.009316825805969382,,,2018,6
708,708,CHENNAI WATERWAYS AT BUCKINGHAM CANAL (ICE HOUSE),568,Chennai,CHENNAI,13.050823,80.278958,2018-06-15 08:30:00,,250.75065589182114,6.5163387372569925,485.6046840693723,7.009649301493732,,166.44174338973846,,0.02,0.09064092191675778,135.3672528605282,,67.49160830824204,,0.7220822994475027,,,,,2018,6
709,709,CHENNAI WATERWAYS AT BUCKINGHAM CANAL (TIDAL PARK),568,Chennai,CHENNAI,12.988133,80.25192,2018-06-15 08:30:00,,320.4212196378772,5.6287312440353485,525.0957370559712,7.312158745926875,0.0022375986934886146,190.41656410090326,,,0.02409911772242962,118.87702324850721,,24.710868951753206,,0.9461206660827781,,,,,2018,6
710,710,CHENNAI WATERWAYS AT BUCKINGHAM CANAL X OTTERI NULLAH CONFLUENCE (GMR VASAVI INDUSTRIES),568,Chennai,CHENNAI,13.10524,80.271091,2018-06-15 08:30:00,0.3211948031796302,153.5240587802768,5.585439861783082,1018.9145386504571,7.227118250431861,,265.33325855014965,,0.02,0.06534133796494371,28.146002187258112,,66.54125436419658,,1.690612435728915,,,0.01,,2018,6
711,711,CHENNAI WATERWAYS AT CAPTAIN COTTON CANAL (ERUKANJERI),568,Chennai,CHENNAI,13.126266,80.256935,2018-06-15 08:30:00,0.3271366494462944,178.12092978688483,5.326372371772918,120.6088732134819,7.3946011949175245,0.0023222519870457663,298.8370781367794,,,0.5157911441051426,53.39931612739168,,47.47067378541661,,1.754964890028948,,,,,2018,6
712,712,CHENNAI WATERWAYS AT CC X BC CONFLUENCE (KODUNGAIYUR),568,Chennai,CHENNAI,13.136803,80.249192,2018-06-15 08:30:00,,26.57940672800632,7.875784590479646,205.28795667247223,8.081936216906694,0.009786164118105529,94.82730714316283,,,,105.37181294568032,,23.910718123946175,,2.219747079743589,,,0.03784181510926454,,2018,6
713,713,CHENNAI WATERWAYS AT MAMBALAM DRAIN (GOLF COURSE),568,Chennai,CHENNAI,13.022221,80.233657,2018-06-15 08:30:00,,96.2954222221824,9.969990431691073,624.6682373636761,6.595934950183843,0.001415910547052961,161.4732694772048,,,,158.601464924067,,51.1738910061419,,0.9926998314937194,,,0.13342969085413248,,2018,6
714,714,CHENNAI WATERWAYS AT MAMBALAM DRAIN (USMAN ROAD),568,Chennai,CHENNAI,13.028381,80.227747,2018-06-15 08:30:00,,253.11890238464795,4.820789400981475,625.2146806612643,8.437675963685484,0.005672127154887476,244.47230901411345,,,,45.71922011156381,,22.638816879787672,,0.940113658801163,,,,,2018,6
715,715,CHENNAI WATERWAYS AT OTTERI NULLAH (KILPAUK GARDEN),568,Chennai,CHENNAI,13.086538,80.234507,2018-06-15 08:30:00,0.2268141189621854,155.6542325665539,7.582509573905922,495.64753552748,7.245962820447883,0.005128998773842726,59.64712426516408,,,,40.03512564556907,,36.8457459167154,,1.53880629921763,,0.011271846331101277,,,2018,6
716,716,CHENNAI WATERWAYS AT OTTERI NULLAH (ORIGIN),568,Chennai,CHENNAI,13.099796,80.196273,2018-06-15 08:30:00,,110.43529946988832,6.742086385755253,566.6812215797358,7.629740920303057,0.001,247.9288200373024,,,,178.82496647585762,,9.798717780768701,,1.1723486081249572,,,,,2018,6
717,717,COLLECTOR WELL AT THIRUPUVANAM FOR MADURAI WAT. SUPPLY SCHEME TAMILNADU,585,Sivaganga,Sivagangai,9.826111,78.257297,2018-06-15 08:30:00,,173.087829484861,7.265824398618288,833.7484452434844,6.750559642796393,,210.68556920819955,,,,141.59362651302217,,19.2644131397453,,1.3638383018255338,,,,,2018,6
718,718,ERAL - CHARMAM ARUNACHALA SWAMY TEMPLE WEST OF BORE WELL,594,Thoothukudi,Thoothukudi,8.621439,78.016285,2018-06-15 08:30:00,0.18691177343840212,10.0,5.443087770662334,689.6017806264377,7.56715730974288,,241.57364510534254,,,0.11482044451655941,89.72063856431623,,5.0,,1.9694451780084958,,,,,2018,6
719,719,ERODE-1,573,Erode,ERODE,11.333111,77.747343,2018-06-15 08:30:00,0.29857738510527637,69.0494088848834,4.243477347124303,104.73428901756961,7.531772979614008,,162.05451396361116,0.01,,0.2052474046350726,144.12484904397937,,8.31685783407616,,1.3657115494228549,,,,,2018,6
720,720,ERODE-2,573,Erode,ERODE,11.338655,77.74513,2018-06-15 08:30:00,,35.38371944781956,4.046532496474862,701.1429211008789,7.238390139966316,0.003799968242390481,237.8125470842673,,,0.027474910597211133,98.3663048749262,,43.45952372597392,,1.6372553302898047,,,,,2018,6
721,721,HOUSE OF THIRU MURUGAN S/O. ESAKKI NO.16B MEENAKSHIPURAM ANNA NAGAR TIRUNELVELI,592,Tirunelveli,TIRUNELVELI,8.727206,77.709638,2018-06-15 08:30:00,0.13749812479299023,134.99675056711285,5.953793859255484,673.4381344787836,7.371048058679375,,238.4871480566287,,,,69.99564020225742,,63.23334173850597,,1.2419659095115552,,,,,2018,6
722,722,KAKKADAVU KERALA,569,Coimbatore,POLLACHI,10.742228,77.060508,2018-06-15 08:30:00,0.10620670033240372,106.28035196894086,7.870648871462669,704.5938005008255,7.245499170866398,,251.6951866748072,,,,132.3419641032642,,14.036059726776895,,0.6122631250585123,,,0.11653113395814352,,2018,6
723,723,KARUR,576,Karur,KARUR,10.955411,78.055554,2018-06-15 08:30:00,,89.49834351746665,8.930109300190344,648.3707268711694,7.236069456848416,,278.9566340861154,,,0.04950112129858544,132.6772494486029,,29.550448340688206,,0.01,,,,,2018,6
724,724,KODAI KANAL LAKE TAMILNADU,572,Dindigul,KODAIKANAL,10.233619,77.485653,2018-06-15 08:30:00,,80.73663795027151,7.473036479312628,656.2752655721115,6.87461639596542,,266.0674839108524,,,,56.38949922739284,,35.997402607743794,,0.6007031392311805,,,,,2018,6
725,725,KOMBUPALLAM SATHYAMANGALAM,573,Erode,SATHYAMANGALAM,11.509621,77.230116,2018-06-15 08:30:00,0.05,146.46270452305887,7.420768835122984,481.73577490204883,7.619248187583692,,231.42145306638622,,,0.5897060498042608,97.51462605963644,,36.18327788085117,,1.2678923666888833,,,,,2018,6
726,726,KUMBAKONAM,586,Thanjavur,THANJAVUR,10.78627,79.15819,2018-06-15 08:30:00,0.08233775453089655,195.91585782456772,7.535705343206296,179.61937069122177,8.193628643487855,,301.3287806831838,,,,68.94033273570047,,26.459891081558585,,2.1942408656479544,,,0.03961459258947869,,2018,6
727,727,LOCATED ADJACENT TO KARU MSW DUMP SITE AND ON THE NORTHERN BANK OF RIVER AMARAVATHI AND DOWNSTREAM,576,Karur,KARUR,10.951185,78.035374,2018-06-15 08:30:00,,12.02802638238876,6.477053384175551,329.88837603471586,7.7179274585962645,,224.40854252136887,,,,56.73323583707438,,47.95279095724805,,2.336147951025559,,,,,2018,6
728,728,LOCATED ON THE SOUTHERN BANK OF RIVER AMARAVATHI AND DOWNSTREAM SIDE OF KARUR DYEING CLUSTER,576,Karur,KARUR,10.917543,78.009517,2018-06-15 08:30:00,0.8685136267971428,10.0,8.018186600523963,357.40179351351316,7.836027793513477,,318.95228211396613,,,0.13339443237703633,56.234220400510964,,33.250333935323965,,0.5770609189623628,,0.028607120091916127,,,2018,6
729,729,MADUKARAI,596,Viluppuram,Viluppuram,11.871427,79.603728,2018-06-15 08:30:00,,157.7609145170305,6.799467716369069,195.33502729090867,7.001332082540778,,262.92006114402704,,,,80.8040144883951,,53.9396343381398,,3.7197184089076334,,,0.018754821732005024,,2018,6
730,730,MAYILADUTHURAI,589,Tiruvallur,TIRUVALLUR,10.812621,79.608435,2018-06-15 08:30:00,1.3640401829210789,243.3577878270907,6.132227009467482,418.190482263068,6.818013731355605,,76.04635945608203,,,0.09956368671484035,92.02835770418267,,55.715778849093056,,0.16532358693213522,,,0.01,,2018,6
731,731,M. KALIAPPAN SANGILIMUNIYAPPAN KOVIL ERIKKADU METTUR,584,Salem,Sankari,11.478265,77.881114,2018-06-15 08:30:00,0.6728817985714993,44.63023237177525,6.191226960578388,241.30260775898543,7.772100148917519,,64.17950091768336,,,,152.08236701188451,,26.789737517097137,,1.9029874224381322,,,0.030719504945322846,,2018,6
732,732,MUNICIPAL CORPORATION BORE WELL LOCATED IN PERUMALPURAM STREET NARANAMMALPURAM TIRUNELVELI,592,Tirunelveli,PALAYAMKOTTAI,8.698363,77.738123,2018-06-15 08:30:00,,58.75110743758498,6.692322628901092,356.7566215945737,6.9605208578614,,64.67191436024981,,,,107.59105057256602,,47.32075040395393,,1.787285068645799,,,0.01,,2018,6
733,733,OVER HEAD TANK AT TIRUR VILLAGE TIRUVALLUR TALUK TIRUVALLUR PANCHAYAT UN,589,Tiruvallur,TIRUVALLUR,13.106545,79.960588,2018-06-15 08:30:00,0.7871729060450926,154.68499681535036,6.838443452554665,416.3719018008704,7.299638443430119,,141.92124231377147,,,,16.392801171863184,,49.86662449455176,,2.610383722029919,,,,,2018,6
734,734,PALAR AT VANIYAMBADI WATER SUPPLY HEAD WORK TAMILNADU,595,Vellore,VANIYAMBADI,12.679231,78.595417,2018-06-15 08:30:00,,171.42843951703583,6.351329164117759,203.9248334734409,6.91051309609085,,157.490340987885,,,,44.82648694824374,,37.28284433242931,,0.11896767784125228,,,0.015348482327170416,,2018,6
735,735,PARAMASIVAM WATER SERVICE STATION BLOCK NO.13 BSNL EXCHANGE OPPOSITE METTUR DAM - 636 402.,584,Salem,METTUR,11.803279,77.804723,2018-06-15 08:30:00,,41.06727778207117,6.712114523900317,454.91712209260044,7.23514624528801,,176.34257611176636,,,0.23089733263155973,45.458839685363984,,75.33667801170427,,1.7015016508232175,,,,,2018,6
736,736,PERUR CHETTIPALAYM PANCHAYAT LOCATED ADJACENT TO NOYYAL RIVER AT PERUR-VEDAPATTY ROAD (OPP VINAYGAR,573,Erode,ERODE,11.128875,77.39572,2018-06-15 08:30:00,,108.22457993855907,6.916876983721714,232.639380039353,7.334592759958752,,193.86202752162404,,,0.09373021040697976,98.31041914548041,,45.07691207890508,,1.0407499569921042,,,,,2018,6
737,737,POONDI LAKE AT THIRUVALLUR TAMILNADU,589,Tiruvallur,TIRUVALLUR,13.169731,79.888236,2018-06-15 08:30:00,0.09392117396595032,91.406796146344,7.760929148566536,194.15342289235915,7.272991733634547,,157.5091894127541,,,,103.41662599371296,,32.48824322729774,,1.96240759857124,,,0.049883269219970966,,2018,6
738,738,PORUR LAKE AT THIRUVALLUR TAMILNADU,589,Tiruvallur,TIRUVALLUR,13.033945,80.148344,2018-06-15 08:30:00,,138.36500918847693,7.006320454608212,480.05013382764645,7.982016449368552,,215.71895700654156,,,,145.8975563902618,,27.456472664232635,,2.342361521802469,,,,,2018,6
739,739,PULICATE LAKE AT THIRUVALLUR TAMILNADU,589,Tiruvallur,TIRUVALLUR,13.427023,80.292679,2018-06-15 08:30:00,0.3775036263908908,102.13827292533523,6.43851699736137,587.6286106085001,7.53816765676332,,282.6820937072139,,,,81.05116422177308,,49.87560183545179,,0.9542030194706148,,,,,2018,6
740,740,REDD HILLS AT THIRUVALLUR TAMILNADU,589,Tiruvallur,TIRUVALLUR,13.193092,80.172867,2018-06-15 08:30:00,,191.34724636758503,5.966064330925697,802.2363473561663,8.086032731502156,,44.0029895987131,,,,84.22726782912657,,36.829340963601645,,1.0762802347513332,,,,,2018,6
741,741,RIVER ADYAR AT EKKATTUTHANGAL,574,Kancheepuram,KANCHEEPURAM,13.026747,80.192542,2018-06-15 08:30:00,1.278174886794933,57.594723765990786,7.104251308060116,633.82821079474,7.981985049097803,,268.7035073905802,,,,38.69003016544803,,37.687494342057946,,0.3081809111702023,,,0.08922162743503002,,2018,6
742,742,RIVER ADYAR AT JAFERKHANPET,574,Kancheepuram,KANCHEEPURAM,13.02849,80.20247,2018-06-15 08:30:00,0.2826801335886083,131.9047009343672,4.942008872397317,40.0,7.553789264321093,,106.72906954635884,,,0.18888734371272367,16.97491001394488,,21.774622157491233,,1.0288588269190677,,,,,2018,6
743,743,RIVER ADYAR AT KOTTURPURAM BRIDGE,568,Chennai,CHENNAI,13.025906,80.243554,2018-06-15 08:30:00,1.0205973316327228,98.91832638726946,6.638544158747441,278.2560320316858,7.972100047813295,,171.63497878548694,,,0.1712154156669806,91.8837150452732,,35.823010322338014,,0.09058543132985131,,,0.2206964677196806,,2018,6
744,744,RIVER ADYAR AT MARAIMALAI BRIDGE,574,Kancheepuram,KANCHEEPURAM,13.02724,80.208104,2018-06-15 08:30:00,0.11489876733673585,139.61697387746835,7.6624941305494945,119.06573237013936,7.089226156332505,,20.0,,,0.01,73.68760019829814,,34.09882355185104,,0.5643633535429068,,,,,2018,6
745,745,RIVER ADYAR AT NANDAMBAKKAM,574,Kancheepuram,KANCHEEPURAM,12.965867,80.109983,2018-06-15 08:30:00,,110.8039254806526,5.671668520115355,409.62112915637755,6.6149602001272765,,266.37491872856066,,,0.05968191863363144,80.91587764434244,,35.675955379890134,,0.01421486105815295,,,0.01,,2018,6
746,746,RIVER ADYAR BEFORE GOLF COURSE,574,Kancheepuram,Tambaram,12.938473,80.094802,2018-06-15 08:30:00,,24.610915338531527,5.807117369324674,540.820702001292,8.1880110188365,,264.9148643790511,,,0.21495447180169186,99.63052123028544,,55.938135592533996,,0.45681174712855566,,,,,2018,6
747,747,RIVER ADYAR NEAR BOAT CLUB,568,Chennai,CHENNAI,13.023184,80.247552,2018-06-15 08:30:00,0.4738273516308455,76.67472987112919,5.234833948875105,763.9328289702901,6.6363095085767485,,177.88737973857462,,,0.013703862740778623,57.80254982821533,,5.04423309139041,,1.7682388628968277,,,,,2018,6
748,748,RIVER CAUVERY AT BHAWANI D/S,573,Erode,ERODE,11.422026,77.679686,2018-06-15 08:30:00,,222.49909228183841,6.08297006897737,195.557852245186,7.713757120875641,,191.66337028226707,,,0.4824453230339396,34.485409850872884,,12.86852747808705,,2.173157909821664,,,,,2018,6
749,749,RIVER CAUVERY AT ERODE U/S,573,Erode,ERODE,11.369068,77.727294,2018-06-15 08:30:00,,92.54467450506304,8.153771216597136,232.06289085700334,7.729930692840151,,213.60587557596688,0.01,,0.20270635577428917,146.29521530350488,,42.56966070627325,,1.8071853563680902,,0.001,,,2018,6
750,750,RIVER CAUVERY AT KARUR U/S,576,Karur,KARUR,11.008673,78.159341,2018-06-15 08:30:00,0.4270453027468599,161.74786976207042,6.709385839385283,633.5378067356982,8.559674448306515,,162.9192201942624,,,0.19863100639083464,10.0,,15.862017665639225,,1.3492595508487113,,,0.019880481915608487,,2018,6
751,751,RIVER CAUVERY AT KUMARAPALAYAM U/S,580,Namakkal,Tiruchengode,11.427111,77.686922,2018-06-15 08:30:00,0.3207315565697196,248.4489106593502,7.217786296957647,660.846229355765,7.774975377696546,,194.76235491764479,,,,79.6152058090899,,37.06348174194844,,2.076894348327347,,,0.05656775225411791,,2018,6
752,752,RIVER CAUVERY AT KUMBAKONAM D/S,586,Thanjavur,KUMBAKONAM,10.964811,79.351278,2018-06-15 08:30:00,,105.82655079081904,7.455608023698598,449.6432222680564,7.125049494159668,,150.6632720810368,,,,67.83851007629337,,5.0,,1.3991151753066051,,,,,2018,6
753,753,RIVER CAUVERY AT MAYILADUTHURAI D/S,579,Nagapattinam,Mayiladuthurai,11.105488,79.647969,2018-06-15 08:30:00,0.6122475862465883,165.37974790860176,5.331901569794656,503.76428798337975,7.58501458999384,,182.51447156087394,,,0.1336944477060649,102.75943286242119,,29.950845476759547,,1.1662795746548258,,,,,2018,6
754,754,RIVER CAUVERY AT PALLIPALAYAM D/S,580,Namakkal,Tiruchengode,11.365347,77.741652,2018-06-15 08:30:00,0.08406417135645168,114.88977337349226,7.781597333670766,656.5732831150542,7.701958012212997,,105.07977178158066,,,,95.90534057277657,,41.16006042963822,,0.1967818780571866,,,,,2018,6
755,755,RIVER COOUM AT AMANJIKARAI,568,Chennai,CHENNAI,13.068081,80.231405,2018-06-15 08:30:00,0.16386257806559568,77.32380433792797,6.04696262172821,726.6748847668632,7.897248740811987,,145.63972576187103,,,,81.1940750769072,,28.007361678113345,,0.3786996136926567,,,0.01,,2018,6
756,756,RIVER COOUM AT ANNA NAGAR,568,Chennai,CHENNAI,13.07865,80.207011,2018-06-15 08:30:00,1.5865952880000573,30.790205399303716,7.778219816148368,485.2506802149493,7.100390058454203,,170.17349235447878,,,0.3144106336667795,10.0,,31.462767540328958,,0.998293271199136,,,0.0385145008235229,,2018,6
757,757,RIVER COOUM AT ARUMBAKKAM,568,Chennai,CHENNAI,13.074866,80.221849,2018-06-15 08:30:00,0.18846630289060837,306.369398676297,4.671369635063114,374.1330544705611,8.055867934024265,,177.3861037131746,,,,74.67830279111742,,57.93983259691075,,1.3364523065663996,,,,,2018,6
758,758,RIVER COOUM AT COLLAGE ROAD,568,Chennai,CHENNAI,13.070824,80.249921,2018-06-15 08:30:00,0.2789954346199963,209.02180142520442,6.444343416917513,340.49640240697636,7.296003807198881,,190.50561359698705,,,,106.4973036555212,,37.33501487630072,,0.6063327240617785,,,0.6579478704851662,,2018,6
759,759,RIVER COOUM AT NAPIER BRIDGE,568,Chennai,CHENNAI,13.069423,80.284355,2018-06-15 08:30:00,,216.17992026889368,7.139470064272448,314.1971444866448,7.945930634776216,,200.17895197617804,,,0.01,48.993590885053486,,27.557923337507685,,2.165228578763442,,,,,2018,6
760,760,RIVER COOUM AT POONAMALLE,589,Tiruvallur,TIRUVALLUR,13.065634,80.113691,2018-06-15 08:30:00,0.3740218181772664,134.46968891859458,4.6642711038687965,121.26202360542749,7.822530730205683,,132.97135389766945,,,,14.277731233024113,,35.35182520636727,,0.8067644689544763,,,,,2018,6
761,761,RIVER COOUM NEAR CENTRAL JAIL,589,Tiruvallur,TIRUVALLUR,13.169913,80.21808,2018-06-15 08:30:00,0.056506158170937314,10.0,4.92503923586174,568.0056281464667,7.929650286555652,,89.05071505325147,,,,116.27770141807673,,33.82261579528291,,0.5293104959993538,,,,,2018,6
762,762,RIVER LOCATIONS AT KUMARAPALAYAM,580,Namakkal,Tiruchengode,11.447221,77.691963,2018-06-15 08:30:00,,40.71270917347091,5.583841636029066,534.3601032679276,7.2651379268302,,54.33146627819292,,,,52.739206701737544,,65.18960917938973,,2.263835492164061,,,,,2018,6
763,763,RIVER TAMRABARANI AT TIRUNELVELI D/S,592,Tirunelveli,TIRUNELVELI,8.78198,77.79011,2018-06-15 08:30:00,0.12830956293227874,90.89847829014798,7.510986484682167,289.20751616702773,6.920282736701573,,264.23827099512624,,,0.03397104395027282,155.34771347819452,,67.8939549400483,,1.183846317620987,,,,,2018,6
764,764,RIVER VAIGAI AT MADURAI D/S,578,Madurai,MADURAI SOUTH,9.92812,78.125036,2018-06-15 08:30:00,0.20770619652404657,10.0,7.308167355389877,395.67796795232,6.980096410091237,,147.45071533380323,,,,144.82286945929707,,58.01182924338287,,2.629791971683735,,,,,2018,6
765,765,RIVER VAIGAI AT MADURAI U/S,578,Madurai,MADURAI SOUTH,9.927433,78.121013,2018-06-15 08:30:00,,95.43613272599188,6.977165002131535,348.1979374408057,7.208930825290036,,187.9870485217569,,,0.415453803145566,51.2680675486019,,47.636545826011876,,2.1148528359428904,,,0.24048206288001717,,2018,6
766,766,RIVER VENNAR AT THANJAVUR D/S,586,Thanjavur,THANJAVUR,10.816856,79.140224,2018-06-15 08:30:00,,42.840254400831824,6.610854979270482,485.68684179416925,8.273542703719665,,63.089792293656174,,,,31.25502546860887,,48.34097085187769,,0.8611653332873759,,,,,2018,6
767,767,SAKTHI NAGAR NEAR MUNICIPALITY SEWAGE TREATMENT PLANT KOMPURANKADU METTUR,574,Kancheepuram,SRIPERUMBUDUR,13.00996,80.162403,2018-06-15 08:30:00,0.781402469767436,34.95709817170254,5.647981468530137,478.59960967635095,7.058089040605502,,243.51299591018739,,,0.5116185945017007,106.37388853815138,,5.0,,1.536997902952784,,,0.08649717664077423,,2018,6
768,768,SARABANGA AT SALEM D/S OF TEXTILE DYEING INDUSTRIES EFFLUENT TAMILNADU,584,Salem,SALEM,11.649094,78.148011,2018-06-15 08:30:00,,113.10263215940378,5.35635144396218,687.1875870748498,8.265581069421556,,64.76019822134712,,,,73.6084236193842,,17.049230756568523,,1.0962615583771194,,0.0526160543309331,,,2018,6
769,769,SRIVAIKUNDAM - BLOCK DEVELOPMENT OFFICE - OPEN WELL,594,Thoothukudi,Thoothukudi,8.625282,77.907778,2018-06-15 08:30:00,0.6415300334630067,10.0,6.0126675715719164,471.2860820565361,7.197991225709147,,207.14357030478948,,,,53.10247531719604,,54.341536224138764,,0.04358548180374111,,,,,2018,6
770,770,SRIVAIKUNDAM - TNEB SUB STATION 33 KVA OPPOSITE TO TIRUNELVELI MAIN ROAD OPEN WELL,592,Tirunelveli,NANGUNERI,8.575329,77.769134,2018-06-15 08:30:00,0.06325942532150017,105.01357521429593,7.546043102718576,562.0929840645309,7.141480982562676,,164.0816767620052,,,0.37671538336999666,86.31094550223126,,35.38200771501665,,2.3131663735647536,,,,,2018,6
771,771,SURIYAMPALAYAM BOREWELL (HAND PUMP) OWNED BY ERODE CORPORATION LOATED OPPOSITE TO M/S. PIONEER PROC,573,Erode,ERODE,11.408563,77.685422,2018-06-15 08:30:00,,197.29370447581238,6.769941013326984,324.28086697606466,7.818016277288831,0.001,295.9255294189996,,,0.35483790163768636,88.49109875808864,,16.328083152145048,,1.504604676598346,,0.027881012720865867,,,2018,6
772,772,TAMBIRAPARANI AT ARUMUGANERI TAMILNADU,594,Thoothukudi,Thoothukudi,8.624431,78.068808,2018-06-15 08:30:00,0.4047244414096206,39.831686029565546,6.296216033387362,86.52829098446028,7.420533198494539,,212.1600538330695,,,,161.37188202505854,,16.321313203379443,,2.097705857784381,,,,,2018,6
773,773,TAMBIRAPARANI AT BDG.NR. MADURA COATS LTD.PAPAVINASAM TAMILNADU,592,Tirunelveli,AMBASAMUDRAM,8.663294,77.422222,2018-06-15 08:30:00,,10.0,5.965582646004139,566.995427665737,7.267997060912569,,108.02525050834171,,,,10.0,,34.81569083928996,,2.514180725918373,,,0.11770666633170664,,2018,6
774,774,TAMBIRAPARANI AT CHERANMADEVI CAUSE WAY TAMILNADU,592,Tirunelveli,AMBASAMUDRAM,8.700586,77.56595,2018-06-15 08:30:00,1.478581912561276,176.71491608549735,5.671830994941327,620.3440327961591,8.158993109150554,,117.51041980980949,,,0.5179805966560111,33.52077742876955,,43.06207145404263,,0.01,,,0.028062197121967544,,2018,6
775,775,TAMBIRAPARANI AT ERAL THOTHUKUDI TAMILNADU,594,Thoothukudi,Thoothukudi,8.620606,78.022839,2018-06-15 08:30:00,0.05,103.61947527358765,6.929513239981859,382.7697011468285,7.552021662169395,,149.91650465528028,,,,116.08729088419291,,15.746054731775597,,1.1771353987111415,,,,,2018,6
776,776,TAMBIRAPARANI AT KALLIDAI KURICHI TIRUNELVELI TAMILNADU,592,Tirunelveli,AMBASAMUDRAM,8.69375,77.462681,2018-06-15 08:30:00,1.5510685374572895,106.04962340768795,5.813255152886837,264.16138643106035,7.639366394615984,,177.4364003377133,,,0.10164538930809722,70.61204656106682,,25.773558132558314,,0.4854004019852818,,,,,2018,6
777,777,TAMBIRAPARANI AT MURAPPANADU TAMILNADU,594,Thoothukudi,Thoothukudi,8.721606,77.832797,2018-06-15 08:30:00,1.470754074290551,100.00850113503631,6.961051065979355,473.7072121995594,8.180318879490178,,201.01769595018706,,,0.4695867545619022,96.68675312829305,,37.06721162499955,,1.4337190736950391,,,,,2018,6
778,778,TAMBIRAPARANI AT PAPPANKULAM TAMILNADU,592,Tirunelveli,AMBASAMUDRAM,8.758606,77.424597,2018-06-15 08:30:00,,109.68762809836923,4.847646014676927,678.0046929447197,7.498151099768251,,146.7999404517572,,,,70.22545524287028,,39.133435671328854,,0.9855018327857217,,,,,2018,6
779,779,TAMBIRAPARANI AT RAIL BDG. NR. AMBASAMUDAM TAMILNADU,592,Tirunelveli,AMBASAMUDRAM,8.729581,77.467289,2018-06-15 08:30:00,,111.6792617820244,6.369766588922182,631.9044987560052,7.451514226468451,,161.16616240181693,,,0.0806325341556248,46.113511282267,,36.43243183801809,,0.01,,,,,2018,6
780,780,TAMBIRAPARANI AT SIVALAPERI CONFLUENCE POINT OF KUTTRALAM FALLS D/S OF PALAYAMKOTTAI TIRUNELVELI TA,592,Tirunelveli,PALAYAMKOTTAI,8.700031,77.690869,2018-06-15 08:30:00,1.5783957329144496,153.26421805763562,7.388150796926293,411.82022813649473,7.228266007064056,,197.24432590634532,,,,116.1119052351086,,21.81860810473241,,0.6993815650145788,,,0.059593959737941016,,2018,6
781,781,TAMBIRAPARANI AT SRIVAIKUNTAM D/S OF SK ANAICUT TIRUNELVELI TAMILNADU,594,Thoothukudi,Thoothukudi,8.627358,77.909,2018-06-15 08:30:00,,158.95685115437428,6.100022006590395,360.8337666232645,7.738781749040123,,194.29744467234082,,,,70.7681368828049,,41.62584766682263,,0.6756751683163138,,,,,2018,6
782,782,TAMBIRAPARANI AT TIRUNELVELI COLLECTORATE TAMILNADU.,592,Tirunelveli,TIRUNELVELI,8.734125,77.716764,2018-06-15 08:30:00,0.47101762494584043,246.09380221931028,6.386877115082119,540.7183131989086,7.091834550617497,,141.9229403707717,,,0.1960656955373485,10.0,,35.56919553038446,,0.01,,,,,2018,6
783,783,TAMBIRAPARANI AT VELLAKOIL TIRUNELVELI TAMILNADU,592,Tirunelveli,TIRUNELVELI,8.718019,77.703531,2018-06-15 08:30:00,,20.8470682355927,7.882125763264248,564.8760514854519,7.484469251657567,,148.9451675399758,,,,153.81061235419742,,28.61396202769357,,2.0018154180948105,,,0.1652660126204144,,2018,6
784,784,THALAVAIPETTAI BHAVANI,573,Erode,BHAVANI,11.456295,77.615817,2018-06-15 08:30:00,0.07935171381151905,13.479336035643783,5.5844711800014615,708.8187415805799,7.175630883946622,,242.14950911382988,,,0.7607132271965027,140.101900917863,,35.78770751191883,,1.8436637085901135,,,,,2018,6
785,785,THANJAVUR,586,Thanjavur,THANJAVUR,10.786359,79.157779,2018-06-15 08:30:00,,178.17370076271592,7.688853015948903,423.3753731778959,8.231618086296884,,242.18617762946565,,,0.12950974070516724,10.0,,16.643575993497315,,0.8770372528016745,,,0.020992656634538382,,2018,6
786,786,THENPENNAIYAR AT CHOKKARASANAHALLI BRIDGE (BANGALORE),571,Dharmapuri,DHARMAPURI,12.863435,77.831855,2018-06-15 08:30:00,0.5682816912649489,237.81042005304462,6.55041587546417,549.2140183653758,7.211994747914421,,190.81364936316967,,,0.07971710278517954,119.76510148872777,,9.087315059056092,,0.7882857535190295,,,,,2018,6
787,787,THIRUKKANUR,596,Viluppuram,Viluppuram,11.991116,79.639712,2018-06-15 08:30:00,0.9574381016510747,107.84391012224113,7.030112779579375,488.6327809569614,6.864976496875993,,272.42464539109983,,,,23.973503628526316,,24.254503497779922,,1.8474069024986388,,,0.14226760144572018,,2018,6
788,788,THIRUMANIMUTHAR AT SALEM D/S OF SAGO & TEXTILE DYING INDUSTRIES TAMILNADU,584,Salem,SALEM,11.645876,78.120341,2018-06-15 08:30:00,0.9333986728599608,118.61758911509631,4.431379737427953,445.29167045997644,7.11922186269143,,248.84573936715833,0.01,,0.10730946423241354,82.93882247254237,,20.436692085035858,,0.4335824738517695,,,0.03138301986350018,,2018,6
789,789,TIRCHIRAPPALLLI-SRIRANGAM,591,Tiruchirappalli,TIRUCHIRAPPALLI,10.822062,78.688706,2018-06-15 08:30:00,0.5518293946306624,44.28646821721988,5.619467260631145,243.29141250915535,8.426117103634517,,126.91265413245486,,,0.27730620124340943,50.99463189129526,,39.15741191651277,,2.177138874713562,,,,,2018,6
790,790,TIRUNELVELI,592,Tirunelveli,PALAYAMKOTTAI,8.707446,77.742528,2018-06-15 08:30:00,0.2092785728669331,75.11286952152021,6.043166451445889,367.2836125425894,8.370357334278184,,20.0,,,,101.20141543422851,,19.78006082561695,,0.8084686124044635,,,,,2018,6
791,791,UDHAGAMADALEM LAKE (OOTY) TAMILNADU,587,Nilgiris,Pandalur,11.400623,76.690453,2018-06-15 08:30:00,0.8395388642242863,10.0,6.093597135339491,772.6173260614876,6.913091996731129,,200.19796421717535,,,0.11246908653320006,130.97949456041474,,6.661849080824666,,0.01,,,,,2018,6
792,792,VASISTA AT SALEM D/S OF SAGO INDUSRIES EFFLUENT TAMILNADU,584,Salem,SALEM,11.647853,78.138125,2018-06-15 08:30:00,0.05,316.8602342966704,6.576084213032591,371.9113813170552,7.327228557718728,,138.69560382958394,,,0.30338024703775923,89.97374339524521,,52.475964416240345,,0.9518063534512586,,,,,2018,6
793,793,VEERANAM LAKE AT CUDDALORE TAMILNADU,570,Cuddalore,KATTUMANNARKOIL,11.341111,79.523058,2018-06-15 08:30:00,,10.0,7.26287183172866,340.1655248111758,7.457567241068561,,210.51357263548374,,,0.03494586321511812,125.61569314700893,,13.907036591494546,,0.8397054469946654,,,,,2018,6
794,794,WELL AT KATTERIKUPPAM,596,Viluppuram,Viluppuram,12.001161,79.700722,2018-06-15 08:30:00,0.6883269178263821,65.60752826025349,7.570253161484329,180.05690299652213,7.481976782470446,,360.11877457727644,,,,50.472411513326875,,71.72240994794454,,1.3479700698736692,,,,,2018,6
795,795,WELL AT KOTHAPURINATHAM THIRUVANDARKOIL,596,Viluppuram,Viluppuram,11.930541,79.661783,2018-06-15 08:30:00,2.268274278126801,239.7504219080685,4.811936680928531,433.2274161894685,7.369308861350299,,161.9456772008212,,,,16.954381029310326,,41.73311758635879,,0.7111319500186257,,,,,2018,6
796,796,WELL AT MUSIRI TAMIL NADU,591,Tiruchirappalli,MUSIRI,10.954883,78.443933,2018-06-15 08:30:00,0.5435184656942913,137.19862539636384,6.465420078093652,519.293811742173,7.625855105165303,,230.77455730312906,,,,92.71447372600763,,62.33159655173924,,2.0987418296766096,,,,,2018,6
797,797,WELL AT VADAMATTAM KARAIKAL,589,Tiruvallur,TIRUVALLUR,10.963617,79.678261,2018-06-15 08:30:00,,142.50786779916615,6.662211489611203,438.56995040182886,7.987175643493699,,197.0271645291709,,,,61.32495734627631,,57.93690065721866,,0.924013470434346,,,,,2018,6
798,798,YERCAUD LAKE SALEM TAMILNADU,584,Salem,YERCAUD,11.783642,78.211153,2018-06-15 08:30:00,0.14442021733923596,67.24034333459062,7.963391627079955,769.8069982962693,6.9488544654247155,,253.19115624808137,,,,74.28955455817632,,5.0,,2.520598675444174,,0.014439769739711896,,,2018,6
799,799,ALWARTHIRUNAGARI - VETERINARY DISPENSARY WEST CAR STREET NEAR OVER HEAD TANK OF BORE WELL,594,Thoothukudi,Thoothukudi,8.605592,77.944361,2018-07-15 08:30:00,,143.46275432038817,4.6716826271982,446.010466428222,6.552657448997723,,157.36511299528104,,,,186.2147867456676,,30.897933942214987,,1.587787718375139,,,0.0890392466315563,,2018,7
800,800,AMRAVATI AT 1KM D/S FROM EFF.DIS. PT. AT MADHUTHUKKULAM,572,Dindigul,PALANI,10.541244,77.368656,2018-07-15 08:30:00,0.6830517497911616,155.73628886473153,4.712858882671738,395.88102556174584,7.941610124540057,,180.49114933534045,,,,106.69695878128408,,20.438649927335593,,1.6696460276756284,,,,,2018,7
801,801,ARIYAPPAMPALAYAM SATHYAMANGALAM,573,Erode,SATHYAMANGALAM,11.488793,77.241248,2018-07-15 08:30:00,,93.51805326335355,7.313563965075834,167.35989138815722,6.928885212451893,,175.0375549090174,,,0.3827756909459385,95.35550062850822,,15.81555119572235,,1.5637635171334194,,,,,2018,7
802,802,AUTHOR - MUKKANI AGRAGARAM STREET INFRONT OF THIRU N. SAMUTHRAPANDI HOUSE BORE WELL,594,Thoothukudi,Thoothukudi,8.634908,78.07465,2018-07-15 08:30:00,0.23456253118728942,96.03604710406464,6.528776022818712,284.86209916511376,7.446385199688882,,76.86860751246863,,,,66.49868134746484,,41.97823782259124,,1.2017468726696288,,,,,2018,7
803,803,BAHOUR LAKE,570,Cuddalore,CUDDALORE,11.819442,79.729208,2018-07-15 08:30:00,0.14262912736542407,80.26791582974028,6.3277020935454384,542.0732030145521,8.010928834872564,,210.45705141365002,,,0.37140345132996594,52.43386973609586,,14.026364000624806,,1.9384358617814095,,,,,2018,7
804,804,BHAVANI AT BHAVANI SAGAR TAMILNADU,573,Erode,SATHYAMANGALAM,11.485294,77.134603,2018-07-15 08:30:00,,10.0,6.2594784479667664,709.3910474186384,8.085321166017707,,139.420844555394,,,,96.28027947024243,,29.666466749868164,,1.3045946767297043,,,0.01,,2018,7
805,805,BHAVANI AT BHAVANI TAMILNADU,573,Erode,BHAVANI,11.454094,77.679567,2018-07-15 08:30:00,0.41679532324319574,99.9170296114222,4.931718525261538,555.6713624725105,6.660559514064537,,316.1683111196304,,,,73.16112827150957,,46.41711079728029,,1.38469152810247,,,,,2018,7
806,806,BHAVANI AT D/S OF BHAVANISAGAR SATHYAMANGALAM ERODE TAMILNADU,573,Erode,SATHYAMANGALAM,11.503881,77.247036,2018-07-15 08:30:00,1.0543486022290172,115.1936645682649,5.596513525486472,574.5357426081958,7.694310788404167,,95.09078771792556,,,,91.91369242465419,,43.388328140240915,,1.8919590704093097,,,,,2018,7
807,807,BHAVANI AT D/S OF KALINGARAYAN CANAL (B10) ERODE TAMILNADU,573,Erode,BHAVANI,11.438223,77.681462,2018-07-15 08:30:00,0.09782806534561615,148.53036928812818,7.43776089709694,390.9583153290269,6.287399453857544,,207.85508144491766,,,,91.77712335635795,,34.14913317387025,,2.341607122159249,,0.006139077923040104,,,2018,7
808,808,BHAVANI AT PATHIRAKALIAMMAN KOIL TAMILNADU,589,Tiruvallur,TIRUVALLUR,11.469259,77.296165,2018-07-15 08:30:00,0.1583546812551539,103.60540206067137,7.671807906875797,40.0,7.470805955452885,,127.35320262786587,,,,100.40850609037417,,55.17234271560672,,0.7494322127659037,,,,,2018,7
809,809,BHAVANI AT SIRUMUGAI TAMILNADU,569,Coimbatore,Mettupalayam,11.319948,77.011429,2018-07-15 08:30:00,,208.67556813783142,6.502164207627697,210.34461970333663,7.451438938876662,,209.61611175019334,,,,52.73961483897671,,26.73403283619367,,1.4361562945270687,,,,,2018,7
810,810,BHAVANI AT U/S OF KALINGARAYAN CANAL (B5) ERODE TAMILNADU,573,Erode,ERODE,11.442818,77.676045,2018-07-15 08:30:00,0.7334911862646666,198.64401189431612,5.85184328899043,291.1293723416501,7.022617634601556,,127.45302223210678,,,0.08644551869708074,91.22616788398928,,15.169726161283744,,0.579881884439134,,,,,2018,7
811,811,BOREWELL AT PASUPATHY PUDUR VILLAGE PALANI TALUK DINDIGUL DIST.,572,Dindigul,PALANI,10.448726,77.517259,2018-07-15 08:30:00,,140.07608165696342,6.213673361942448,509.05092021280365,7.206051709901084,,231.42422943852833,,,0.40791633912279934,59.43225864999368,,32.18702593930922,,0.5374555489011934,,,,,2018,7
812,812,BORE WELL AT VANNIARVALASU VILLAGE NEAR ELEMENTARY SCHOOL THOPPAMPATTI PANCHAYAT UNION PALANI TALUK,572,Dindigul,PALANI,10.576266,77.529657,2018-07-15 08:30:00,,284.327395314878,6.038249571675115,572.2632791694364,7.014020070527741,,215.44798222425086,,,0.27370845350437817,106.23206334690919,,15.682575066793113,,1.6843236038101974,,,0.022495328996102158,,2018,7
813,813,BOREWELL LOCATED AT M/S. PHOENIX TEXTILE PROCESSORS VENDIPALAYAM ERODE,573,Erode,ERODE,11.327414,77.745903,2018-07-15 08:30:00,0.05,126.51008256145599,7.4864504047147316,770.855194753891,7.218425930175097,,20.0,,,0.2611504073137689,83.46336762792248,,39.50260005918597,,0.2548172730119067,,,,,2018,7
814,814,BOREWELL NEAR KAMBARASAMPETTAI INTAKE WELL (TRICHY UPSTREAM),591,Tiruchirappalli,TIRUCHIRAPPALLI,10.787066,78.690243,2018-07-15 08:30:00,0.7662183277274572,32.4404511332083,7.037235519674014,569.7811712960417,6.86035805370696,,154.83631259752005,,,,95.23908585675085,,14.85349564002841,,1.0877795315596572,,,,,2018,7
815,815,BOREWELL NEAR THOGUR INTAKE WELL (TRICHY DOWNSTREAM),591,Tiruchirappalli,TIRUCHIRAPPALLI,10.786916,78.690657,2018-07-15 08:30:00,0.08663896226123853,98.37837058603128,5.566029736392196,352.44552798829216,7.338610032375073,,250.99637312478274,,,,122.38618829346494,,41.658661034079024,,2.4902946965657025,,,,,2018,7
816,816,CAUVERY AT 1KM. D/S OF BHAVANI RIVER CONFL. TAMILNADU,573,Erode,BHAVANI,11.445663,77.677626,2018-07-15 08:30:00,1.3948623387079273,233.12233084495898,9.287131070315318,683.599662117741,7.686448943092969,,252.59489615737425,,,,56.28587142583858,,49.32554862214207,,1.3746710003537286,,,,,2018,7
817,817,CAUVERY AT COLEROON TAMILNADU,579,Nagapattinam,NAGAPATTINAM,11.326822,79.702981,2018-07-15 08:30:00,,138.15455550401984,6.6145544496299555,223.48558636033187,7.315824117586852,,258.5215900821157,,,,86.86549466263862,,25.62392772973226,,0.01,,,0.24660075514783575,,2018,7
818,818,CAUVERY AT ERODE NEAR CHIRAPALAYAM TAMILNADU,573,Erode,ERODE,11.335795,77.753762,2018-07-15 08:30:00,0.6108264813988243,52.31682618978924,7.1572867744850726,294.78165159873856,7.709716869847586,,125.82394465387279,,,,87.39639096318014,,37.22758356543699,,1.725518965055718,,,,,2018,7
819,819,CAUVERY AT KOMARAPALAYAM NAMAKAL TAMILNADU,580,Namakkal,Tiruchengode,11.423503,77.685261,2018-07-15 08:30:00,1.3552564593868934,10.0,8.697412562679066,407.5440990926483,8.30997834503932,,133.94713788379417,,,0.5527801285545376,77.0770547940256,,58.411257219007254,,0.01,,,,,2018,7
820,820,CAUVERY AT KUMBAKONAM THANJAVUR TAMILNADU,586,Thanjavur,KUMBAKONAM,10.968137,79.378248,2018-07-15 08:30:00,,138.50898594730324,6.194120461413386,307.338797592668,7.612187817878858,,237.2106517179971,,,,59.701263347594605,,17.148092370571884,,2.3015087089406796,,,0.0855931008526955,,2018,7
821,821,CAUVERY AT MAYILADUTHURAI NAGAPATTINAM TAMILNADU,579,Nagapattinam,Mayiladuthurai,11.104894,79.651871,2018-07-15 08:30:00,0.31053891924505944,144.6188215062737,8.563720151515419,840.5912065340317,7.367897000674819,,112.46565165229143,,,0.3609777427878488,70.56774024643289,,57.90086679979789,,1.7615501923813466,,,0.04237258177279296,,2018,7
822,822,CAUVERY AT METTUR,584,Salem,METTUR,11.796255,77.806971,2018-07-15 08:30:00,0.20604401132653025,41.14015403983758,6.125616219115614,591.7259445457081,6.872287299653163,,236.40982118457285,,,,62.273110883108174,,19.763819157164335,,1.0479382022267214,,,,,2018,7
823,823,CAUVERY AT MOHANUR NEAR PATTAIPALAYAM TAMILNADU,580,Namakkal,NAMAKKAL,11.064392,78.120358,2018-07-15 08:30:00,,187.016447950071,6.23094887384712,303.34281768702954,7.408042447910469,,255.32534577312776,,,0.35516551259644386,57.16254390197142,,70.862581949227,,2.5138178249327168,,,,,2018,7
824,824,CAUVERY AT MUSIRI,591,Tiruchirappalli,MUSIRI,10.955345,78.443949,2018-07-15 08:30:00,,87.4242545694911,5.479082181574727,417.4160245161857,7.478196140880773,,256.09396899461007,,,0.34436005699729894,116.26896753257253,,50.09374659606669,,0.5407527050495696,,,,,2018,7
825,825,CAUVERY AT PALLIPPALAYAM,580,Namakkal,Tiruchengode,11.368215,77.741107,2018-07-15 08:30:00,0.43409870421462177,172.38330093345064,4.7354351675548365,497.72775207106423,7.44860545509755,,109.65977976287708,,,0.32017348994419903,160.46886237030213,,7.989297432042452,,1.619233149896167,,,,,2018,7
826,826,CAUVERY AT PETTAIVAITHALAI TRICHY TAMILNADU,591,Tiruchirappalli,SRIRANGAM,10.906389,78.489697,2018-07-15 08:30:00,0.23874133159285887,113.34931794228048,6.193775394182859,74.98316920103451,7.510474406807441,,250.9225070675722,,,,105.1746026287364,,25.256616290679684,,1.858738547649849,,,,,2018,7
827,827,CAUVERY AT PITCHAVARAM TAMILNADU,570,Cuddalore,CHIDAMBARAM,11.418828,79.772375,2018-07-15 08:30:00,1.4258514932241562,102.66145686748307,8.882811693217807,477.17642440504045,7.678350360640066,,189.32885751807856,,,0.651561610661344,51.86824958606404,,37.16357405742899,,0.9926225495967259,,,0.1763396970196494,,2018,7
828,828,CAUVERY AT PUGALUR KARUR TAMILNADU,576,Karur,KARUR,10.974467,78.180075,2018-07-15 08:30:00,,32.33286695968337,7.264244190074484,302.3767339542602,6.6026464929891,,212.5156207854397,,,0.6415596395139773,76.09700291100589,,5.0,,0.31643853771600294,,,,,2018,7
829,829,CAUVERY AT THANJAVUR TAMILNADU,610,Ariyalur,Sendurai,11.34,79.24,2018-07-15 08:30:00,,115.80209151495605,8.638021743760222,149.77120830188085,7.79850968676277,,212.53122644707219,,,,93.62675083734474,,28.65416763074084,,0.9789317639646261,,,,,2018,7
830,830,CAUVERY AT THIRUMUKKUDAL-CONFL. PT.OF R. AMRAVATI TAMILNADU,576,Karur,KARUR,11.050024,78.120645,2018-07-15 08:30:00,,83.9821157570695,6.226514543327752,484.8229264676866,7.307654147198317,,260.4638617965744,,,,73.25910144474354,,41.90394326672824,,0.877363534466326,,,,,2018,7
831,831,CAUVERY AT TIRUCHIRAPPALLI D/S TAMILNADU,591,Tiruchirappalli,SRIRANGAM,10.766809,78.665272,2018-07-15 08:30:00,0.5669769808995476,245.3483765771029,4.930828902687871,510.2052262267504,8.231898381034949,,193.17552843688344,,,,46.260654121524176,,10.12815460578133,,1.6792718074110473,,,,,2018,7
832,832,CAUVERY AT TIRUCHIRAPPALLI U/S TAMILNADU,591,Tiruchirappalli,TIRUCHIRAPPALLI,10.833263,78.718224,2018-07-15 08:30:00,0.9627011826133661,247.92985926693873,5.323082187604955,424.9954946502112,6.293823756252942,,202.88140535300647,,,,68.99521354795476,,24.503017089392785,,1.7385069537863749,,,0.06067981281432142,,2018,7
833,833,CAUVERY AT TRICHY GRAND ANAICUT TAMILNADU,586,Thanjavur,Thiruvaiyaru,10.830327,78.81177,2018-07-15 08:30:00,0.49085004472582244,76.29389885504708,5.379209648435652,557.6170994441114,6.7811332335584655,,220.55831392192346,,,,166.47488687183264,,31.00786638058894,,1.1179665827920204,,,,,2018,7
834,834,CAUVERY AT URRACHIKOTTAI ERODE TAMILNADU,580,Namakkal,Tiruchengode,11.354178,77.750436,2018-07-15 08:30:00,,10.0,7.289681090668224,402.7834536152516,7.160393457169222,,234.1520218767333,,,,19.510883723037466,,48.47878126125401,,0.01,,0.03255314533354306,,,2018,7
835,835,CAUVERY AT VAIRAPALAYAM NAMAKAL TAMILNADU,580,Namakkal,Tiruchengode,11.361583,77.742411,2018-07-15 08:30:00,,133.2756690249852,6.696373731203441,592.2248929636373,6.887223742663431,,127.49888736800345,,,,82.51279782717693,,30.71643536375187,,1.6868817311444713,,,,,2018,7
836,836,CAUVERY AT VELORE NEAR KATTIPALAYAM TAMILNADU,580,Namakkal,Paramathivellur,11.18,78.01,2018-07-15 08:30:00,0.5086744016567875,16.316104574085728,4.300195457961527,673.9505515344591,6.862980904155508,,236.46683111203387,,,,60.402235899358274,,20.147013804580318,,1.0570552899136132,,,,,2018,7
837,837,CHENNAI-1 NESAPAKKAM (ZONE-IV),568,Chennai,CHENNAI,13.035832,80.193265,2018-07-15 08:30:00,,51.63002865959474,6.028158795581372,457.5250305983766,6.620377432264703,0.0048977239296556846,74.38299237694125,,,,88.08314445525974,,54.00249647989669,,0.8344065329398147,,,0.0734156562648309,,2018,7
838,838,CHENNAI-2 PERUNGADI(ZONE-V),574,Kancheepuram,KANCHEEPURAM,12.9566,80.23435,2018-07-15 08:30:00,0.2783405292294936,212.2310436102992,3.538318694833166,304.6390687044261,7.6395951779196425,0.0028547532928366584,87.31564413701805,,,,134.69637231584818,,52.3681589439112,,1.4613515722733648,,,,,2018,7
839,839,CHENNAI-3KODUNGAIYUR (ZONE I&II),568,Chennai,CHENNAI,13.138808,80.260799,2018-07-15 08:30:00,,353.1287372614689,7.242632396173563,311.56857205476774,7.731543505325554,,98.76086650004625,,0.02,0.11751718713757187,94.34380325046305,,73.10245498934935,,0.17833235013510484,,,,,2018,7
840,840,CHENNAI-4 KOYAMBEDU (ZONE-III),568,Chennai,CHENNAI,13.0642,80.200156,2018-07-15 08:30:00,2.058630835750429,202.4351028509433,7.178759482264065,509.9539578505105,7.2494282654613675,0.0034639587961338455,203.02522950040213,,,0.030978620213888093,96.66930901513236,,38.8539976811504,,2.2331751112522906,,,,,2018,7
841,841,CHENNAI WATERWAYS AT BUCKINGHAM CANAL (ICE HOUSE),568,Chennai,CHENNAI,13.050823,80.278958,2018-07-15 08:30:00,0.967744758343783,111.0298845110924,6.983019451682385,597.276441739343,7.260062840081268,0.003814851926448762,107.62158145678653,,,,120.85998680800664,,5.0,,0.01,,,,,2018,7
842,842,CHENNAI WATERWAYS AT BUCKINGHAM CANAL (TIDAL PARK),568,Chennai,CHENNAI,12.988133,80.25192,2018-07-15 08:30:00,,191.2334868392166,5.316350489537189,270.2157647095569,6.950607189343487,0.004783531420292947,34.81707518702808,,,,98.63784494067734,,30.465531208319163,,1.4275085702908752,,,0.22362237190697584,,2018,7
843,843,CHENNAI WATERWAYS AT BUCKINGHAM CANAL X OTTERI NULLAH CONFLUENCE (GMR VASAVI INDUSTRIES),568,Chennai,CHENNAI,13.10524,80.271091,2018-07-15 08:30:00,0.23421862648223288,78.4132683419819,7.118792756100073,806.8122245127113,7.184650579977027,,227.35639547043047,,,0.3082820990070982,116.96272292569198,,35.11036610783408,,0.13404017520143596,,,,,2018,7
844,844,CHENNAI WATERWAYS AT CAPTAIN COTTON CANAL (ERUKANJERI),568,Chennai,CHENNAI,13.126266,80.256935,2018-07-15 08:30:00,,169.26838385200688,6.53075320688243,399.7691414455602,6.991642498295091,0.00590305825970288,165.2631224940555,,0.02,,52.885390390642854,,35.62584226267883,,1.1885846579243537,,0.0045642684642436685,,,2018,7
845,845,CHENNAI WATERWAYS AT CC X BC CONFLUENCE (KODUNGAIYUR),568,Chennai,CHENNAI,13.136803,80.249192,2018-07-15 08:30:00,0.6108931797731515,88.76726508626933,7.106313611809042,369.2550247612388,7.333299700020596,,250.48016113103282,,0.02,0.19416791475444425,54.57597342299444,,45.27693789095957,,2.775005847547167,,0.008725642494332483,,,2018,7
846,846,CHENNAI WATERWAYS AT MAMBALAM DRAIN (GOLF COURSE),568,Chennai,CHENNAI,13.022221,80.233657,2018-07-15 08:30:00,,59.9066224300897,6.5110723915945625,320.927190472388,7.357875939485136,,75.60125349021929,,,0.19268791257823112,49.81130554461774,,31.863193379595337,,0.4011436908140482,,,,,2018,7
847,847,CHENNAI WATERWAYS AT MAMBALAM DRAIN (USMAN ROAD),568,Chennai,CHENNAI,13.028381,80.227747,2018-07-15 08:30:00,0.5193871385549549,18.093013989263653,5.341743107899342,502.52234356409843,8.249431304281703,,208.96248734987915,,,,78.81238675461782,,47.84979399362248,,1.2117552764354933,,,,,2018,7
848,848,CHENNAI WATERWAYS AT OTTERI NULLAH (KILPAUK GARDEN),568,Chennai,CHENNAI,13.086538,80.234507,2018-07-15 08:30:00,1.1899570855880355,10.0,7.598483564581924,718.9965944230248,7.105816086586865,,334.5317023833524,,,,95.08015044807713,,45.7835153353068,,2.1063411098408276,,0.00981890161924393,0.28911539009046633,,2018,7
849,849,CHENNAI WATERWAYS AT OTTERI NULLAH (ORIGIN),568,Chennai,CHENNAI,13.099796,80.196273,2018-07-15 08:30:00,,107.9737300989032,5.860871891991804,867.0116161180981,7.051339019839013,,174.97424687060843,0.01,0.02,,52.132766947799105,,64.22352579605251,,1.3600270298498622,,,,,2018,7
850,850,COLLECTOR WELL AT THIRUPUVANAM FOR MADURAI WAT. SUPPLY SCHEME TAMILNADU,585,Sivaganga,Sivagangai,9.826111,78.257297,2018-07-15 08:30:00,0.29384748067358585,105.15755981228286,6.012519489960229,135.75982600498395,7.330128813153308,,132.2582092705424,,,0.8727740251310326,114.6208061319998,,52.19707393623244,,0.4328830708416824,,,,,2018,7
851,851,ERAL - CHARMAM ARUNACHALA SWAMY TEMPLE WEST OF BORE WELL,594,Thoothukudi,Thoothukudi,8.621439,78.016285,2018-07-15 08:30:00,0.1384162426426087,51.164922554653344,4.670018071827128,420.5685380453273,7.463501523517517,,372.95642919333557,,,0.0110916229787698,104.99286543895238,,5.0,,1.755461104919439,,,,,2018,7
852,852,ERODE-1,573,Erode,ERODE,11.333111,77.747343,2018-07-15 08:30:00,0.6364423313696052,164.85445280720407,6.648749519007075,836.7752593603414,6.9748086024669105,,99.47426283245622,0.01,,0.6944182673439825,101.89620331327686,,13.721313521567645,,1.6857631917953961,,0.001,,,2018,7
853,853,ERODE-2,573,Erode,ERODE,11.338655,77.74513,2018-07-15 08:30:00,,182.11319349107447,6.5525499774357305,782.9130378588768,7.438617343800378,,245.50466523129626,,,,35.25937310703632,,22.06964530104843,,0.56738662939596,,0.001511336513405851,,,2018,7
854,854,HOUSE OF THIRU MURUGAN S/O. ESAKKI NO.16B MEENAKSHIPURAM ANNA NAGAR TIRUNELVELI,592,Tirunelveli,TIRUNELVELI,8.727206,77.709638,2018-07-15 08:30:00,0.29396064455461934,75.41021371903958,5.717975697570557,421.49028565171,7.267465059134314,,80.81966394728803,,,0.06191287857956068,97.74025594405498,,69.41461829425685,,1.409384350555107,,,,,2018,7
855,855,KAKKADAVU KERALA,569,Coimbatore,POLLACHI,10.742228,77.060508,2018-07-15 08:30:00,,10.0,8.298255632803825,390.21939122866416,7.18838492768014,,174.10587053142325,,,0.7747621030660334,132.9347427749384,,35.25805559916368,,1.1493574217749305,,,0.1817463411299125,,2018,7
856,856,KARUR,576,Karur,KARUR,10.955411,78.055554,2018-07-15 08:30:00,0.4214059626404073,279.202361081534,6.259719997531968,823.3157603077409,7.117251124434702,,188.54231789988597,,,0.24727146231896976,201.68131084834624,,43.61924362098637,,0.01,,,0.016052296371371396,,2018,7
857,857,KODAI KANAL LAKE TAMILNADU,572,Dindigul,KODAIKANAL,10.233619,77.485653,2018-07-15 08:30:00,,83.28807297672977,7.538670518808782,355.0214499403278,7.5919838105189905,,150.9636708112632,,,,123.12141460391032,,43.33804020800242,,0.01,,,0.15320904167182137,,2018,7
858,858,KOMBUPALLAM SATHYAMANGALAM,573,Erode,SATHYAMANGALAM,11.509621,77.230116,2018-07-15 08:30:00,,10.0,7.608533423172773,344.6423670018404,7.335910669210596,,204.46191479368224,,,0.6738916411640831,134.69749146102762,,30.37948949376101,,0.7283942621563084,,,,,2018,7
859,859,KUMBAKONAM,586,Thanjavur,THANJAVUR,10.78627,79.15819,2018-07-15 08:30:00,0.2480738978356991,220.05664946153212,7.6328505777789015,191.1336653751929,7.874701585648286,,89.49877096918357,,,,155.43325359750932,,32.7396394172585,,1.436090213661714,,,,,2018,7
860,860,LOCATED ADJACENT TO KARU MSW DUMP SITE AND ON THE NORTHERN BANK OF RIVER AMARAVATHI AND DOWNSTREAM,576,Karur,KARUR,10.951185,78.035374,2018-07-15 08:30:00,0.5221960814077811,112.2011819218353,6.191132880458083,385.09940412623007,7.19966656452879,,124.0172730579539,,,0.01,132.24002124015783,,12.946697025709863,,1.6699147091340436,,,,,2018,7
861,861,LOCATED ON THE SOUTHERN BANK OF RIVER AMARAVATHI AND DOWNSTREAM SIDE OF KARUR DYEING CLUSTER,576,Karur,KARUR,10.917543,78.009517,2018-07-15 08:30:00,1.1545530215486433,26.109568596256167,5.35621099429389,529.8590547551912,7.176336189200342,,266.4684942153607,,0.02,0.01671277663592429,161.0259616688835,,42.079312486996656,,0.40486325665968526,,,0.05183814356797272,,2018,7
862,862,MADUKARAI,596,Viluppuram,Viluppuram,11.871427,79.603728,2018-07-15 08:30:00,0.14405777525289895,126.79783701086617,5.571463305331211,228.21656851270583,6.956420134957637,,128.68183646135674,,,0.4510020764867995,56.76977751091208,,30.309050017988753,,0.32968559031259326,,,,,2018,7
863,863,MAYILADUTHURAI,589,Tiruvallur,TIRUVALLUR,10.812621,79.608435,2018-07-15 08:30:00,,130.157526406383,9.089257165325561,40.0,7.697777930759719,,167.00839264861762,,,,85.0617587364901,,76.03721869354125,,0.125199416140384,,,,,2018,7
864,864,M. KALIAPPAN SANGILIMUNIYAPPAN KOVIL ERIKKADU METTUR,584,Salem,Sankari,11.478265,77.881114,2018-07-15 08:30:00,0.21057986833871378,221.79866646790074,7.659367593033258,201.76485454152777,7.474471203859913,,338.7993108278215,,,,68.54958278066067,,37.62110594288404,,0.01,,,0.020174270762026863,,2018,7
865,865,MUNICIPAL CORPORATION BORE WELL LOCATED IN PERUMALPURAM STREET NARANAMMALPURAM TIRUNELVELI,592,Tirunelveli,PALAYAMKOTTAI,8.698363,77.738123,2018-07-15 08:30:00,,204.621491784179,4.136123847871282,396.58349679137086,7.446458746414589,,212.43265407420455,,,0.01134006451985641,49.18461831233765,,6.450286538259597,,1.7055537901937472,,,,,2018,7
866,866,OVER HEAD TANK AT TIRUR VILLAGE TIRUVALLUR TALUK TIRUVALLUR PANCHAYAT UN,589,Tiruvallur,TIRUVALLUR,13.106545,79.960588,2018-07-15 08:30:00,,10.0,8.711979255351151,771.7223133131542,7.7025768364463945,,78.99423611110957,,,0.2583757175866065,122.53715430320739,,35.0717026692335,,0.9531688229687686,,,,,2018,7
867,867,PALAR AT VANIYAMBADI WATER SUPPLY HEAD WORK TAMILNADU,595,Vellore,VANIYAMBADI,12.679231,78.595417,2018-07-15 08:30:00,1.0040738901616615,18.909274439874395,5.4580631218400475,112.73721320329923,6.93228277733106,,102.32229916401666,,,,41.30887343875267,,42.09367589050795,,0.02056555559317519,,,0.028388272582553734,,2018,7
868,868,PARAMASIVAM WATER SERVICE STATION BLOCK NO.13 BSNL EXCHANGE OPPOSITE METTUR DAM - 636 402.,584,Salem,METTUR,11.803279,77.804723,2018-07-15 08:30:00,0.2214287170912509,10.0,6.317577313240762,955.9932073650241,7.416903508121501,,229.23049241174792,,,0.05119242399056677,65.81900021472865,,64.32773331394901,,2.231305468349956,,,,,2018,7
869,869,PERUR CHETTIPALAYM PANCHAYAT LOCATED ADJACENT TO NOYYAL RIVER AT PERUR-VEDAPATTY ROAD (OPP VINAYGAR,573,Erode,ERODE,11.128875,77.39572,2018-07-15 08:30:00,0.1859976085668583,16.912663329792593,5.638161487393086,492.70907344124157,6.887789324273032,,178.07106958645824,,,,36.589528366122444,,60.70821586054444,,0.7064540237647048,,,,,2018,7
870,870,POONDI LAKE AT THIRUVALLUR TAMILNADU,589,Tiruvallur,TIRUVALLUR,13.169731,79.888236,2018-07-15 08:30:00,0.2552431149069265,113.80137805344911,6.659430419200698,272.51050055944575,7.350668367280528,,144.9644476261582,,,0.07610748558335152,115.57318456521543,,42.06915692687582,,1.6491555686879615,,,,,2018,7
871,871,PORUR LAKE AT THIRUVALLUR TAMILNADU,589,Tiruvallur,TIRUVALLUR,13.033945,80.148344,2018-07-15 08:30:00,,111.26455243995579,4.2755213105370515,551.673901133129,7.482311553629115,,129.6062017151257,,,0.6101630614645777,76.86726858329973,,55.19965999928064,,2.1077117598568456,,,,,2018,7
872,872,PULICATE LAKE AT THIRUVALLUR TAMILNADU,589,Tiruvallur,TIRUVALLUR,13.427023,80.292679,2018-07-15 08:30:00,0.11322382720200073,10.0,6.184909208821254,731.9043475871997,7.568144032529517,,213.594804957971,,,,103.28899247797375,,59.349662551065734,,0.8630958121591328,,,0.01,,2018,7
873,873,REDD HILLS AT THIRUVALLUR TAMILNADU,589,Tiruvallur,TIRUVALLUR,13.193092,80.172867,2018-07-15 08:30:00,0.1013724311496082,217.6343927671092,5.168629346192308,617.5277425666595,7.181551383903155,,366.4515184708254,,,0.07210205876811905,66.58372314012107,,45.7383022079039,,1.9330153591438963,,,,,2018,7
874,874,RIVER ADYAR AT EKKATTUTHANGAL,574,Kancheepuram,KANCHEEPURAM,13.026747,80.192542,2018-07-15 08:30:00,2.86115641688942,71.95946916688294,6.4664367026156215,510.1952078564551,7.192823450304505,,164.38460565075255,,,0.28703954098169004,53.49110266937923,,39.07326081038185,,2.0554269651161468,,,,,2018,7
875,875,RIVER ADYAR AT JAFERKHANPET,574,Kancheepuram,KANCHEEPURAM,13.02849,80.20247,2018-07-15 08:30:00,,60.6472800284157,6.264092723666803,334.9311054843511,7.904822371394367,,146.07968706048325,,,,111.13257256858162,,31.587673481312194,,2.6073732828499434,,,,,2018,7
876,876,RIVER ADYAR AT KOTTURPURAM BRIDGE,568,Chennai,CHENNAI,13.025906,80.243554,2018-07-15 08:30:00,0.7868070531104266,139.61886783153892,5.085712658275792,758.9495820388895,7.70274055423974,,51.36799896130958,,,,112.10548407699552,,34.86186685367894,,1.959713198893227,,,,,2018,7
877,877,RIVER ADYAR AT MARAIMALAI BRIDGE,574,Kancheepuram,KANCHEEPURAM,13.02724,80.208104,2018-07-15 08:30:00,0.1988068209789888,46.38782148338514,6.427814600713846,257.98731022391866,7.750863281980773,,141.72816303277025,,,0.02172131061988597,129.10768184297513,,38.20093639469782,,0.018268466950094542,,,0.0517955506185566,,2018,7
878,878,RIVER ADYAR AT NANDAMBAKKAM,574,Kancheepuram,KANCHEEPURAM,12.965867,80.109983,2018-07-15 08:30:00,1.242026428211276,99.2322622552584,5.479762705022413,89.58595499920261,6.690247233086225,,142.09145927598547,,,,64.57264247217397,,50.69103963531445,,2.1691420029059443,,,0.02474161949709304,,2018,7
879,879,RIVER ADYAR BEFORE GOLF COURSE,574,Kancheepuram,Tambaram,12.938473,80.094802,2018-07-15 08:30:00,,133.18212232543436,8.604085552775565,696.0695996927702,7.764827000257557,,124.27994277815398,,,0.12755581900926,139.2264758355971,,37.99863043458393,,0.9718069277540997,,,,,2018,7
880,880,RIVER ADYAR NEAR BOAT CLUB,568,Chennai,CHENNAI,13.023184,80.247552,2018-07-15 08:30:00,0.1543068929801424,121.99758907055717,6.730126920372966,287.7645444235254,7.263682280387468,,54.52787928471487,,,,10.0,,57.426449275132235,,2.1421650834840147,,,0.19001440045197165,,2018,7
881,881,RIVER CAUVERY AT BHAWANI D/S,573,Erode,ERODE,11.422026,77.679686,2018-07-15 08:30:00,,136.1115646972225,7.398723336567112,778.7112173987015,7.420795221651913,,31.621131257018675,,,,86.04740596743194,,36.28317068989031,,1.0454758201203367,,,,,2018,7
882,882,RIVER CAUVERY AT ERODE U/S,573,Erode,ERODE,11.369068,77.727294,2018-07-15 08:30:00,0.4858208496413867,59.06838088513891,7.6997882252749115,281.09763590153597,7.0548178919065085,,169.17521491476793,,,,80.30325904856163,,53.59208271365009,,1.8223502140642454,,0.0020665398565719584,,,2018,7
883,883,RIVER CAUVERY AT KARUR U/S,576,Karur,KARUR,11.008673,78.159341,2018-07-15 08:30:00,0.8239596039827022,10.0,5.2996753726678545,359.2675846330205,8.078739836936398,,190.75717027779933,,,,51.94538858936526,,27.93986699580757,,1.9775442747525072,,,,,2018,7
884,884,RIVER CAUVERY AT KUMARAPALAYAM U/S,580,Namakkal,Tiruchengode,11.427111,77.686922,2018-07-15 08:30:00,3.827391040259586,207.96675714621358,6.307953591704787,521.6067247114158,6.547438482287464,,95.61777547327283,,,,61.77035637774199,,34.937344725682365,,0.01,,,,,2018,7
885,885,RIVER CAUVERY AT KUMBAKONAM D/S,586,Thanjavur,KUMBAKONAM,10.964811,79.351278,2018-07-15 08:30:00,0.38735865370436834,154.67619533595845,5.416048267065069,655.5111172914128,7.583643226356475,,300.0680993916686,,,0.2038143249372398,147.25664142287067,,51.792116393488556,,0.9441341886975365,,,,,2018,7
886,886,RIVER CAUVERY AT MAYILADUTHURAI D/S,579,Nagapattinam,Mayiladuthurai,11.105488,79.647969,2018-07-15 08:30:00,0.26915980294693787,296.75097007223354,7.423785083789344,517.1981736492821,8.072846524040857,,322.67123552654783,,,,167.42755734911674,,59.53486978298153,,0.7771120286098059,,,,,2018,7
887,887,RIVER CAUVERY AT PALLIPALAYAM D/S,580,Namakkal,Tiruchengode,11.365347,77.741652,2018-07-15 08:30:00,0.10750467037400001,275.5862913254483,4.787945233080043,384.45950784042435,7.679320288897331,,257.52212516156374,,,,107.66009820220874,,29.46159014287577,,1.0765087417808934,,,,,2018,7
888,888,RIVER COOUM AT AMANJIKARAI,568,Chennai,CHENNAI,13.068081,80.231405,2018-07-15 08:30:00,0.9347862158785288,198.55337306151134,7.636369761050607,423.9563834880914,6.4770398801632565,,167.80802868936976,,,,92.90194512200596,,38.61639687191147,,1.510560490841565,,,,,2018,7
889,889,RIVER COOUM AT ANNA NAGAR,568,Chennai,CHENNAI,13.07865,80.207011,2018-07-15 08:30:00,0.3863031879124164,33.519034418995176,8.245172122155788,544.3406213226725,7.378830448265684,,124.38784294419995,,,,124.98524174373935,,50.77772922126145,,0.4209373312734358,,,,,2018,7
890,890,RIVER COOUM AT ARUMBAKKAM,568,Chennai,CHENNAI,13.074866,80.221849,2018-07-15 08:30:00,0.2264020581116798,80.0333887750529,8.097198258955636,539.9455065991908,7.22428625137525,,162.90951532533276,,,,96.27820792741997,,9.264848187751863,,1.0501533107135679,,,,,2018,7
891,891,RIVER COOUM AT COLLAGE ROAD,568,Chennai,CHENNAI,13.070824,80.249921,2018-07-15 08:30:00,0.7724317616581159,160.8722703269266,7.365012322556823,336.0828416273745,7.03610298125403,,95.25263305000091,,,,94.77791833989812,,33.24714189355758,,0.6985325432868182,,,0.17595074784660042,,2018,7
892,892,RIVER COOUM AT NAPIER BRIDGE,568,Chennai,CHENNAI,13.069423,80.284355,2018-07-15 08:30:00,,223.60057199507344,6.251405973087151,729.4193655560773,7.228443220727208,,132.68523669874432,,,,50.42278745305849,,47.46996385474828,,0.974300045489812,,,,,2018,7
893,893,RIVER COOUM AT POONAMALLE,589,Tiruvallur,TIRUVALLUR,13.065634,80.113691,2018-07-15 08:30:00,0.05,183.2034563303776,5.784124484498417,50.334777225796984,7.089285029795111,,214.65556919231375,,,0.3908678478087642,72.36967967131622,,34.58661379433989,,0.8352938117023846,,,,,2018,7
894,894,RIVER COOUM NEAR CENTRAL JAIL,589,Tiruvallur,TIRUVALLUR,13.169913,80.21808,2018-07-15 08:30:00,1.6653039658124322,167.6104948731015,5.546408979025035,293.509619679755,7.479964120605608,,201.14385155632874,,,,112.54850978219078,,45.97527902006069,,2.238954632794739,,,,,2018,7
895,895,RIVER LOCATIONS AT KUMARAPALAYAM,580,Namakkal,Tiruchengode,11.447221,77.691963,2018-07-15 08:30:00,0.7093773611184185,49.146545279486716,7.680483252684277,155.48078465017386,7.700248522687038,,125.34073527169625,,,,65.73131796257897,,39.36685063498895,,0.5193738010974772,,,,,2018,7
896,896,RIVER TAMRABARANI AT TIRUNELVELI D/S,592,Tirunelveli,TIRUNELVELI,8.78198,77.79011,2018-07-15 08:30:00,,157.86693404439737,7.276092722502374,468.23026521117913,7.992119828007301,,219.3438512285711,,,,71.55733213977038,,39.83848881990615,,1.1761569745188474,,,,,2018,7
897,897,RIVER VAIGAI AT MADURAI D/S,578,Madurai,MADURAI SOUTH,9.92812,78.125036,2018-07-15 08:30:00,,23.260099643071698,6.177080817588239,522.7525098645082,7.498279840434848,,114.55924674183677,,,,171.77082940502734,,32.017736079595366,,0.5154462398610176,,,,,2018,7
898,898,RIVER VAIGAI AT MADURAI U/S,578,Madurai,MADURAI SOUTH,9.927433,78.121013,2018-07-15 08:30:00,,164.01027849743036,6.91231704221386,134.00245945138465,7.366433295346366,,178.6554023812651,,,,83.58319437233962,,25.512809871684066,,0.5597653747140986,,,,,2018,7
899,899,RIVER VENNAR AT THANJAVUR D/S,586,Thanjavur,THANJAVUR,10.816856,79.140224,2018-07-15 08:30:00,,221.19708478173266,6.6277715654057925,419.4055683367742,7.578094318186306,,208.54915660202082,,,,12.8765295301951,,36.77802987591906,,0.7231707601219743,,,,,2018,7
900,900,SAKTHI NAGAR NEAR MUNICIPALITY SEWAGE TREATMENT PLANT KOMPURANKADU METTUR,574,Kancheepuram,SRIPERUMBUDUR,13.00996,80.162403,2018-07-15 08:30:00,,128.21524133988697,8.72093737092288,193.48567915029855,7.216842848686953,,99.7259588511122,,,0.18573460267893774,112.47309981811354,,27.830113768130694,,1.3982770255214598,,,,,2018,7
901,901,SARABANGA AT SALEM D/S OF TEXTILE DYEING INDUSTRIES EFFLUENT TAMILNADU,584,Salem,SALEM,11.649094,78.148011,2018-07-15 08:30:00,0.36978528701081836,92.22708140652401,5.2426700646330815,601.3384582363276,6.897376602153937,,270.7624571523989,,,0.0924965403401876,59.20286158710809,,49.27872492719055,,1.9342177204412003,,0.005144161891292492,,,2018,7
902,902,SRIVAIKUNDAM - BLOCK DEVELOPMENT OFFICE - OPEN WELL,594,Thoothukudi,Thoothukudi,8.625282,77.907778,2018-07-15 08:30:00,0.05,18.74908439281512,6.660199302873646,40.0,7.557326898962773,,201.87441998917845,,,,96.57355622571939,,31.935971744518774,,0.6015272137210699,,,,,2018,7
903,903,SRIVAIKUNDAM - TNEB SUB STATION 33 KVA OPPOSITE TO TIRUNELVELI MAIN ROAD OPEN WELL,592,Tirunelveli,NANGUNERI,8.575329,77.769134,2018-07-15 08:30:00,0.07866385592428467,105.43676551314753,7.06969052580787,533.0620412243403,7.674605752562298,,216.9896766367409,,,,46.266565469857646,,39.46949856324772,,2.664595059865009,,,0.09638986191488147,,2018,7
904,904,SURIYAMPALAYAM BOREWELL (HAND PUMP) OWNED BY ERODE CORPORATION LOATED OPPOSITE TO M/S. PIONEER PROC,573,Erode,ERODE,11.408563,77.685422,2018-07-15 08:30:00,0.3849475517972581,103.90276176863274,7.997254750231783,601.8128347579066,7.426128723510996,0.012973366750485672,147.38799065491975,,,0.4082682814444723,94.54400293064403,,15.683135393037759,,1.6506684024471248,,,,,2018,7
905,905,TAMBIRAPARANI AT ARUMUGANERI TAMILNADU,594,Thoothukudi,Thoothukudi,8.624431,78.068808,2018-07-15 08:30:00,0.3365799424384323,210.30661975547577,5.150715805111673,64.61369830622579,7.482177102649429,,195.7484460568337,,,0.04084523914482202,107.22507291179491,,17.320994891271244,,1.2406708212878712,,,,,2018,7
906,906,TAMBIRAPARANI AT BDG.NR. MADURA COATS LTD.PAPAVINASAM TAMILNADU,592,Tirunelveli,AMBASAMUDRAM,8.663294,77.422222,2018-07-15 08:30:00,0.8399636961779776,109.65620343715936,6.4056910448374165,495.4690782786056,7.374846590023882,,121.7479460270892,,,0.3867345066660329,122.66476054205964,,36.3773251203868,,1.093097816218583,,,0.12285070764297126,,2018,7
907,907,TAMBIRAPARANI AT CHERANMADEVI CAUSE WAY TAMILNADU,592,Tirunelveli,AMBASAMUDRAM,8.700586,77.56595,2018-07-15 08:30:00,1.6016833945921578,224.6371354039475,5.603084896100954,156.9791157139611,7.321500229571623,,58.20616180725246,,,0.1837052827450838,115.52569202838627,,51.604661064195966,,1.6437109665054457,,,,,2018,7
908,908,TAMBIRAPARANI AT ERAL THOTHUKUDI TAMILNADU,594,Thoothukudi,Thoothukudi,8.620606,78.022839,2018-07-15 08:30:00,0.17945312951801579,137.97936956657395,6.817376481287763,486.2027359383023,8.09814699465018,,84.96738289486213,,,,75.72303991545509,,31.764389604624665,,1.531602176450293,,,0.04765638574429912,,2018,7
909,909,TAMBIRAPARANI AT KALLIDAI KURICHI TIRUNELVELI TAMILNADU,592,Tirunelveli,AMBASAMUDRAM,8.69375,77.462681,2018-07-15 08:30:00,,29.356612209803046,5.608809001073146,338.6603559377845,7.473765828617044,,260.6265910883182,,,0.018997654704414144,84.82948249424496,,50.46945658567016,,1.020256078696104,,,,,2018,7
910,910,TAMBIRAPARANI AT MURAPPANADU TAMILNADU,594,Thoothukudi,Thoothukudi,8.721606,77.832797,2018-07-15 08:30:00,,10.0,9.105431433274994,767.755550635588,7.316042036125086,,180.04199942547714,,,,118.0581244343505,,21.590382185269004,,1.5097186528487252,,,0.01,,2018,7
911,911,TAMBIRAPARANI AT PAPPANKULAM TAMILNADU,592,Tirunelveli,AMBASAMUDRAM,8.758606,77.424597,2018-07-15 08:30:00,0.16847213143855158,70.19088800325449,7.478389000170817,190.13574190724637,7.142632154210705,,255.53383675592798,,,0.36564809763222783,135.8412039772456,,29.112678244451843,,0.01,,,,,2018,7
912,912,TAMBIRAPARANI AT RAIL BDG. NR. AMBASAMUDAM TAMILNADU,592,Tirunelveli,AMBASAMUDRAM,8.729581,77.467289,2018-07-15 08:30:00,0.1517742193291293,37.40280192255179,3.500620966068378,532.9905090508661,7.696348220901805,,162.9504309514248,,,0.16928912030531543,147.29560630598667,,16.23144663470085,,0.7265416986357711,,,0.0520897064536171,,2018,7
913,913,TAMBIRAPARANI AT SIVALAPERI CONFLUENCE POINT OF KUTTRALAM FALLS D/S OF PALAYAMKOTTAI TIRUNELVELI TA,592,Tirunelveli,PALAYAMKOTTAI,8.700031,77.690869,2018-07-15 08:30:00,,106.62016762086617,7.134938130276464,807.2675671435791,7.407320868973225,,133.9801071196494,,,,94.10155815584965,,8.99613490970075,,2.0357329885403255,,,0.01579302966570908,,2018,7
914,914,TAMBIRAPARANI AT SRIVAIKUNTAM D/S OF SK ANAICUT TIRUNELVELI TAMILNADU,594,Thoothukudi,Thoothukudi,8.627358,77.909,2018-07-15 08:30:00,0.8264371110427146,58.15694540791274,8.586558033141042,371.965572246973,7.949338671464632,,199.84060320765502,,,,60.90854581326357,,25.123105855731183,,0.14884440263202392,,,,,2018,7
915,915,TAMBIRAPARANI AT TIRUNELVELI COLLECTORATE TAMILNADU.,592,Tirunelveli,TIRUNELVELI,8.734125,77.716764,2018-07-15 08:30:00,0.2058415440454178,10.0,6.563553307897535,151.85481038510454,7.663992306652402,,307.8082890650103,,,,97.59950141682003,,46.23362329731444,,1.5900176469565426,,,,,2018,7
916,916,TAMBIRAPARANI AT VELLAKOIL TIRUNELVELI TAMILNADU,592,Tirunelveli,TIRUNELVELI,8.718019,77.703531,2018-07-15 08:30:00,,74.20659313759634,4.38029857919244,609.260632686977,7.645433948224908,,210.19799677440028,,,,14.130801395374192,,41.16344445382982,,0.2182966904719834,,,,,2018,7
917,917,THALAVAIPETTAI BHAVANI,573,Erode,BHAVANI,11.456295,77.615817,2018-07-15 08:30:00,0.1970920648180101,227.68827390899844,8.264794388782747,158.43809817046298,6.875551313200525,,247.37269122667766,,,,57.24933570012998,,41.164115825184226,,2.1481304251514723,,,,,2018,7
918,918,THANJAVUR,586,Thanjavur,THANJAVUR,10.786359,79.157779,2018-07-15 08:30:00,,209.02385564903253,3.52699265764518,221.5210114521337,6.849314819004679,,167.30033571637145,,,0.1927003000200487,111.22217433153811,,67.50203980609277,,0.8777332572201567,,,,,2018,7
919,919,THENPENNAIYAR AT CHOKKARASANAHALLI BRIDGE (BANGALORE),571,Dharmapuri,DHARMAPURI,12.863435,77.831855,2018-07-15 08:30:00,0.11145097509212737,197.05812271151513,6.726144315715139,170.49258597199923,8.421046225246755,,171.5264157670042,,,0.4466772726011117,120.77835372420516,,41.018745443719375,,1.1136130511899118,,,0.09335168250170457,,2018,7
920,920,THIRUKKANUR,596,Viluppuram,Viluppuram,11.991116,79.639712,2018-07-15 08:30:00,0.05,84.02798449257489,6.7144037302628865,40.0,7.237227355482231,,150.72041496621432,,,0.4237458543052119,66.35090433131552,,16.253846868053266,,1.8111223268605154,,,0.20898688414357866,,2018,7
921,921,THIRUMANIMUTHAR AT SALEM D/S OF SAGO & TEXTILE DYING INDUSTRIES TAMILNADU,584,Salem,SALEM,11.645876,78.120341,2018-07-15 08:30:00,0.3408407344416697,97.5911193799995,4.428543245650532,414.70099048156055,7.771436569020389,0.0017559818102332264,133.7979342211533,,,,71.15582912879938,,50.293606088719734,,0.975542634721158,,,,,2018,7
922,922,TIRCHIRAPPALLLI-SRIRANGAM,591,Tiruchirappalli,TIRUCHIRAPPALLI,10.822062,78.688706,2018-07-15 08:30:00,0.3675097560235539,319.856009437929,7.608813268708607,181.41348090624427,7.752263071246591,,210.17639913407558,,,0.6509476071709713,104.88932605431447,,43.91248166082751,,1.4210646744008444,,,,,2018,7
923,923,TIRUNELVELI,592,Tirunelveli,PALAYAMKOTTAI,8.707446,77.742528,2018-07-15 08:30:00,0.46517992975880273,98.44049954368109,6.0402860946082475,246.92407281057294,7.688845577664996,,55.3814258116506,,,0.01,119.41330237666881,,5.0,,1.1389774786083338,,,,,2018,7
924,924,UDHAGAMADALEM LAKE (OOTY) TAMILNADU,587,Nilgiris,Pandalur,11.400623,76.690453,2018-07-15 08:30:00,,10.0,7.287060788829668,466.6810448156964,6.9749404760355915,,143.18801400644634,,,,146.34003363921238,,27.889606440109365,,1.5704775445310204,,,,,2018,7
925,925,VASISTA AT SALEM D/S OF SAGO INDUSRIES EFFLUENT TAMILNADU,584,Salem,SALEM,11.647853,78.138125,2018-07-15 08:30:00,0.14099941998977433,112.28922909480823,6.404748631975625,497.1819188428613,7.983783890266496,0.0018152148053061864,160.67065788102786,,,0.01567669491803386,136.33418309152822,,33.135417896352834,,2.1898958348508795,,,,,2018,7
926,926,VEERANAM LAKE AT CUDDALORE TAMILNADU,570,Cuddalore,KATTUMANNARKOIL,11.341111,79.523058,2018-07-15 08:30:00,0.6608627797911704,10.61388309720354,5.811556226848818,439.4431251328721,7.15104154917209,,282.4661088904341,,,,96.23713987791305,,49.561794966122164,,1.453019024207771,,,,,2018,7
927,927,WELL AT KATTERIKUPPAM,596,Viluppuram,Viluppuram,12.001161,79.700722,2018-07-15 08:30:00,,182.05402396925513,7.440158777989682,605.8185683246279,7.076682206677498,,180.85274315988707,,,,102.0462623858474,,17.353011473297453,,2.7114259634002016,,,,,2018,7
928,928,WELL AT KOTHAPURINATHAM THIRUVANDARKOIL,596,Viluppuram,Viluppuram,11.930541,79.661783,2018-07-15 08:30:00,0.8975956530690499,75.32638652099736,6.985731029328241,334.65001492673025,6.979952668757154,,125.24913578516356,,,0.03381949040401516,150.70666071425393,,14.8410955339169,,0.5888420782045181,,,,,2018,7
929,929,WELL AT MUSIRI TAMIL NADU,591,Tiruchirappalli,MUSIRI,10.954883,78.443933,2018-07-15 08:30:00,,21.609350777076756,8.70096147723487,60.28703868235431,7.929743954337612,,144.77026526328018,,,0.21596801052777015,72.97722437659004,,26.954404049491266,,0.5570210712842517,,,0.046595893657558896,,2018,7
930,930,WELL AT VADAMATTAM KARAIKAL,589,Tiruvallur,TIRUVALLUR,10.963617,79.678261,2018-07-15 08:30:00,0.19022090127598926,97.13152350740556,5.931136312357032,379.2340122791944,6.516861277465586,,156.50093453792778,,,,48.55508432519579,,28.981212079376238,,0.17192962410677914,,,,,2018,7
931,931,YERCAUD LAKE SALEM TAMILNADU,584,Salem,YERCAUD,11.783642,78.211153,2018-07-15 08:30:00,1.9632928330913553,91.13868694429263,6.4463179275017355,624.5469443906227,7.535356719641514,0.007146051156702339,264.37403297851233,0.01,,0.519624431687614,95.95038821855815,,34.6256390504202,,1.6951078542920743,,,0.11178229401634839,,2018,7
932,932,ALWARTHIRUNAGARI - VETERINARY DISPENSARY WEST CAR STREET NEAR OVER HEAD TANK OF BORE WELL,594,Thoothukudi,Thoothukudi,8.605592,77.944361,2018-08-15 08:30:00,,83.32813094297649,7.310797343908372,274.7081288127814,7.46010443699119,,205.65746111680363,,,,105.3044729177299,,54.807072061017124,,1.4794908427859037,,,,,2018,8
933,933,AMRAVATI AT 1KM D/S FROM EFF.DIS. PT. AT MADHUTHUKKULAM,572,Dindigul,PALANI,10.541244,77.368656,2018-08-15 08:30:00,,123.95178775323072,9.277678765449105,623.7496263000754,7.4324621242332505,,171.68703471054536,,,,90.9932291433066,,61.37774277789897,,0.6479685712059057,,,,,2018,8
934,934,ARIYAPPAMPALAYAM SATHYAMANGALAM,573,Erode,SATHYAMANGALAM,11.488793,77.241248,2018-08-15 08:30:00,0.5819323020197175,140.16271839479015,8.113141490281516,754.5910917832275,7.2770814890660445,,220.38773674792827,,,0.054939917250926326,147.17129766444103,,59.656059835322814,,0.1269922182106098,,,0.07729254856159701,,2018,8
935,935,AUTHOR - MUKKANI AGRAGARAM STREET INFRONT OF THIRU N. SAMUTHRAPANDI HOUSE BORE WELL,594,Thoothukudi,Thoothukudi,8.634908,78.07465,2018-08-15 08:30:00,0.3501493553943524,72.84612708104872,6.850718547386855,742.4975336735154,7.093650995153669,,187.31167042677725,,,0.10399911881049592,75.93351185104002,,46.68465897926757,,0.5108452564285708,,,,,2018,8
936,936,BAHOUR LAKE,570,Cuddalore,CUDDALORE,11.819442,79.729208,2018-08-15 08:30:00,1.3067693994052776,201.97118598645724,6.216084675155782,347.0020465678145,6.900625627268045,,163.23667057382326,,,,209.1353762305948,,30.738300797870128,,1.9056598522315844,,,,,2018,8
937,937,BHAVANI AT BHAVANI SAGAR TAMILNADU,573,Erode,SATHYAMANGALAM,11.485294,77.134603,2018-08-15 08:30:00,,80.10468601522439,6.856880829669319,189.47140334336154,7.363756853918764,,140.63733906744224,,,0.10404963731518485,55.63363310516218,,49.07839425567097,,1.4616085839804902,,,,,2018,8
938,938,BHAVANI AT BHAVANI TAMILNADU,573,Erode,BHAVANI,11.454094,77.679567,2018-08-15 08:30:00,0.1824201479247821,102.08901957150314,7.51539111528834,517.2152725698564,7.479820703262926,,255.78314121199026,,,,119.3600573188273,,35.8972865331723,,0.9556891046367261,,,,,2018,8
939,939,BHAVANI AT D/S OF BHAVANISAGAR SATHYAMANGALAM ERODE TAMILNADU,573,Erode,SATHYAMANGALAM,11.503881,77.247036,2018-08-15 08:30:00,,107.98594788840799,6.542326631174364,290.0165613095236,7.2750715853885675,,172.43663862161551,,,0.34286726162996817,66.85262921356393,,44.43113373088399,,0.8083706624075477,,,,,2018,8
940,940,BHAVANI AT D/S OF KALINGARAYAN CANAL (B10) ERODE TAMILNADU,573,Erode,BHAVANI,11.438223,77.681462,2018-08-15 08:30:00,,94.58370151465542,5.6504487552416025,806.0432649160888,6.503178657943921,0.0070768988606416455,181.99523409401726,,,0.2489745362556255,125.44252351571606,,33.50780016709115,,0.7876485668512339,,,,,2018,8
941,941,BHAVANI AT PATHIRAKALIAMMAN KOIL TAMILNADU,589,Tiruvallur,TIRUVALLUR,11.469259,77.296165,2018-08-15 08:30:00,,165.09389234161247,5.791733640433238,431.9876810180154,6.0,,206.07551566837495,,,,10.0,,33.9769366602749,,0.9850576979800345,,,0.0601733774457601,,2018,8
942,942,BHAVANI AT SIRUMUGAI TAMILNADU,569,Coimbatore,Mettupalayam,11.319948,77.011429,2018-08-15 08:30:00,0.23769483092244018,62.909688543642616,6.521877196564541,445.7033143172375,7.567043043561527,,212.05320341030978,,,,29.58557926222022,,45.67497290509438,,0.764813269301853,,,,,2018,8
943,943,BHAVANI AT U/S OF KALINGARAYAN CANAL (B5) ERODE TAMILNADU,573,Erode,ERODE,11.442818,77.676045,2018-08-15 08:30:00,,37.39733790324715,5.473366774471252,51.19984768390856,7.138288656547752,0.009511680580735682,225.713242215933,,,,161.69151874423017,,49.92377192033004,,3.153004676212272,,,,,2018,8
944,944,BOREWELL AT PASUPATHY PUDUR VILLAGE PALANI TALUK DINDIGUL DIST.,572,Dindigul,PALANI,10.448726,77.517259,2018-08-15 08:30:00,1.3204800723886716,129.8183126164387,6.6360013566863625,396.5997103515737,7.253417498067821,,170.65886402351822,,,0.1325495171331505,38.49158242688954,,32.090411699385,,2.2295578288931353,,,,,2018,8
945,945,BORE WELL AT VANNIARVALASU VILLAGE NEAR ELEMENTARY SCHOOL THOPPAMPATTI PANCHAYAT UNION PALANI TALUK,572,Dindigul,PALANI,10.576266,77.529657,2018-08-15 08:30:00,,194.2295012380171,7.33587961214905,358.52043382669603,7.422973178034507,,185.21522423152214,,,,81.09540484406185,,7.720523695059391,,0.2845174333236463,,,,,2018,8
946,946,BOREWELL LOCATED AT M/S. PHOENIX TEXTILE PROCESSORS VENDIPALAYAM ERODE,573,Erode,ERODE,11.327414,77.745903,2018-08-15 08:30:00,2.717288140825817,134.43745134649652,7.949003833942305,270.9609987756355,7.117827119548693,0.001,277.34373792455716,,,,135.503096278566,,33.964946561691505,,1.3812342007447969,,,,,2018,8
947,947,BOREWELL NEAR KAMBARASAMPETTAI INTAKE WELL (TRICHY UPSTREAM),591,Tiruchirappalli,TIRUCHIRAPPALLI,10.787066,78.690243,2018-08-15 08:30:00,0.46063967425620944,303.7071452743487,7.112384494933017,503.83409382157555,7.581472524834892,,295.32004511804837,,,0.07259299965838628,103.88561609702265,,51.37009303741884,,0.556584760377065,,,,,2018,8
948,948,BOREWELL NEAR THOGUR INTAKE WELL (TRICHY DOWNSTREAM),591,Tiruchirappalli,TIRUCHIRAPPALLI,10.786916,78.690657,2018-08-15 08:30:00,,182.81012683680436,8.33961505069902,381.8341216999039,7.381983256615506,,158.72353343046206,,,,137.65379350078078,,5.0,,1.8751611204151448,,,,,2018,8
949,949,CAUVERY AT 1KM. D/S OF BHAVANI RIVER CONFL. TAMILNADU,573,Erode,BHAVANI,11.445663,77.677626,2018-08-15 08:30:00,0.45587335217334046,248.32785777592284,7.18684032989318,636.6783484152373,7.114715018466499,,118.83173591713657,,,0.354640077890034,151.10741858727778,,21.41104640876446,,0.7309273589599519,,,,,2018,8
950,950,CAUVERY AT COLEROON TAMILNADU,579,Nagapattinam,NAGAPATTINAM,11.326822,79.702981,2018-08-15 08:30:00,,193.09693218740728,7.83281322086491,510.5871715115059,7.111362894489455,,277.21925323110014,,,0.16146753621220944,93.94095050166148,,8.288376929586484,,1.3488744167007483,,,0.11334289523439278,,2018,8
951,951,CAUVERY AT ERODE NEAR CHIRAPALAYAM TAMILNADU,573,Erode,ERODE,11.335795,77.753762,2018-08-15 08:30:00,0.6277062030240256,207.2414139794135,7.321489670043017,309.0552350273921,6.927849537478842,,188.23555146426997,,,,38.68470272333645,,37.26457916273529,,0.30531821919961444,,0.0011492067391581917,,,2018,8
952,952,CAUVERY AT KOMARAPALAYAM NAMAKAL TAMILNADU,580,Namakkal,Tiruchengode,11.423503,77.685261,2018-08-15 08:30:00,0.11042766164104426,99.75305271887113,5.688734760141434,668.6228578309506,7.656444369190786,,181.6284763863632,,,,61.35412680297558,,40.91628229093669,,0.8641224033350168,,,,,2018,8
953,953,CAUVERY AT KUMBAKONAM THANJAVUR TAMILNADU,586,Thanjavur,KUMBAKONAM,10.968137,79.378248,2018-08-15 08:30:00,,157.1456448661332,7.053596855642506,354.1113819040905,7.341241044217173,,261.2446332220728,,,,60.76039815660352,,18.030045675851458,,1.6443190885213919,,,,,2018,8
954,954,CAUVERY AT MAYILADUTHURAI NAGAPATTINAM TAMILNADU,579,Nagapattinam,Mayiladuthurai,11.104894,79.651871,2018-08-15 08:30:00,,131.641659445241,6.155010823850564,630.0098556211153,7.410848225729553,,211.818794075164,,,,15.580498593294195,,31.168116513608396,,3.669851048889875,,,,,2018,8
955,955,CAUVERY AT METTUR,584,Salem,METTUR,11.796255,77.806971,2018-08-15 08:30:00,,128.13246092528234,7.083544765689074,206.60428544303605,6.5648300207652035,,99.16920488022424,,,,52.825539929495314,,39.06418461353938,,0.7645804536603694,,,0.19139992162376346,,2018,8
956,956,CAUVERY AT MOHANUR NEAR PATTAIPALAYAM TAMILNADU,580,Namakkal,NAMAKKAL,11.064392,78.120358,2018-08-15 08:30:00,0.5403612780554448,46.61906862581701,9.622975849849176,555.069540301661,7.698473021569016,,182.36917546144338,,,0.1394055377702643,71.0230019745717,,51.25504700126479,,0.9063086639421511,,,,,2018,8
957,957,CAUVERY AT MUSIRI,591,Tiruchirappalli,MUSIRI,10.955345,78.443949,2018-08-15 08:30:00,0.436214012852848,129.80648549443782,3.7579758752815264,241.21113593257544,6.7374841864326624,,74.13182361562028,,,0.321608985434768,10.0,,61.47372453777291,,1.30040709958575,,,,,2018,8
958,958,CAUVERY AT PALLIPPALAYAM,580,Namakkal,Tiruchengode,11.368215,77.741107,2018-08-15 08:30:00,,99.85770608588966,6.7156344573274485,439.11735430888467,7.839768516636405,,225.6368736508559,,,,99.68799195101552,,34.43351533633369,,1.0322880052646701,,,0.2028484897166497,,2018,8
959,959,CAUVERY AT PETTAIVAITHALAI TRICHY TAMILNADU,591,Tiruchirappalli,SRIRANGAM,10.906389,78.489697,2018-08-15 08:30:00,0.8945926503711172,177.41909653271836,2.9398963175111232,562.1751945426629,8.079285796714485,,175.13464192099792,,,0.19312522270580113,93.3168026953583,,52.74707089966498,,2.1175702946041355,,,,,2018,8
960,960,CAUVERY AT PITCHAVARAM TAMILNADU,570,Cuddalore,CHIDAMBARAM,11.418828,79.772375,2018-08-15 08:30:00,,10.0,7.438513533223474,749.1380603518572,7.363327760318229,,228.43033877834287,,,,64.6788256223021,,49.66773412174585,,0.34025792161351476,,,,,2018,8
961,961,CAUVERY AT PUGALUR KARUR TAMILNADU,576,Karur,KARUR,10.974467,78.180075,2018-08-15 08:30:00,0.35142216654536335,76.9018975722847,5.595550826165905,635.4102866217859,7.445640333907846,,53.746340021788086,,,,20.465270551802405,,35.13811747978711,,1.1219248878764685,,,,,2018,8
962,962,CAUVERY AT THANJAVUR TAMILNADU,610,Ariyalur,Sendurai,11.34,79.24,2018-08-15 08:30:00,0.9770346799086341,43.365772840378554,6.0618404746450585,207.08799953393782,7.407515390270398,,158.49587288849528,,,,163.07716358069695,,36.402871338047774,,0.40747673800060913,,,,,2018,8
963,963,CAUVERY AT THIRUMUKKUDAL-CONFL. PT.OF R. AMRAVATI TAMILNADU,576,Karur,KARUR,11.050024,78.120645,2018-08-15 08:30:00,,260.99785318956896,8.068562507780857,324.2181189951466,7.262993890483297,,144.81519629044033,,,,64.87345923814573,,16.755094837619563,,2.387112123014209,,,,,2018,8
964,964,CAUVERY AT TIRUCHIRAPPALLI D/S TAMILNADU,591,Tiruchirappalli,SRIRANGAM,10.766809,78.665272,2018-08-15 08:30:00,0.8300399408455941,217.63768985493783,6.929091068995161,323.0623613497234,8.004219247524842,,190.0241625792185,,,,130.7110106667021,,28.832819662741166,,1.2205321903980633,,,,,2018,8
965,965,CAUVERY AT TIRUCHIRAPPALLI U/S TAMILNADU,591,Tiruchirappalli,TIRUCHIRAPPALLI,10.833263,78.718224,2018-08-15 08:30:00,0.7899889797149071,256.8200312893851,7.8647038959700195,630.3489752846073,7.405711293850719,,238.44753545491767,,,,44.748489846482194,,38.62851129152653,,0.80767983474147,,,,,2018,8
966,966,CAUVERY AT TRICHY GRAND ANAICUT TAMILNADU,586,Thanjavur,Thiruvaiyaru,10.830327,78.81177,2018-08-15 08:30:00,0.05,92.54447613884628,6.229072072741038,161.7551548614793,6.952326053883827,,81.0999578978506,,,0.2897763748566957,119.11223602227099,,48.34509364703579,,0.01,,,,,2018,8
967,967,CAUVERY AT URRACHIKOTTAI ERODE TAMILNADU,580,Namakkal,Tiruchengode,11.354178,77.750436,2018-08-15 08:30:00,1.5194649094759565,315.66156552909473,7.138426918727343,223.38106792102542,7.174931293453372,,165.55451709293953,,,0.15772744881332645,54.086650764441444,,32.948062048886726,,1.9491041076932978,,0.001,,,2018,8
968,968,CAUVERY AT VAIRAPALAYAM NAMAKAL TAMILNADU,580,Namakkal,Tiruchengode,11.361583,77.742411,2018-08-15 08:30:00,,110.71433519036133,6.359107639586156,426.1043359135647,7.3917478700148305,,225.67383348693264,,,,101.75646445491145,,5.0,,1.8984528530656797,,,,,2018,8
969,969,CAUVERY AT VELORE NEAR KATTIPALAYAM TAMILNADU,580,Namakkal,Paramathivellur,11.18,78.01,2018-08-15 08:30:00,0.8051645371612463,242.27358772584725,6.866903970840872,104.55993805778138,8.150815173950305,,151.98192272602736,,,0.6346702793157523,138.977700225553,,20.983580663748896,,1.4198507689579902,,,,,2018,8
970,970,CHENNAI-1 NESAPAKKAM (ZONE-IV),568,Chennai,CHENNAI,13.035832,80.193265,2018-08-15 08:30:00,0.2472725104469194,178.0335061726213,6.602412746624612,434.58978237984775,6.618041210789595,0.00742181019328005,102.09491743779975,,,,85.29402699678796,,15.508870480369819,,1.0498387153007704,,0.004570769705271688,,,2018,8
971,971,CHENNAI-2 PERUNGADI(ZONE-V),574,Kancheepuram,KANCHEEPURAM,12.9566,80.23435,2018-08-15 08:30:00,0.24248254023138846,71.07158830363322,5.4892451398759174,432.4331862326849,7.2436248651323405,0.009032967856007148,146.91174819046796,,,0.3143778878562032,39.54499333184571,,39.16966528899661,,0.01,,,,,2018,8
972,972,CHENNAI-3KODUNGAIYUR (ZONE I&II),568,Chennai,CHENNAI,13.138808,80.260799,2018-08-15 08:30:00,,59.177244910272506,5.837989834343986,40.0,7.99531677215099,,68.16900572913949,,,,84.98085127725977,,35.61459008012382,,2.583440692835805,,,,,2018,8
973,973,CHENNAI-4 KOYAMBEDU (ZONE-III),568,Chennai,CHENNAI,13.0642,80.200156,2018-08-15 08:30:00,1.6802818370117985,68.64024044373319,7.551004794518844,742.9597945929246,7.00620871008124,,162.78298702472097,,,0.06777799847978849,113.57135904405499,,55.61840575806812,,2.3395603959258184,,0.010523495589831258,,,2018,8
974,974,CHENNAI WATERWAYS AT BUCKINGHAM CANAL (ICE HOUSE),568,Chennai,CHENNAI,13.050823,80.278958,2018-08-15 08:30:00,,247.4078284272283,4.495647193092979,538.984571027119,7.39900428051811,,117.86873021622674,,,,91.90246975963537,,86.22579410520206,,0.6282593681727426,,0.006321404196107418,,,2018,8
975,975,CHENNAI WATERWAYS AT BUCKINGHAM CANAL (TIDAL PARK),568,Chennai,CHENNAI,12.988133,80.25192,2018-08-15 08:30:00,0.4010754084406852,193.99317353748347,7.234091127997285,204.15989804327842,6.990781138611914,,195.05205939321937,0.01,,,70.64495660527467,,47.57636076835967,,0.9648364862286268,,0.001,0.04843053383782294,,2018,8
976,976,CHENNAI WATERWAYS AT BUCKINGHAM CANAL X OTTERI NULLAH CONFLUENCE (GMR VASAVI INDUSTRIES),568,Chennai,CHENNAI,13.10524,80.271091,2018-08-15 08:30:00,0.2631911385449597,10.0,6.399724936168565,665.8674944961442,7.892592867159623,0.007477454204752571,246.4881601556644,,,,41.49289221074967,,39.5338464816714,,2.286070567421474,,,,,2018,8
977,977,CHENNAI WATERWAYS AT CAPTAIN COTTON CANAL (ERUKANJERI),568,Chennai,CHENNAI,13.126266,80.256935,2018-08-15 08:30:00,,10.0,5.4664542771369184,371.5860334844827,7.583818402165912,0.013522338612481928,157.10181348610763,,,0.03791157193329949,96.96799064355584,,23.775256154012492,,1.0441683029734115,,,0.07402121808832209,,2018,8
978,978,CHENNAI WATERWAYS AT CC X BC CONFLUENCE (KODUNGAIYUR),568,Chennai,CHENNAI,13.136803,80.249192,2018-08-15 08:30:00,,62.8268706527206,6.080137581052396,410.2223620808102,7.345710634641574,0.001,332.3369034804923,,,,48.49284957216532,,29.98418599017243,,0.9120711251466627,,,,,2018,8
979,979,CHENNAI WATERWAYS AT MAMBALAM DRAIN (GOLF COURSE),568,Chennai,CHENNAI,13.022221,80.233657,2018-08-15 08:30:00,,326.423351895262,5.327513424630318,396.61337848603307,6.37891522717142,0.001,44.43077631139067,,,0.5028315722926969,57.41377980396224,,34.0421761470863,,1.6346055719794186,,,,,2018,8
980,980,CHENNAI WATERWAYS AT MAMBALAM DRAIN (USMAN ROAD),568,Chennai,CHENNAI,13.028381,80.227747,2018-08-15 08:30:00,0.1273912910751535,198.20657174209515,6.801027501915677,562.1265659800051,7.586423847881121,,326.3792377802712,,,,85.63177204229491,,25.237700475014353,,2.311834063809462,,,,,2018,8
981,981,CHENNAI WATERWAYS AT OTTERI NULLAH (KILPAUK GARDEN),568,Chennai,CHENNAI,13.086538,80.234507,2018-08-15 08:30:00,1.8524270274864223,189.10621829508395,5.389453702281131,575.3783072173812,6.9755407568103,,127.63333257461277,,,,98.71825069821223,,23.353535594624184,,2.5593164652185614,,,,,2018,8
982,982,CHENNAI WATERWAYS AT OTTERI NULLAH (ORIGIN),568,Chennai,CHENNAI,13.099796,80.196273,2018-08-15 08:30:00,0.11125408783067031,237.07690772426741,4.189356338352144,40.0,7.095732926576728,0.001820356365467759,175.17205379894554,,,,99.15803177507928,,11.362359877163549,,0.01,,0.01252875872005035,,,2018,8
983,983,COLLECTOR WELL AT THIRUPUVANAM FOR MADURAI WAT. SUPPLY SCHEME TAMILNADU,585,Sivaganga,Sivagangai,9.826111,78.257297,2018-08-15 08:30:00,2.3223340359450453,120.6555867357392,5.7613809800076385,386.3240380574196,7.634753592127287,,315.22783971707645,,,,25.267290989263174,,36.02037459137189,,0.565641997611123,,,,,2018,8
984,984,ERAL - CHARMAM ARUNACHALA SWAMY TEMPLE WEST OF BORE WELL,594,Thoothukudi,Thoothukudi,8.621439,78.016285,2018-08-15 08:30:00,,84.66026212024605,5.514904210192592,704.8795592789118,7.038569024390914,,230.1705239096826,,,,10.0,,50.89866229209618,,2.905748533445103,,,,,2018,8
985,985,ERODE-1,573,Erode,ERODE,11.333111,77.747343,2018-08-15 08:30:00,1.6769822245889126,191.14107398071806,7.36476707762872,467.0200206625013,7.689222718684168,,308.42285155781997,,,0.7997283911723889,64.09916282361452,,8.880128243598705,,3.236843628754233,,,0.22317184678782,,2018,8
986,986,ERODE-2,573,Erode,ERODE,11.338655,77.74513,2018-08-15 08:30:00,0.05,187.04112436290484,5.082567752684602,433.97906483012474,7.603106396539085,,109.02646329391527,,,0.19606368170503266,131.9925623034277,,5.0,,1.1194433017462584,,0.0016943735682253495,,,2018,8
987,987,HOUSE OF THIRU MURUGAN S/O. ESAKKI NO.16B MEENAKSHIPURAM ANNA NAGAR TIRUNELVELI,592,Tirunelveli,TIRUNELVELI,8.727206,77.709638,2018-08-15 08:30:00,0.11963860387595364,78.29961545150964,7.516125330809893,454.1797980971716,7.109062184235569,,125.44095564576614,,,0.2566220126276147,110.5273616291285,,38.829070181452124,,1.6947257725953078,,,,,2018,8
988,988,KAKKADAVU KERALA,569,Coimbatore,POLLACHI,10.742228,77.060508,2018-08-15 08:30:00,,76.51328479250137,7.952933296188194,930.6582684166577,7.521057887497194,,137.04831071790264,,,,31.013998801366263,,45.641866123100456,,0.4802578541735971,,,,,2018,8
989,989,KARUR,576,Karur,KARUR,10.955411,78.055554,2018-08-15 08:30:00,1.1304350070603655,10.0,5.644026919663746,392.37209858664215,7.987512222114736,,99.71488177349467,,,0.14906850501137048,98.076434569567,,33.17465906500645,,2.587810234498862,,,,,2018,8
990,990,KODAI KANAL LAKE TAMILNADU,572,Dindigul,KODAIKANAL,10.233619,77.485653,2018-08-15 08:30:00,1.3838114423296486,167.05306475296175,7.782424824390688,521.6505955463819,7.7896377012502045,,245.21313615000895,,,,41.301318380946405,,56.608898199920304,,1.6128440118204517,,,,,2018,8
991,991,KOMBUPALLAM SATHYAMANGALAM,573,Erode,SATHYAMANGALAM,11.509621,77.230116,2018-08-15 08:30:00,,25.169389703961144,6.354761405236548,789.5785649037757,6.700951016862767,,126.24870690479418,,,,50.96086282988185,,44.01347058758316,,1.3401235525331792,,,0.01,,2018,8
992,992,KUMBAKONAM,586,Thanjavur,THANJAVUR,10.78627,79.15819,2018-08-15 08:30:00,,153.800290119403,5.5549382372441345,755.1950563126923,7.741718974725254,,206.06385269289515,,,0.16743382551904631,166.45390058624866,,48.56355351981229,,1.0066576283893833,,,,,2018,8
993,993,LOCATED ADJACENT TO KARU MSW DUMP SITE AND ON THE NORTHERN BANK OF RIVER AMARAVATHI AND DOWNSTREAM,576,Karur,KARUR,10.951185,78.035374,2018-08-15 08:30:00,,271.6259127161736,7.298428145173945,502.70049859123094,7.459070992027178,,50.25707269299053,,,,93.58114277989006,,27.059746414470062,,1.0186508570390642,,,,,2018,8
994,994,LOCATED ON THE SOUTHERN BANK OF RIVER AMARAVATHI AND DOWNSTREAM SIDE OF KARUR DYEING CLUSTER,576,Karur,KARUR,10.917543,78.009517,2018-08-15 08:30:00,1.5020264812000759,10.0,7.1246149959539355,721.9075044901828,7.755675984440962,0.004552624803917357,81.70156617717205,,0.02,,84.70977206137356,,29.38926333559014,,1.6705103610741276,,0.005081253987561302,,,2018,8
995,995,MADUKARAI,596,Viluppuram,Viluppuram,11.871427,79.603728,2018-08-15 08:30:00,0.7644746881656512,26.599934089542856,7.834750939870073,552.0190726625652,7.332554884915025,,331.3354836594773,,,0.055945164665652934,89.44893339363432,,29.108139648696877,,1.087747017562272,,,0.03888933571942624,,2018,8
996,996,MAYILADUTHURAI,589,Tiruvallur,TIRUVALLUR,10.812621,79.608435,2018-08-15 08:30:00,,54.297089274171256,7.078361392463471,282.97961984314907,7.476361921087078,,174.04527139608797,,,0.6322810933236721,96.40138968397446,,29.484882312442647,,1.9563978437275158,,,,,2018,8
997,997,M. KALIAPPAN SANGILIMUNIYAPPAN KOVIL ERIKKADU METTUR,584,Salem,Sankari,11.478265,77.881114,2018-08-15 08:30:00,0.17306645076330482,145.0593354954893,5.87148885076798,881.1304760302942,7.92783546462392,,207.6789036442476,,,0.08374772131378934,69.68003142066169,,42.81323276929718,,0.36565739055300983,,,,,2018,8
998,998,MUNICIPAL CORPORATION BORE WELL LOCATED IN PERUMALPURAM STREET NARANAMMALPURAM TIRUNELVELI,592,Tirunelveli,PALAYAMKOTTAI,8.698363,77.738123,2018-08-15 08:30:00,0.39561567466399256,131.8760226920843,5.498503307027408,670.1327498735791,7.889998079434278,,97.09633639762038,,,,59.97937373271965,,43.17180315883181,,2.0813917196356755,,,,,2018,8
999,999,OVER HEAD TANK AT TIRUR VILLAGE TIRUVALLUR TALUK TIRUVALLUR PANCHAYAT UN,589,Tiruvallur,TIRUVALLUR,13.106545,79.960588,2018-08-15 08:30:00,0.5430659829653102,132.97796907025278,7.318139818201555,524.1507119858439,6.932384241337812,,268.1418341675875,,,0.14734080495368285,117.07277160804209,,8.085210919974354,,2.8069352065913336,,,,,2018,8
1000,1000,PALAR AT VANIYAMBADI WATER SUPPLY HEAD WORK TAMILNADU,595,Vellore,VANIYAMBADI,12.679231,78.595417,2018-08-15 08:30:00,0.2667540550803507,149.66815141687974,6.596383487150255,1005.3920408536488,7.365845546714153,,139.29007712122763,,,0.06792730090871348,10.0,,29.063631373174882,,0.01,,,0.06948886027200707,,2018,8
1001,1001,PARAMASIVAM WATER SERVICE STATION BLOCK NO.13 BSNL EXCHANGE OPPOSITE METTUR DAM - 636 402.,584,Salem,METTUR,11.803279,77.804723,2018-08-15 08:30:00,0.6105375143127386,273.7779648215562,4.826842699754699,562.9747012360418,7.352951875144163,,148.05565505118255,,,0.24848450208203163,27.877312955782195,,18.654794526320625,,1.5273700628852374,,,,,2018,8
1002,1002,PERUR CHETTIPALAYM PANCHAYAT LOCATED ADJACENT TO NOYYAL RIVER AT PERUR-VEDAPATTY ROAD (OPP VINAYGAR,573,Erode,ERODE,11.128875,77.39572,2018-08-15 08:30:00,,58.15196352487434,8.093551374405155,453.3890299426722,7.646148076194937,,153.34392719035895,,,0.059431760899544314,109.16786196598801,,36.11499262960737,,1.360671790955284,,,,,2018,8
1003,1003,POONDI LAKE AT THIRUVALLUR TAMILNADU,589,Tiruvallur,TIRUVALLUR,13.169731,79.888236,2018-08-15 08:30:00,,144.80695266820254,7.655905251906846,526.5499091734937,7.832792081690908,,134.75784962772178,,,0.13082395223584553,84.40083178282488,,70.68832858896505,,1.0210751435096639,,,,,2018,8
1004,1004,PORUR LAKE AT THIRUVALLUR TAMILNADU,589,Tiruvallur,TIRUVALLUR,13.033945,80.148344,2018-08-15 08:30:00,,233.73971876763937,8.018958901239614,224.83356699888745,7.230081538879193,,216.25827512087386,,,,103.24158353534779,,45.63197534067881,,1.3435587133892597,,,,,2018,8
1005,1005,PULICATE LAKE AT THIRUVALLUR TAMILNADU,589,Tiruvallur,TIRUVALLUR,13.427023,80.292679,2018-08-15 08:30:00,0.5636137579805214,163.46716775992383,5.632312274105426,518.1022422887734,7.835112830483961,,174.56417103044737,,,,78.73984679163159,,25.06871866701873,,0.5115809056150087,,,0.045246062498220815,,2018,8
1006,1006,REDD HILLS AT THIRUVALLUR TAMILNADU,589,Tiruvallur,TIRUVALLUR,13.193092,80.172867,2018-08-15 08:30:00,1.4531263614396412,91.46892046887652,7.927033966512736,513.1753930726104,7.453755503032604,,317.91799232321284,,,,49.99487888157265,,35.55571731567655,,1.392358004112009,,,,,2018,8
1007,1007,RIVER ADYAR AT EKKATTUTHANGAL,574,Kancheepuram,KANCHEEPURAM,13.026747,80.192542,2018-08-15 08:30:00,0.8224734246435595,287.5774867078835,7.1384387905072,554.2299196089466,7.271662486388697,,311.84300173909503,,,0.2579490979516913,76.82094682301997,,33.36943361501395,,0.01,,,,,2018,8
1008,1008,RIVER ADYAR AT JAFERKHANPET,574,Kancheepuram,KANCHEEPURAM,13.02849,80.20247,2018-08-15 08:30:00,,75.87874159176155,6.392796961434745,694.6503052627054,6.523697057302135,,190.96610972831695,,,,60.811245334580875,,46.332050589185044,,0.01,,,,,2018,8
1009,1009,RIVER ADYAR AT KOTTURPURAM BRIDGE,568,Chennai,CHENNAI,13.025906,80.243554,2018-08-15 08:30:00,0.3734219110305144,109.42637830633201,5.949414712789875,682.1816107297177,6.99922982051654,,194.06810948932306,,,0.39573160585653067,66.02803336721703,,27.203445810140558,,2.004687187572686,,,,,2018,8
1010,1010,RIVER ADYAR AT MARAIMALAI BRIDGE,574,Kancheepuram,KANCHEEPURAM,13.02724,80.208104,2018-08-15 08:30:00,,10.0,7.228154030071561,504.0802287996056,7.337182192797912,,134.05868232344537,,,,66.53019834615492,,11.527942798940519,,0.9341818389999293,,,,,2018,8
1011,1011,RIVER ADYAR AT NANDAMBAKKAM,574,Kancheepuram,KANCHEEPURAM,12.965867,80.109983,2018-08-15 08:30:00,,146.04845451547376,7.473328285343765,277.73278430824087,8.089807909435232,,150.3657053789484,,,,104.16788813104162,,46.98169983051039,,0.6394711183493621,,,0.09017947035242137,,2018,8
1012,1012,RIVER ADYAR BEFORE GOLF COURSE,574,Kancheepuram,Tambaram,12.938473,80.094802,2018-08-15 08:30:00,0.18882848618498044,67.77031712771154,7.479865421078718,590.6444607183969,7.112770026222474,,267.05454632381196,,,,167.706724224945,,65.81167492370795,,2.104129748687331,,,0.03694203961097136,,2018,8
1013,1013,RIVER ADYAR NEAR BOAT CLUB,568,Chennai,CHENNAI,13.023184,80.247552,2018-08-15 08:30:00,1.2535656526439882,100.37540110497581,7.00093644129296,707.1190147308721,8.221991185690372,,241.75176221078794,,,0.028711996334478754,10.0,,27.558101557222816,,1.6982153001820401,,,,,2018,8
1014,1014,RIVER CAUVERY AT BHAWANI D/S,573,Erode,ERODE,11.422026,77.679686,2018-08-15 08:30:00,1.3657935873705387,255.55780244223484,6.4633052902815535,255.74475774058251,7.58629814092468,,148.7970345397319,,,,74.87440202158777,,64.13602483175528,,1.2459175263669953,,,,,2018,8
1015,1015,RIVER CAUVERY AT ERODE U/S,573,Erode,ERODE,11.369068,77.727294,2018-08-15 08:30:00,0.16847291896872812,61.956707281996586,7.108598911058665,616.4370182170763,7.183035825047885,,111.8538084023927,,,,60.5290538413792,,8.908576627301695,,1.8406081466972022,,,,,2018,8
1016,1016,RIVER CAUVERY AT KARUR U/S,576,Karur,KARUR,11.008673,78.159341,2018-08-15 08:30:00,1.4520455409365824,90.88673406647828,8.0842915607032,470.352772940226,7.482775881125639,,137.8699001954517,,,0.09100013849473929,44.96763223829225,,46.02871314862045,,1.3176068692428444,,,,,2018,8
1017,1017,RIVER CAUVERY AT KUMARAPALAYAM U/S,580,Namakkal,Tiruchengode,11.427111,77.686922,2018-08-15 08:30:00,0.05211542164108122,173.5907592172593,7.20045370378874,612.8926670905053,7.2864409331041,,165.32062656870878,,,,106.51903879305955,,17.84850126944659,,1.4358645513677555,,,,,2018,8
1018,1018,RIVER CAUVERY AT KUMBAKONAM D/S,586,Thanjavur,KUMBAKONAM,10.964811,79.351278,2018-08-15 08:30:00,,309.95730266271937,7.427274053503272,432.99724775741504,7.6048158714272835,,152.91846274598478,,,,69.19732375491162,,33.628622996761685,,0.653651914947851,,,,,2018,8
1019,1019,RIVER CAUVERY AT MAYILADUTHURAI D/S,579,Nagapattinam,Mayiladuthurai,11.105488,79.647969,2018-08-15 08:30:00,,127.55419037718077,5.859156764817402,273.59661087765016,7.446965951841238,,276.76354790839525,,,0.018479643570717554,60.16463043250945,,62.095787359506154,,0.6462823596991419,,,0.01,,2018,8
1020,1020,RIVER CAUVERY AT PALLIPALAYAM D/S,580,Namakkal,Tiruchengode,11.365347,77.741652,2018-08-15 08:30:00,0.270712368517478,79.9058290437572,6.301491137381728,157.94835208176528,8.203051499984115,,231.74552076720653,,,,76.99133334033375,,47.30146412408055,,1.8056448014555335,,,,,2018,8
1021,1021,RIVER COOUM AT AMANJIKARAI,568,Chennai,CHENNAI,13.068081,80.231405,2018-08-15 08:30:00,0.05,62.387681838274666,4.260262216683829,799.7770308583526,7.023647658576671,,225.2937781112531,,,,145.48271796565814,,32.22984006825857,,1.3928346222896892,,,,,2018,8
1022,1022,RIVER COOUM AT ANNA NAGAR,568,Chennai,CHENNAI,13.07865,80.207011,2018-08-15 08:30:00,0.05,10.0,6.29579296231906,239.9288020515032,7.977836124444029,,244.82936230549987,,,,72.17502094772755,,24.064623621427213,,0.22296209231581965,,,,,2018,8
1023,1023,RIVER COOUM AT ARUMBAKKAM,568,Chennai,CHENNAI,13.074866,80.221849,2018-08-15 08:30:00,0.6258944906769067,146.2074184914366,8.34561953823396,95.79523196002077,8.007195767514833,,161.38116646041797,,,0.2573241975886951,97.37113540506778,,31.17104149524345,,0.5785103211028861,,,,,2018,8
1024,1024,RIVER COOUM AT COLLAGE ROAD,568,Chennai,CHENNAI,13.070824,80.249921,2018-08-15 08:30:00,0.9615161568076636,24.19222897765016,7.49505805206592,805.9514514500752,6.895031413201163,,149.8433679939112,,,,36.14118091506701,,12.028081704179279,,0.01,,,,,2018,8
1025,1025,RIVER COOUM AT NAPIER BRIDGE,568,Chennai,CHENNAI,13.069423,80.284355,2018-08-15 08:30:00,0.34251430338925676,22.668552356746048,6.947908308962203,326.13687711921295,7.214859888654779,,100.60829682417832,,,,105.48684477148763,,5.007989584904887,,1.186493616067905,,,,,2018,8
1026,1026,RIVER COOUM AT POONAMALLE,589,Tiruvallur,TIRUVALLUR,13.065634,80.113691,2018-08-15 08:30:00,0.05,74.8238116801644,6.155444172524155,480.1271923629828,7.211756261026343,,287.4955927970159,,,,131.75541674268243,,52.751643755507466,,0.5227936337838299,,,,,2018,8
1027,1027,RIVER COOUM NEAR CENTRAL JAIL,589,Tiruvallur,TIRUVALLUR,13.169913,80.21808,2018-08-15 08:30:00,,131.54866305803463,6.9662075886313195,272.8564651411358,7.539003331971184,,101.00450245348735,,,0.08884045577749135,20.300408830337062,,42.309288475280916,,0.44810622398281497,,,,,2018,8
1028,1028,RIVER LOCATIONS AT KUMARAPALAYAM,580,Namakkal,Tiruchengode,11.447221,77.691963,2018-08-15 08:30:00,0.23412906223449667,131.6969084718069,6.12135192452437,647.1193862909995,7.515379801659727,,179.45697010543898,,,,92.26711488622378,,51.76027299838111,,1.764627108163225,,,,,2018,8
1029,1029,RIVER TAMRABARANI AT TIRUNELVELI D/S,592,Tirunelveli,TIRUNELVELI,8.78198,77.79011,2018-08-15 08:30:00,0.1573135914786937,153.8335328181802,7.268608018348512,330.8790401071977,8.117085799374268,,163.4105839035576,,,,46.863027967099875,,43.13431155740006,,0.17601498109936342,,,0.06133523992712592,,2018,8
1030,1030,RIVER VAIGAI AT MADURAI D/S,578,Madurai,MADURAI SOUTH,9.92812,78.125036,2018-08-15 08:30:00,,164.16996677838745,5.968137569086765,114.36471539004629,7.397731608399412,,188.81382143685724,,,,70.83125536333438,,50.08718995278988,,0.575676315257098,,,,,2018,8
1031,1031,RIVER VAIGAI AT MADURAI U/S,578,Madurai,MADURAI SOUTH,9.927433,78.121013,2018-08-15 08:30:00,,122.43389440339814,8.836453770166434,40.0,6.37952394433923,,126.01597692380837,,,0.6790220039321244,110.59838762646132,,16.852805371073302,,1.650698433411906,,,,,2018,8
1032,1032,RIVER VENNAR AT THANJAVUR D/S,586,Thanjavur,THANJAVUR,10.816856,79.140224,2018-08-15 08:30:00,,170.3003451622277,6.501050703488745,99.16327100057975,7.927953091082075,,110.51921515546357,,,,76.5915223241401,,25.733169865506895,,2.5057217950762354,,,,,2018,8
1033,1033,SAKTHI NAGAR NEAR MUNICIPALITY SEWAGE TREATMENT PLANT KOMPURANKADU METTUR,574,Kancheepuram,SRIPERUMBUDUR,13.00996,80.162403,2018-08-15 08:30:00,,59.34689444000575,6.180143234863103,306.82539588493876,7.254342760681466,,192.5768651144671,,,0.43174995444018144,72.34813854540621,,55.85600642014343,,1.0169725248644947,,,,,2018,8
1034,1034,SARABANGA AT SALEM D/S OF TEXTILE DYEING INDUSTRIES EFFLUENT TAMILNADU,584,Salem,SALEM,11.649094,78.148011,2018-08-15 08:30:00,0.05,119.38330788142048,4.705762895236213,451.77468707044994,7.204369264344114,,71.15855878050483,,,,81.49785814186242,,30.804610543085204,,0.30268301077344417,,,0.05727883018985688,,2018,8
1035,1035,SRIVAIKUNDAM - BLOCK DEVELOPMENT OFFICE - OPEN WELL,594,Thoothukudi,Thoothukudi,8.625282,77.907778,2018-08-15 08:30:00,1.7767351575041348,68.93291449120899,4.604981988594709,355.58711139334713,7.680663680401089,,200.64588968256132,,,,81.15635123325066,,71.41295737351854,,0.01,,,,,2018,8
1036,1036,SRIVAIKUNDAM - TNEB SUB STATION 33 KVA OPPOSITE TO TIRUNELVELI MAIN ROAD OPEN WELL,592,Tirunelveli,NANGUNERI,8.575329,77.769134,2018-08-15 08:30:00,0.5117467546555896,176.38944654376564,5.958091216103505,579.8718573771694,7.007177767404233,,89.50638534693914,,,,88.44939501188786,,22.682932344337257,,3.5409258708146343,,,,,2018,8
1037,1037,SURIYAMPALAYAM BOREWELL (HAND PUMP) OWNED BY ERODE CORPORATION LOATED OPPOSITE TO M/S. PIONEER PROC,573,Erode,ERODE,11.408563,77.685422,2018-08-15 08:30:00,0.3776570510533466,100.07595510402506,3.9639790481140773,40.0,7.708095893451372,,206.11476397634843,,0.02,0.048888121025934664,161.23152937450675,,36.96788569332409,,1.6885441793699698,,,,,2018,8
1038,1038,TAMBIRAPARANI AT ARUMUGANERI TAMILNADU,594,Thoothukudi,Thoothukudi,8.624431,78.068808,2018-08-15 08:30:00,0.05,253.5046465040564,6.872082588650181,498.08515555221743,6.477026416465765,,296.78899742825683,,,0.3157422468031817,88.01636515698664,,43.80181155188081,,0.01,,,,,2018,8
1039,1039,TAMBIRAPARANI AT BDG.NR. MADURA COATS LTD.PAPAVINASAM TAMILNADU,592,Tirunelveli,AMBASAMUDRAM,8.663294,77.422222,2018-08-15 08:30:00,0.13982987786242765,62.569891233669665,4.6772184997335025,457.9345332841111,7.332772603878909,,170.63606861799983,,,1.0918445954976577,42.587360398758335,,6.014633200799121,,0.8211365441455948,,,,,2018,8
1040,1040,TAMBIRAPARANI AT CHERANMADEVI CAUSE WAY TAMILNADU,592,Tirunelveli,AMBASAMUDRAM,8.700586,77.56595,2018-08-15 08:30:00,,42.76830318936621,6.37667904621488,417.9142247461183,8.268171498479578,,284.021991770496,,,0.1539643404568565,126.43664837728136,,50.37987952053001,,1.2191571059594088,,,,,2018,8
1041,1041,TAMBIRAPARANI AT ERAL THOTHUKUDI TAMILNADU,594,Thoothukudi,Thoothukudi,8.620606,78.022839,2018-08-15 08:30:00,,248.98492223228385,7.758553327605489,518.0658973411605,7.293857840959846,,145.76282928719283,,,0.01,13.19483213520526,,59.94035421094666,,2.1579908320305394,,,0.04462269870653266,,2018,8
1042,1042,TAMBIRAPARANI AT KALLIDAI KURICHI TIRUNELVELI TAMILNADU,592,Tirunelveli,AMBASAMUDRAM,8.69375,77.462681,2018-08-15 08:30:00,1.1034149485466542,27.92230702610101,6.757760450860566,498.67383487752875,7.692882581005523,,239.18407676176503,,,0.10924085680303988,176.64428698474956,,43.47412953911439,,1.814945709509376,,,0.057004974686666945,,2018,8
1043,1043,TAMBIRAPARANI AT MURAPPANADU TAMILNADU,594,Thoothukudi,Thoothukudi,8.721606,77.832797,2018-08-15 08:30:00,2.0060779397499244,114.72451133336348,6.268449376919957,420.3410243472323,7.374914219844261,,196.1428959890776,,,0.5217352489960784,81.13566060572514,,31.72923094351755,,0.8108727290663585,,,,,2018,8
1044,1044,TAMBIRAPARANI AT PAPPANKULAM TAMILNADU,592,Tirunelveli,AMBASAMUDRAM,8.758606,77.424597,2018-08-15 08:30:00,1.7531959036713918,148.51816837355938,6.293128760228923,101.2458776394314,7.260216842073404,,217.0152970652825,,,,126.54908237768731,,38.62753290408504,,1.7180847860536563,,,,,2018,8
1045,1045,TAMBIRAPARANI AT RAIL BDG. NR. AMBASAMUDAM TAMILNADU,592,Tirunelveli,AMBASAMUDRAM,8.729581,77.467289,2018-08-15 08:30:00,0.05,108.78576561397249,8.40427958843971,40.0,6.997888564409895,,173.00545008436765,,,0.09949043480841425,68.7995571419721,,37.32959018267541,,2.1378199676864544,,,,,2018,8
1046,1046,TAMBIRAPARANI AT SIVALAPERI CONFLUENCE POINT OF KUTTRALAM FALLS D/S OF PALAYAMKOTTAI TIRUNELVELI TA,592,Tirunelveli,PALAYAMKOTTAI,8.700031,77.690869,2018-08-15 08:30:00,0.16164757387085882,26.745338107965622,5.161898231509641,296.0788431451558,7.250048305686919,,104.6915681431165,,,,110.31274544436398,,25.823784878724748,,0.17521805244917865,,,,,2018,8
1047,1047,TAMBIRAPARANI AT SRIVAIKUNTAM D/S OF SK ANAICUT TIRUNELVELI TAMILNADU,594,Thoothukudi,Thoothukudi,8.627358,77.909,2018-08-15 08:30:00,1.7370876309467074,101.98221293112462,6.586488070563745,619.4822643962939,7.848030954015098,,151.35835174055032,,,,10.0,,18.99133520795267,,2.4837525039048263,,,,,2018,8
1048,1048,TAMBIRAPARANI AT TIRUNELVELI COLLECTORATE TAMILNADU.,592,Tirunelveli,TIRUNELVELI,8.734125,77.716764,2018-08-15 08:30:00,2.233632764666527,163.01360945615176,6.482749264256425,444.577204744394,7.408288633783943,,161.077824309114,,,0.20852100223382972,44.89740600009776,,59.47991487012405,,1.3454151163070538,,,,,2018,8
1049,1049,TAMBIRAPARANI AT VELLAKOIL TIRUNELVELI TAMILNADU,592,Tirunelveli,TIRUNELVELI,8.718019,77.703531,2018-08-15 08:30:00,0.2947912761336413,105.2099858244327,8.948415918687786,361.006681378827,6.744215320587276,,132.75224761082328,,,,175.9637427657296,,51.92665439521936,,0.5842343206097156,,,0.06467079939971258,,2018,8
1050,1050,THALAVAIPETTAI BHAVANI,573,Erode,BHAVANI,11.456295,77.615817,2018-08-15 08:30:00,0.49781670041823484,131.70232350490826,6.8119463678530785,353.26345670400696,7.385518745691944,,210.9081903852928,,,,108.02034911026738,,5.061779373689188,,1.9555817057588019,,,0.2403167523509644,,2018,8
1051,1051,THANJAVUR,586,Thanjavur,THANJAVUR,10.786359,79.157779,2018-08-15 08:30:00,0.05,54.02128163981098,6.021115352908288,542.8331407153606,6.616684727128849,,159.82191810839382,,,0.24717335251483746,131.40330049594453,,59.51169644012402,,1.669441480588524,,,0.07707982940506777,,2018,8
1052,1052,THENPENNAIYAR AT CHOKKARASANAHALLI BRIDGE (BANGALORE),571,Dharmapuri,DHARMAPURI,12.863435,77.831855,2018-08-15 08:30:00,0.2475943746395629,171.68665929694833,6.638287840366422,735.5468425777292,7.290467086342197,,234.23027431016837,,,0.026758216732151584,78.84764888475858,,40.73888678443155,,1.7610045115546953,,,,,2018,8
1053,1053,THIRUKKANUR,596,Viluppuram,Viluppuram,11.991116,79.639712,2018-08-15 08:30:00,0.05,148.2578454037484,5.59350043970113,252.9991709817317,6.578049908391845,,203.44441726151484,,,0.03880849205613503,29.130773070874916,,14.847949259512031,,1.4956104930531393,,,0.01,,2018,8
1054,1054,THIRUMANIMUTHAR AT SALEM D/S OF SAGO & TEXTILE DYING INDUSTRIES TAMILNADU,584,Salem,SALEM,11.645876,78.120341,2018-08-15 08:30:00,0.4171142463388031,40.056495389893485,6.872766919477747,664.6034696822521,7.249201604602388,,190.15199895691626,,,0.09016127233550109,81.71877454763367,,48.38054410712446,,0.43098360067961994,,,,,2018,8
1055,1055,TIRCHIRAPPALLLI-SRIRANGAM,591,Tiruchirappalli,TIRUCHIRAPPALLI,10.822062,78.688706,2018-08-15 08:30:00,,10.0,6.614729052935093,238.72232852873498,7.297452070228143,,155.9190427905565,,,0.14459424336598695,69.46355036044899,,39.008889126817365,,1.0317139169784704,,,,,2018,8
1056,1056,TIRUNELVELI,592,Tirunelveli,PALAYAMKOTTAI,8.707446,77.742528,2018-08-15 08:30:00,,70.84611804417264,7.372244628493923,571.9114438328047,7.476699349424614,,221.065486512679,,,0.6569787535267823,39.86594649956889,,57.743702194337146,,1.2771016984912287,,,,,2018,8
1057,1057,UDHAGAMADALEM LAKE (OOTY) TAMILNADU,587,Nilgiris,Pandalur,11.400623,76.690453,2018-08-15 08:30:00,0.37393479524507695,10.0,7.077936614825713,485.9162377842764,7.1544736296520615,,97.48931877967232,,,,122.56811406648188,,22.91820064759,,1.5673290527828465,,,,,2018,8
1058,1058,VASISTA AT SALEM D/S OF SAGO INDUSRIES EFFLUENT TAMILNADU,584,Salem,SALEM,11.647853,78.138125,2018-08-15 08:30:00,0.6405072509664422,148.66398519462146,5.780836653651529,536.8216983384665,6.943287543140412,,92.45928857892306,,,,96.26333620343337,,31.726518815777084,,0.5255181562697046,,,,,2018,8
1059,1059,VEERANAM LAKE AT CUDDALORE TAMILNADU,570,Cuddalore,KATTUMANNARKOIL,11.341111,79.523058,2018-08-15 08:30:00,0.7834651806152981,10.0,5.947320764288531,192.82419975325007,7.048019245721315,,196.72652272216223,,,,85.41951930695502,,9.798982331059161,,1.7747293582213037,,,,,2018,8
1060,1060,WELL AT KATTERIKUPPAM,596,Viluppuram,Viluppuram,12.001161,79.700722,2018-08-15 08:30:00,2.1098383421245437,132.37188345893,6.8496493474863005,521.9565479717277,7.3142636646709835,,95.21096579752792,,,,92.8949042175864,,37.04763830264499,,1.595617993639018,,,,,2018,8
1061,1061,WELL AT KOTHAPURINATHAM THIRUVANDARKOIL,596,Viluppuram,Viluppuram,11.930541,79.661783,2018-08-15 08:30:00,,187.48402329776962,7.481041411814357,632.0846521417437,6.403579316351952,,20.01605867114168,,,0.01,43.931580328589355,,38.067477516676014,,1.4454319699691613,,,0.07241330506505177,,2018,8
1062,1062,WELL AT MUSIRI TAMIL NADU,591,Tiruchirappalli,MUSIRI,10.954883,78.443933,2018-08-15 08:30:00,,201.23622785397433,7.701157508346779,359.73982727622035,6.587494285706659,,147.66973942932532,,,0.0733779376151984,81.82695214495146,,34.629570312364436,,1.714814142119954,,,,,2018,8
1063,1063,WELL AT VADAMATTAM KARAIKAL,589,Tiruvallur,TIRUVALLUR,10.963617,79.678261,2018-08-15 08:30:00,0.45206392919303473,238.77523220790061,5.751789183811599,339.5222684924329,7.455758710536232,,168.03584639504083,,,0.01901286988303473,66.6559885524056,,27.8750532199413,,0.5413043819091683,,,,,2018,8
1064,1064,YERCAUD LAKE SALEM TAMILNADU,584,Salem,YERCAUD,11.783642,78.211153,2018-08-15 08:30:00,0.11366991342918593,148.24313987320008,9.911112473612551,388.71136077352276,8.183622644879017,,160.52348524191984,0.01,,,51.71718129068813,,15.470576225351412,,1.2779338744514501,,,0.08721236519812348,,2018,8
1065,1065,ALWARTHIRUNAGARI - VETERINARY DISPENSARY WEST CAR STREET NEAR OVER HEAD TANK OF BORE WELL,594,Thoothukudi,Thoothukudi,8.605592,77.944361,2018-09-15 08:30:00,0.23347911889616063,109.97778903099355,8.148950471002593,676.4767808036695,7.254453371085769,,208.70547140313394,,,0.3078802725633234,84.28614360826043,,9.337686531695066,,0.9979178499030725,,,,,2018,9
1066,1066,AMRAVATI AT 1KM D/S FROM EFF.DIS. PT. AT MADHUTHUKKULAM,572,Dindigul,PALANI,10.541244,77.368656,2018-09-15 08:30:00,,151.36356030948045,8.087141409512927,470.5608681885976,6.4917946498559616,,275.64352596914796,,,0.18421977634284603,37.56590683044521,,49.97765633073103,,0.5080831100572618,,,,,2018,9
1067,1067,ARIYAPPAMPALAYAM SATHYAMANGALAM,573,Erode,SATHYAMANGALAM,11.488793,77.241248,2018-09-15 08:30:00,,22.035444781992823,4.667455045597093,915.9006006618843,7.694251674621961,,105.39212115512285,,,0.297340987381842,60.240447886092696,,49.19757278993805,,2.0199091462127443,,,,,2018,9
1068,1068,AUTHOR - MUKKANI AGRAGARAM STREET INFRONT OF THIRU N. SAMUTHRAPANDI HOUSE BORE WELL,594,Thoothukudi,Thoothukudi,8.634908,78.07465,2018-09-15 08:30:00,0.3151626459657803,70.01819337779077,8.418377112309333,129.49132178543164,6.9779209660197985,,115.98252864730452,,,0.043012017646706216,95.55276342717364,,39.33936941845931,,1.583202099273591,,,,,2018,9
1069,1069,BAHOUR LAKE,570,Cuddalore,CUDDALORE,11.819442,79.729208,2018-09-15 08:30:00,,128.5859906507295,7.475507721067934,387.96781254557465,7.0331072434994635,,205.49777696769297,,,,44.44383468028118,,48.07290006578869,,0.9340213979907257,,,,,2018,9
1070,1070,BHAVANI AT BHAVANI SAGAR TAMILNADU,573,Erode,SATHYAMANGALAM,11.485294,77.134603,2018-09-15 08:30:00,,10.0,7.448741262607973,629.1978011329713,6.993067166006785,,70.51599960615009,,,,66.49482893628438,,43.19316205763884,,0.5373579683384879,,,,,2018,9
1071,1071,BHAVANI AT BHAVANI TAMILNADU,573,Erode,BHAVANI,11.454094,77.679567,2018-09-15 08:30:00,,28.48531435219786,7.372076654858418,40.0,6.42199201404694,,186.72804470137532,,,,97.9880953420289,,35.12455007279459,,1.4267450546976042,,,,,2018,9
1072,1072,BHAVANI AT D/S OF BHAVANISAGAR SATHYAMANGALAM ERODE TAMILNADU,573,Erode,SATHYAMANGALAM,11.503881,77.247036,2018-09-15 08:30:00,,49.06679722525001,5.396122195464615,417.4007226303896,6.675048754451675,,153.7603002692672,,,0.23671782151129683,110.98325326584693,,28.8310800161934,,0.5475265830246799,,,,,2018,9
1073,1073,BHAVANI AT D/S OF KALINGARAYAN CANAL (B10) ERODE TAMILNADU,573,Erode,BHAVANI,11.438223,77.681462,2018-09-15 08:30:00,1.5509766837725876,201.0354307735825,6.195548317920322,414.9756234509393,7.246412968402974,,355.804033412447,,,0.029569200826195442,90.35042296216918,,54.11212580524978,,1.0563761328192636,,0.018069826836807197,,,2018,9
1074,1074,BHAVANI AT PATHIRAKALIAMMAN KOIL TAMILNADU,589,Tiruvallur,TIRUVALLUR,11.469259,77.296165,2018-09-15 08:30:00,0.2893828966861568,227.08156068650177,5.744750946552253,604.4140954530446,8.238241858871127,,143.5807415966243,,,0.4201640676122901,154.51619047341,,17.448220595835082,,0.4829333336224032,,,,,2018,9
1075,1075,BHAVANI AT SIRUMUGAI TAMILNADU,569,Coimbatore,Mettupalayam,11.319948,77.011429,2018-09-15 08:30:00,,169.99629584513252,6.139381183403442,901.3307636032574,8.108094314022374,,180.63908045537937,,,,84.4534830664033,,22.76874231963908,,1.4010650083667944,,,,,2018,9
1076,1076,BHAVANI AT U/S OF KALINGARAYAN CANAL (B5) ERODE TAMILNADU,573,Erode,ERODE,11.442818,77.676045,2018-09-15 08:30:00,1.4344971381021854,293.6361743155645,7.000795161992528,565.3306395894466,7.331112320145656,0.0017749549187752968,266.2602602759712,,0.02,0.23411585429613185,87.64376985195904,,65.2050008081467,,1.5715739757788478,,,,,2018,9
1077,1077,BOREWELL AT PASUPATHY PUDUR VILLAGE PALANI TALUK DINDIGUL DIST.,572,Dindigul,PALANI,10.448726,77.517259,2018-09-15 08:30:00,,69.10412470382971,7.0522372174760495,451.53668157630653,7.714291310472968,,319.12405181104924,,,0.04445774506508778,125.79714421711019,,44.62467109345157,,1.5209106090113835,,,,,2018,9
1078,1078,BORE WELL AT VANNIARVALASU VILLAGE NEAR ELEMENTARY SCHOOL THOPPAMPATTI PANCHAYAT UNION PALANI TALUK,572,Dindigul,PALANI,10.576266,77.529657,2018-09-15 08:30:00,,81.9741265854249,5.9935929239491035,715.8204429434707,7.343621019753753,,325.69328841229736,,,0.2563637983598409,66.94499075674625,,37.763512230506315,,0.5578226270200668,,,,,2018,9
1079,1079,BOREWELL LOCATED AT M/S. PHOENIX TEXTILE PROCESSORS VENDIPALAYAM ERODE,573,Erode,ERODE,11.327414,77.745903,2018-09-15 08:30:00,,123.14846039953562,5.6849336753382795,471.8076743447552,8.101272805346351,,70.90389385671293,,,0.06603325262774425,89.43345514768889,,9.323649594372586,,1.4111107954800175,,,,,2018,9
1080,1080,BOREWELL NEAR KAMBARASAMPETTAI INTAKE WELL (TRICHY UPSTREAM),591,Tiruchirappalli,TIRUCHIRAPPALLI,10.787066,78.690243,2018-09-15 08:30:00,0.1901420720060351,106.70063421433356,6.893151460794098,641.8598430174325,7.971880529483997,,134.66146045801537,,,,154.77982197439553,,33.89541127820157,,3.343702955120002,,,,,2018,9
1081,1081,BOREWELL NEAR THOGUR INTAKE WELL (TRICHY DOWNSTREAM),591,Tiruchirappalli,TIRUCHIRAPPALLI,10.786916,78.690657,2018-09-15 08:30:00,0.40789409848317887,10.0,6.4703628282980095,526.944519354556,6.985001325289379,,142.91265196387667,,,,31.730100624072946,,51.93919792613475,,2.042497162019042,,,0.2939663959232721,,2018,9
1082,1082,CAUVERY AT 1KM. D/S OF BHAVANI RIVER CONFL. TAMILNADU,573,Erode,BHAVANI,11.445663,77.677626,2018-09-15 08:30:00,,98.33509817577854,6.053438550390382,437.0112370500489,6.974539081320696,,216.8523852924474,,,0.5777475298242545,35.49429095487886,,46.80021317159306,,3.440701558087513,,,,,2018,9
1083,1083,CAUVERY AT COLEROON TAMILNADU,579,Nagapattinam,NAGAPATTINAM,11.326822,79.702981,2018-09-15 08:30:00,,232.79237242151356,4.369193295797931,592.5771624669715,7.861026991001473,,88.04493551651741,,,0.24607621801193713,79.16190909465892,,34.116820487587795,,2.7101492632064357,,,,,2018,9
1084,1084,CAUVERY AT ERODE NEAR CHIRAPALAYAM TAMILNADU,573,Erode,ERODE,11.335795,77.753762,2018-09-15 08:30:00,,38.21522751616524,7.1746274368222895,271.8951748939079,7.248124070229141,0.005450395578588881,350.4395710353325,,,0.0481904704673872,157.89084906892973,,33.70533932692655,,2.252352174579969,,,,,2018,9
1085,1085,CAUVERY AT KOMARAPALAYAM NAMAKAL TAMILNADU,580,Namakkal,Tiruchengode,11.423503,77.685261,2018-09-15 08:30:00,1.4872428219818727,132.9210799390726,5.1536382560607015,387.10810390459346,7.510374619497924,,363.0692974092401,,,0.6545607703872912,51.45505305601877,,56.2296404265277,,0.8543031654964641,,,,,2018,9
1086,1086,CAUVERY AT KUMBAKONAM THANJAVUR TAMILNADU,586,Thanjavur,KUMBAKONAM,10.968137,79.378248,2018-09-15 08:30:00,0.05,73.22795237574255,5.290573761582267,42.727513246619765,7.056988500007753,,68.8610772668236,,,,116.56069007248655,,50.82823784648768,,2.3369432774376926,,,,,2018,9
1087,1087,CAUVERY AT MAYILADUTHURAI NAGAPATTINAM TAMILNADU,579,Nagapattinam,Mayiladuthurai,11.104894,79.651871,2018-09-15 08:30:00,0.43646745625706584,149.4157802579903,7.746026221883087,660.0075078433592,8.50378772951408,,243.9149634821639,,,0.39008185591242395,134.94805090832153,,38.06893353414114,,1.2006858673967715,,,0.02462165151823403,,2018,9
1088,1088,CAUVERY AT METTUR,584,Salem,METTUR,11.796255,77.806971,2018-09-15 08:30:00,0.6872434331900954,100.02802674713678,6.604465564169106,491.6191781084977,7.950397382289358,,142.2602708686973,,,0.13932526559657954,35.95410541920603,,43.058095835065885,,1.5912460004332445,,,0.07324357981533972,,2018,9
1089,1089,CAUVERY AT MOHANUR NEAR PATTAIPALAYAM TAMILNADU,580,Namakkal,NAMAKKAL,11.064392,78.120358,2018-09-15 08:30:00,1.1626646143864008,130.46179751553578,6.51172468082389,758.1219650301764,7.071965380105063,,68.35545165281977,,,0.26155250859333573,116.48133887799389,,20.854121784650573,,1.3145617539971057,,,,,2018,9
1090,1090,CAUVERY AT MUSIRI,591,Tiruchirappalli,MUSIRI,10.955345,78.443949,2018-09-15 08:30:00,,140.4755501662677,7.6052637536575105,605.2129449332542,6.426794445268462,,121.74195681097046,,,,38.32708921863735,,5.0,,0.01,,,,,2018,9
1091,1091,CAUVERY AT PALLIPPALAYAM,580,Namakkal,Tiruchengode,11.368215,77.741107,2018-09-15 08:30:00,,142.2850951488305,7.876006721754179,654.9253418636567,6.599659128862451,,220.86051309520803,,,,45.066592420153114,,57.55200191744584,,1.2800094992971045,,,,,2018,9
1092,1092,CAUVERY AT PETTAIVAITHALAI TRICHY TAMILNADU,591,Tiruchirappalli,SRIRANGAM,10.906389,78.489697,2018-09-15 08:30:00,0.696388354227797,163.17238194760563,6.953871542517812,555.4923238470867,8.234803357865907,,173.7834762093851,,,0.11667512563310735,72.17014514084616,,38.002689071328994,,1.69010110186969,,,,,2018,9
1093,1093,CAUVERY AT PITCHAVARAM TAMILNADU,570,Cuddalore,CHIDAMBARAM,11.418828,79.772375,2018-09-15 08:30:00,,164.77984220719222,5.630116488488033,336.1229962274161,7.416299256709371,,189.98517346874291,,,0.01,86.21758249579118,,16.100907597248714,,0.05115160413093367,,,,,2018,9
1094,1094,CAUVERY AT PUGALUR KARUR TAMILNADU,576,Karur,KARUR,10.974467,78.180075,2018-09-15 08:30:00,0.05,85.46011796873026,7.9423599614219516,464.7971910954774,8.388867674474563,,237.56069383606385,,,0.5918273006108961,95.18130359150554,,16.727344345260157,,1.6032402701882096,,,0.1740865622146904,,2018,9
1095,1095,CAUVERY AT THANJAVUR TAMILNADU,610,Ariyalur,Sendurai,11.34,79.24,2018-09-15 08:30:00,,167.2255876565746,8.110064346464139,672.764015473126,7.728874505837717,,268.97574267620325,,,0.7740404219154959,117.75225408427909,,30.39575698764782,,0.19383680710971252,,,,,2018,9
1096,1096,CAUVERY AT THIRUMUKKUDAL-CONFL. PT.OF R. AMRAVATI TAMILNADU,576,Karur,KARUR,11.050024,78.120645,2018-09-15 08:30:00,,47.479417160175174,4.402358555436793,204.36061846354167,7.202979954006354,,96.50502984056932,,,,130.6479765963361,,43.74653011026409,,0.01,,,,,2018,9
1097,1097,CAUVERY AT TIRUCHIRAPPALLI D/S TAMILNADU,591,Tiruchirappalli,SRIRANGAM,10.766809,78.665272,2018-09-15 08:30:00,1.0042449179881678,152.31523328546436,6.847741374389866,963.2678236645228,7.707120144167287,,115.7623532160433,,,0.2235100057262494,55.23026532177715,,20.136156281573154,,1.0870065431451745,,,,,2018,9
1098,1098,CAUVERY AT TIRUCHIRAPPALLI U/S TAMILNADU,591,Tiruchirappalli,TIRUCHIRAPPALLI,10.833263,78.718224,2018-09-15 08:30:00,0.7306855614046647,151.35619452806782,6.423100548117389,97.54173791012227,7.587521457166512,,78.29907963004308,,,0.01781510771197418,75.39650720131202,,35.200386668912195,,1.6475462763264608,,,,,2018,9
1099,1099,CAUVERY AT TRICHY GRAND ANAICUT TAMILNADU,586,Thanjavur,Thiruvaiyaru,10.830327,78.81177,2018-09-15 08:30:00,0.1336309500472955,62.00645256867185,5.914071530363975,40.0,7.048637771789453,,166.84813692038693,,,,90.27000438989167,,41.52411563526099,,0.7517174751521254,,,,,2018,9
1100,1100,CAUVERY AT URRACHIKOTTAI ERODE TAMILNADU,580,Namakkal,Tiruchengode,11.354178,77.750436,2018-09-15 08:30:00,,157.2853398622883,5.8096296699178485,236.06085970885889,6.516488610530516,,250.39283002949543,,,,115.2781094451128,,32.59653676185521,,1.9274299173549552,,0.009722247411500365,,,2018,9
1101,1101,CAUVERY AT VAIRAPALAYAM NAMAKAL TAMILNADU,580,Namakkal,Tiruchengode,11.361583,77.742411,2018-09-15 08:30:00,,50.64212348539583,5.004391647654952,268.17189734374836,7.321380032931512,,260.0600888303014,,,,71.08041801617668,,5.0,,1.2344195880121014,,,0.2803982421480307,,2018,9
1102,1102,CAUVERY AT VELORE NEAR KATTIPALAYAM TAMILNADU,580,Namakkal,Paramathivellur,11.18,78.01,2018-09-15 08:30:00,1.4560936280679035,125.29128921192014,5.747046600229158,497.83659775968533,7.298785896079016,,210.94810210822243,,,0.3632970729490322,67.80668707408586,,26.24145794538824,,1.1801357486986823,,,,,2018,9
1103,1103,CHENNAI-1 NESAPAKKAM (ZONE-IV),568,Chennai,CHENNAI,13.035832,80.193265,2018-09-15 08:30:00,0.7158466239295657,275.4369147875586,7.096498329203842,528.3916825060732,7.852396711549841,,116.61247516199711,0.01,,0.04521315106396778,10.478125727100988,,30.659255139290245,,1.8268958644326632,,,,,2018,9
1104,1104,CHENNAI-2 PERUNGADI(ZONE-V),574,Kancheepuram,KANCHEEPURAM,12.9566,80.23435,2018-09-15 08:30:00,,41.77964791663612,7.9086104244400435,218.65953716516458,7.13672157287153,,122.10822186105341,,,,49.59885470948805,,36.89136748174931,,1.1587349942275376,,,0.11348884741482637,,2018,9
1105,1105,CHENNAI-3KODUNGAIYUR (ZONE I&II),568,Chennai,CHENNAI,13.138808,80.260799,2018-09-15 08:30:00,,35.49534956193975,7.671797243327467,40.0,7.3427797867444715,,204.72251496058436,,,0.09620324672551926,48.52870849325433,,39.66955984273687,,1.3310971213891645,,0.013242749648534804,,,2018,9
1106,1106,CHENNAI-4 KOYAMBEDU (ZONE-III),568,Chennai,CHENNAI,13.0642,80.200156,2018-09-15 08:30:00,0.3964162125993906,206.6753042678308,5.974218193255056,577.1231035007835,7.781337070917545,,27.339042858661685,,,0.02779392392304949,10.0,,22.896652655703214,,1.3517179176095906,,0.008861701035206596,,,2018,9
1107,1107,CHENNAI WATERWAYS AT BUCKINGHAM CANAL (ICE HOUSE),568,Chennai,CHENNAI,13.050823,80.278958,2018-09-15 08:30:00,,265.1931148133079,6.781565595129601,835.3683798311367,7.199538100954908,,244.61354161265925,,,,93.62200002581167,,15.644709740052612,,1.2435682954371554,,,0.1272113942281367,,2018,9
1108,1108,CHENNAI WATERWAYS AT BUCKINGHAM CANAL (TIDAL PARK),568,Chennai,CHENNAI,12.988133,80.25192,2018-09-15 08:30:00,,295.3761952067469,6.871831933241217,809.6139467424382,7.716913892759415,,252.7550841511893,,0.02,0.0675114211258713,169.58400711633345,,52.93020788454167,,0.8763746077987262,,,,,2018,9
1109,1109,CHENNAI WATERWAYS AT BUCKINGHAM CANAL X OTTERI NULLAH CONFLUENCE (GMR VASAVI INDUSTRIES),568,Chennai,CHENNAI,13.10524,80.271091,2018-09-15 08:30:00,0.05634549659555034,190.1688100201573,6.83490762206881,482.73014899024037,7.050935292702395,,227.04690098438198,,,0.8192857002315252,93.03140681566634,,5.0,,1.7270793129017945,,0.027129252459709284,,,2018,9
1110,1110,CHENNAI WATERWAYS AT CAPTAIN COTTON CANAL (ERUKANJERI),568,Chennai,CHENNAI,13.126266,80.256935,2018-09-15 08:30:00,0.822145414952299,102.57859803648307,7.709315690781876,312.5198082669224,7.572143369222781,0.0052629665449653645,249.50313547572858,,,0.13920272877646642,94.25701873249233,,42.45562878974102,,1.8636393761801238,,,,,2018,9
1111,1111,CHENNAI WATERWAYS AT CC X BC CONFLUENCE (KODUNGAIYUR),568,Chennai,CHENNAI,13.136803,80.249192,2018-09-15 08:30:00,,128.48661682066736,5.629657425467484,168.69992499728573,6.994486976959159,0.0073518489466566144,286.77804825155806,,,,40.17297729816016,,39.22547081134729,,1.1407338703470482,,,0.3039138398458141,,2018,9
1112,1112,CHENNAI WATERWAYS AT MAMBALAM DRAIN (GOLF COURSE),568,Chennai,CHENNAI,13.022221,80.233657,2018-09-15 08:30:00,0.16007601027585514,189.6048173525987,7.1799293994021065,590.3376295771834,8.201629872470386,,270.7420470014328,,0.02,,102.58678889092096,,51.27004521144802,,2.567766422940415,,,,,2018,9
1113,1113,CHENNAI WATERWAYS AT MAMBALAM DRAIN (USMAN ROAD),568,Chennai,CHENNAI,13.028381,80.227747,2018-09-15 08:30:00,1.4804313487227958,209.92767157613002,7.833374258245355,535.8423743331887,7.110257595001242,,257.8789527869725,,,0.8849774679142962,169.23425377453307,,48.7548493987741,,0.33312276426196974,,0.017866405932486833,,,2018,9
1114,1114,CHENNAI WATERWAYS AT OTTERI NULLAH (KILPAUK GARDEN),568,Chennai,CHENNAI,13.086538,80.234507,2018-09-15 08:30:00,,160.43147009763706,5.655612347221901,591.2499202165834,6.603024438948268,,192.7800745546508,,,,10.0,,28.29387894972353,,1.2407309564283782,,0.001,,,2018,9
1115,1115,CHENNAI WATERWAYS AT OTTERI NULLAH (ORIGIN),568,Chennai,CHENNAI,13.099796,80.196273,2018-09-15 08:30:00,0.7723428124005316,32.97299618291042,3.9955169051485804,385.2929003172427,7.127893617442665,,108.66689649431515,,,,89.18168982196865,,32.395656306637825,,1.263362342951715,,,,,2018,9
1116,1116,COLLECTOR WELL AT THIRUPUVANAM FOR MADURAI WAT. SUPPLY SCHEME TAMILNADU,585,Sivaganga,Sivagangai,9.826111,78.257297,2018-09-15 08:30:00,,154.21414168079437,7.125172248190125,316.3889299963987,7.724100807607434,,195.36429751632681,,,0.23798487836962176,48.176670966540904,,62.293192110008256,,0.6365117406232946,,,,,2018,9
1117,1117,ERAL - CHARMAM ARUNACHALA SWAMY TEMPLE WEST OF BORE WELL,594,Thoothukudi,Thoothukudi,8.621439,78.016285,2018-09-15 08:30:00,0.5676448002003421,178.66784057425448,5.912639605589611,486.7406427730624,7.417512122607799,,203.4857267350149,,,0.358044279896826,49.37215658950891,,36.00134222778419,,2.2933973893555177,,,,,2018,9
1118,1118,ERODE-1,573,Erode,ERODE,11.333111,77.747343,2018-09-15 08:30:00,0.05,81.58386197239705,7.277365966340989,754.6187007988394,6.893133321734757,0.001,207.41786659786032,,,0.428535954015185,86.30990590117601,,7.142920759528025,,0.01,,,,,2018,9
1119,1119,ERODE-2,573,Erode,ERODE,11.338655,77.74513,2018-09-15 08:30:00,0.23070174721773215,70.0899302513412,7.447791284501223,761.3017741428895,7.768488829513298,,162.25110709775154,,,,62.74060919444889,,19.42988299687896,,1.866642442672238,,0.007406419167369083,,,2018,9
1120,1120,HOUSE OF THIRU MURUGAN S/O. ESAKKI NO.16B MEENAKSHIPURAM ANNA NAGAR TIRUNELVELI,592,Tirunelveli,TIRUNELVELI,8.727206,77.709638,2018-09-15 08:30:00,,88.04601752111864,6.628743039315895,385.44509149107125,8.155084626635913,,82.15883253119179,,,0.244479728279182,136.39667139500332,,26.470108343857056,,0.01,,,,,2018,9
1121,1121,KAKKADAVU KERALA,569,Coimbatore,POLLACHI,10.742228,77.060508,2018-09-15 08:30:00,1.0208749756434956,101.54312220121415,8.604050238469178,745.4503929588698,7.5699702920512255,,156.25474178226946,,,0.3497817914647069,167.19239274554593,,55.68226452894319,,1.5783628517706167,,,,,2018,9
1122,1122,KARUR,576,Karur,KARUR,10.955411,78.055554,2018-09-15 08:30:00,0.41423993062139985,10.0,6.591895917444161,588.419568732402,7.081464688667783,,215.69256258937355,,,0.5701424745311025,217.0388757720611,,72.45246518774535,,2.305478428634466,,,,,2018,9
1123,1123,KODAI KANAL LAKE TAMILNADU,572,Dindigul,KODAIKANAL,10.233619,77.485653,2018-09-15 08:30:00,0.5653628790965117,121.53750817738162,6.602407730953873,760.0755732912002,7.240794170985959,,207.54895408868975,,,,57.14825683790421,,50.574880831301826,,0.01,,,0.022394847887799347,,2018,9
1124,1124,KOMBUPALLAM SATHYAMANGALAM,573,Erode,SATHYAMANGALAM,11.509621,77.230116,2018-09-15 08:30:00,0.6030295762114035,172.61069528061523,5.729785060681632,668.6738540966052,7.033473833472913,,58.11757734616029,,,,55.59350759732133,,69.95740418297362,,0.9025554553733306,,,,,2018,9
1125,1125,KUMBAKONAM,586,Thanjavur,THANJAVUR,10.78627,79.15819,2018-09-15 08:30:00,0.5000971183251963,62.9436157617573,8.038206834314353,344.4567830349763,7.80733665531735,,124.6181245542102,,,,111.75675505374889,,24.26730407819084,,0.01,,,0.021218264104238466,,2018,9
1126,1126,LOCATED ADJACENT TO KARU MSW DUMP SITE AND ON THE NORTHERN BANK OF RIVER AMARAVATHI AND DOWNSTREAM,576,Karur,KARUR,10.951185,78.035374,2018-09-15 08:30:00,0.16637939663130952,35.893678558137694,7.2549024908168,312.9992721791755,6.870485816403092,,135.98080459161787,,,0.3517444891802051,72.36144194589207,,5.0,,1.8397316122780598,,,,,2018,9
1127,1127,LOCATED ON THE SOUTHERN BANK OF RIVER AMARAVATHI AND DOWNSTREAM SIDE OF KARUR DYEING CLUSTER,576,Karur,KARUR,10.917543,78.009517,2018-09-15 08:30:00,1.265305388461888,224.8706181350957,6.517533416360459,579.9105101349612,6.411947401403414,0.002386903012214048,170.22853130370626,,0.02,0.13106814378119874,115.81066113932415,,20.521697159022214,,2.4123837325500888,,,,,2018,9
1128,1128,MADUKARAI,596,Viluppuram,Viluppuram,11.871427,79.603728,2018-09-15 08:30:00,,199.99554746488238,7.367627484476206,183.50055053110293,7.739324428180571,,178.01887506847157,,,,20.275233184258497,,31.76956956183253,,0.40151947181157444,,,,,2018,9
1129,1129,MAYILADUTHURAI,589,Tiruvallur,TIRUVALLUR,10.812621,79.608435,2018-09-15 08:30:00,,168.4989754797031,7.340266293538747,938.4708087610741,6.330093576532804,,175.89402032428384,,,,68.16056527947296,,36.62074850960525,,1.0376608347726177,,,,,2018,9
1130,1130,M. KALIAPPAN SANGILIMUNIYAPPAN KOVIL ERIKKADU METTUR,584,Salem,Sankari,11.478265,77.881114,2018-09-15 08:30:00,,179.289601030661,8.966265162219615,463.04880839226314,6.867338446083743,,203.27463569713098,,,,68.35129520402704,,25.211077029297925,,1.7081016750006142,,,,,2018,9
1131,1131,MUNICIPAL CORPORATION BORE WELL LOCATED IN PERUMALPURAM STREET NARANAMMALPURAM TIRUNELVELI,592,Tirunelveli,PALAYAMKOTTAI,8.698363,77.738123,2018-09-15 08:30:00,,127.51251853283598,4.358067236969771,246.94508235769933,7.05490871369694,,31.550272875269854,,,,79.51153187823198,,45.14137911479838,,1.4401400394276167,,,,,2018,9
1132,1132,OVER HEAD TANK AT TIRUR VILLAGE TIRUVALLUR TALUK TIRUVALLUR PANCHAYAT UN,589,Tiruvallur,TIRUVALLUR,13.106545,79.960588,2018-09-15 08:30:00,,60.00520689773982,4.901246151774094,436.545547373977,7.662209132756728,,319.89701994667337,,,,135.15096071992375,,24.234860174321092,,0.13473467091386615,,,,,2018,9
1133,1133,PALAR AT VANIYAMBADI WATER SUPPLY HEAD WORK TAMILNADU,595,Vellore,VANIYAMBADI,12.679231,78.595417,2018-09-15 08:30:00,0.21532986805275103,155.26054035510114,6.14708682993364,269.4154290529359,7.768241181343983,,195.79765839112937,,,,52.95118560748467,,43.21165974473138,,1.9250745883177216,,,,,2018,9
1134,1134,PARAMASIVAM WATER SERVICE STATION BLOCK NO.13 BSNL EXCHANGE OPPOSITE METTUR DAM - 636 402.,584,Salem,METTUR,11.803279,77.804723,2018-09-15 08:30:00,0.05,82.55003729630477,4.417119275662847,987.1934887725496,7.449980362938035,,177.3512355303828,,,0.28621847533167605,52.87661677123762,,18.403045150806317,,1.7970985934602979,,,,,2018,9
1135,1135,PERUR CHETTIPALAYM PANCHAYAT LOCATED ADJACENT TO NOYYAL RIVER AT PERUR-VEDAPATTY ROAD (OPP VINAYGAR,573,Erode,ERODE,11.128875,77.39572,2018-09-15 08:30:00,0.49423466025103147,106.55352124761473,7.140037650722217,291.6530541600854,6.995619906387161,,219.48463600589008,,,0.13189959494215975,114.8269409389434,,36.27523512894111,,2.7812882671044843,,,0.0204783064929335,,2018,9
1136,1136,POONDI LAKE AT THIRUVALLUR TAMILNADU,589,Tiruvallur,TIRUVALLUR,13.169731,79.888236,2018-09-15 08:30:00,0.49542886847328144,130.89566902443985,7.0082706044200656,940.7800197984532,8.172361324459755,,20.0,,,0.15206981715130505,97.0218979360399,,5.0,,0.6334985087932417,,,,,2018,9
1137,1137,PORUR LAKE AT THIRUVALLUR TAMILNADU,589,Tiruvallur,TIRUVALLUR,13.033945,80.148344,2018-09-15 08:30:00,0.17395427302049457,210.96470880364177,8.256122785113194,482.34238339483,7.386721580621418,,164.60306087786145,,,,144.37736153760915,,22.82588511625618,,0.4709759544776331,,,,,2018,9
1138,1138,PULICATE LAKE AT THIRUVALLUR TAMILNADU,589,Tiruvallur,TIRUVALLUR,13.427023,80.292679,2018-09-15 08:30:00,1.374459685819436,243.31657558658029,6.556018080994353,731.6774445841698,7.450686506821539,,188.3451389375617,,,0.37957416188959137,111.96993233699062,,62.29425438438555,,0.5151321023992709,,,0.4598686397547275,,2018,9
1139,1139,REDD HILLS AT THIRUVALLUR TAMILNADU,589,Tiruvallur,TIRUVALLUR,13.193092,80.172867,2018-09-15 08:30:00,,103.41145850447963,6.7313585510075225,771.0154187215121,6.982528568472034,,161.81126628554836,,,0.0967908319795356,10.0,,35.37062319022422,,1.3035573140379553,,,,,2018,9
1140,1140,RIVER ADYAR AT EKKATTUTHANGAL,574,Kancheepuram,KANCHEEPURAM,13.026747,80.192542,2018-09-15 08:30:00,0.7383790723041986,12.452319613555858,8.867029727656286,754.1353349991953,7.743884427261004,,130.26282181430324,,,,61.70931749964892,,26.684439236516887,,1.8837018484405623,,,,,2018,9
1141,1141,RIVER ADYAR AT JAFERKHANPET,574,Kancheepuram,KANCHEEPURAM,13.02849,80.20247,2018-09-15 08:30:00,,17.250241959264102,7.181593447429091,708.7696554868764,7.608918684456107,,99.89817180816168,,,,82.96230883746388,,30.928844821746303,,1.2160218718432239,,,,,2018,9
1142,1142,RIVER ADYAR AT KOTTURPURAM BRIDGE,568,Chennai,CHENNAI,13.025906,80.243554,2018-09-15 08:30:00,1.8056789230042098,64.18155872028933,6.413748164497202,734.5021891144753,7.135574742465428,,115.39360214268332,,,,40.67512143563316,,5.0,,2.331188125598242,,,,,2018,9
1143,1143,RIVER ADYAR AT MARAIMALAI BRIDGE,574,Kancheepuram,KANCHEEPURAM,13.02724,80.208104,2018-09-15 08:30:00,0.8229762784295905,142.75389923615774,6.65794482678672,447.97662390879634,7.646391298676898,,144.4546352982616,,,,167.1728882225093,,50.34253642640643,,2.9219889062378543,,,,,2018,9
1144,1144,RIVER ADYAR AT NANDAMBAKKAM,574,Kancheepuram,KANCHEEPURAM,12.965867,80.109983,2018-09-15 08:30:00,0.2538372954950636,117.61600190441429,9.034871993977312,374.89229631060607,7.098394987003954,,82.010051875335,,,,62.59113488940529,,49.70416240351808,,1.1631650125026325,,,0.19287748914720876,,2018,9
1145,1145,RIVER ADYAR BEFORE GOLF COURSE,574,Kancheepuram,Tambaram,12.938473,80.094802,2018-09-15 08:30:00,,57.23464059179817,6.0216895533034895,221.78823637370462,7.493527272513832,,198.35884647026248,,,0.021137669788009954,109.48627227822206,,18.820271404208068,,2.1666586287577863,,,0.06749286493458384,,2018,9
1146,1146,RIVER ADYAR NEAR BOAT CLUB,568,Chennai,CHENNAI,13.023184,80.247552,2018-09-15 08:30:00,0.7476989045572946,33.373274993356375,6.442149937228927,453.94190240882165,7.597804598599673,,402.16603983154084,,,,71.78603013794114,,35.858590475725315,,2.3739056084283936,,,,,2018,9
1147,1147,RIVER CAUVERY AT BHAWANI D/S,573,Erode,ERODE,11.422026,77.679686,2018-09-15 08:30:00,,62.17378958891415,7.3174811839939995,498.52075951694883,8.218171476504105,,43.91644745530883,,,0.8693835550333094,114.63618532204508,,52.7252243435217,,1.2463641349129375,,,,,2018,9
1148,1148,RIVER CAUVERY AT ERODE U/S,573,Erode,ERODE,11.369068,77.727294,2018-09-15 08:30:00,0.07999382165661478,194.7193778523029,7.444829656033203,286.4879993088192,7.603353913752413,0.007681802797312228,159.44877646356773,,,0.25662857052744553,62.69377683605391,,31.780257112734997,,1.6196139476753406,,,,,2018,9
1149,1149,RIVER CAUVERY AT KARUR U/S,576,Karur,KARUR,11.008673,78.159341,2018-09-15 08:30:00,1.3839879090390228,145.02506533949588,6.988876613173244,50.61842626671603,7.68533642153884,,85.62235542713377,,,,39.14589564619675,,21.088997719346615,,0.13625391408589715,,,,,2018,9
1150,1150,RIVER CAUVERY AT KUMARAPALAYAM U/S,580,Namakkal,Tiruchengode,11.427111,77.686922,2018-09-15 08:30:00,0.643929134743918,28.200766794098,7.3373685628803855,479.39930250152145,7.624241489203958,,358.5743617004506,,,,36.565038675293266,,41.74879163205828,,0.8699791419701735,,,,,2018,9
1151,1151,RIVER CAUVERY AT KUMBAKONAM D/S,586,Thanjavur,KUMBAKONAM,10.964811,79.351278,2018-09-15 08:30:00,,10.0,5.804866432464568,283.3048996980266,6.511297236018771,,254.32471347937127,,,0.0870054784375846,61.235192458203926,,28.231943172866465,,0.8660408247557445,,,,,2018,9
1152,1152,RIVER CAUVERY AT MAYILADUTHURAI D/S,579,Nagapattinam,Mayiladuthurai,11.105488,79.647969,2018-09-15 08:30:00,0.2579848649818869,46.99679860635415,6.243882721762111,716.006358189131,6.965236087044574,,200.42643656939725,,,0.046776321777736295,102.31545978561795,,16.359236453961334,,0.46035213743666603,,,,,2018,9
1153,1153,RIVER CAUVERY AT PALLIPALAYAM D/S,580,Namakkal,Tiruchengode,11.365347,77.741652,2018-09-15 08:30:00,,162.86855539909104,6.039826377291336,635.9894424920521,7.951087429046829,,135.97813425177867,,,0.14012337901808575,136.75270763258902,,21.041312323680557,,0.5101544510690551,,,,,2018,9
1154,1154,RIVER COOUM AT AMANJIKARAI,568,Chennai,CHENNAI,13.068081,80.231405,2018-09-15 08:30:00,,52.42100729670591,5.347463655219342,512.9801340910374,7.047710070366129,,109.5710142223522,,,0.6009159109044696,81.88367814674726,,51.98662941919714,,0.5514739554410618,,,,,2018,9
1155,1155,RIVER COOUM AT ANNA NAGAR,568,Chennai,CHENNAI,13.07865,80.207011,2018-09-15 08:30:00,,62.26428367876459,5.294354167151845,688.3806751321313,8.367639856999045,,124.14328824117085,,,0.08366558223949551,82.90209201403523,,45.43949907860498,,0.5032613841039917,,,,,2018,9
1156,1156,RIVER COOUM AT ARUMBAKKAM,568,Chennai,CHENNAI,13.074866,80.221849,2018-09-15 08:30:00,0.16065415091602012,141.56829552505954,6.247813274970951,240.96139834464512,7.349890518926521,,142.14634036236365,,,0.14082533031796476,67.65952715185867,,45.07390826583864,,3.0100550466682545,,,,,2018,9
1157,1157,RIVER COOUM AT COLLAGE ROAD,568,Chennai,CHENNAI,13.070824,80.249921,2018-09-15 08:30:00,,33.54724563406003,7.351525865795345,345.83962287596665,6.979374568636175,,232.30449946464591,,,,10.0,,16.8013004707844,,0.231854475922174,,,,,2018,9
1158,1158,RIVER COOUM AT NAPIER BRIDGE,568,Chennai,CHENNAI,13.069423,80.284355,2018-09-15 08:30:00,2.9084547574541184,138.44332694805834,7.603290114504377,432.75492605953355,7.70904897007145,,148.41729208786262,,,0.15555878667837086,125.1928676703165,,27.378141502773005,,0.01,,,,,2018,9
1159,1159,RIVER COOUM AT POONAMALLE,589,Tiruvallur,TIRUVALLUR,13.065634,80.113691,2018-09-15 08:30:00,,251.04444786967522,6.59383415803211,282.36293785341695,7.403651614312495,,185.48128235931287,,,0.016013395797234688,64.24679276320458,,19.995767872954303,,1.7422993491002692,,,,,2018,9
1160,1160,RIVER COOUM NEAR CENTRAL JAIL,589,Tiruvallur,TIRUVALLUR,13.169913,80.21808,2018-09-15 08:30:00,,111.2729682306661,4.22082659498572,333.4453595320871,7.460179366967907,,110.82569577991977,,,,25.566670418112658,,43.00500071733519,,1.9742497686436282,,,,,2018,9
1161,1161,RIVER LOCATIONS AT KUMARAPALAYAM,580,Namakkal,Tiruchengode,11.447221,77.691963,2018-09-15 08:30:00,0.8789771550794948,99.47241313683811,5.7658785653687366,921.5578600796025,7.805500301477977,,77.76726895638046,,,,96.48881380701118,,5.0,,1.3175938274308445,,,,,2018,9
1162,1162,RIVER TAMRABARANI AT TIRUNELVELI D/S,592,Tirunelveli,TIRUNELVELI,8.78198,77.79011,2018-09-15 08:30:00,0.05,50.77605798921189,7.1765798712638045,547.3019604326681,7.472252953233839,,206.02202226633608,,,,78.90001286760322,,24.799929326694077,,0.01,,,0.05022640451741242,,2018,9
1163,1163,RIVER VAIGAI AT MADURAI D/S,578,Madurai,MADURAI SOUTH,9.92812,78.125036,2018-09-15 08:30:00,0.18821879564281696,108.68190372275224,4.485798573742115,171.695835771038,8.226160580090372,,163.67610819112,,,0.014131443848011606,62.86885708527718,,12.817564922215823,,1.2397150108540151,,,0.08226798994015205,,2018,9
1164,1164,RIVER VAIGAI AT MADURAI U/S,578,Madurai,MADURAI SOUTH,9.927433,78.121013,2018-09-15 08:30:00,0.5093723846238406,158.01613023576783,8.23297198485544,326.3853767222533,6.858463668512992,,139.49892460724533,,,,102.3127416506129,,45.80917635008937,,1.0999355744239865,,,0.15462738493260325,,2018,9
1165,1165,RIVER VENNAR AT THANJAVUR D/S,586,Thanjavur,THANJAVUR,10.816856,79.140224,2018-09-15 08:30:00,0.5118647923662996,236.71083109059754,9.003516920969698,165.11498522514273,7.197146978107941,,322.5666592202764,,,,21.47091605168719,,19.361033217985216,,2.172052484473311,,,,,2018,9
1166,1166,SAKTHI NAGAR NEAR MUNICIPALITY SEWAGE TREATMENT PLANT KOMPURANKADU METTUR,574,Kancheepuram,SRIPERUMBUDUR,13.00996,80.162403,2018-09-15 08:30:00,,71.34086815483685,8.410670088378529,409.2414987153212,7.486397204880021,,215.21973624708005,,,0.07049296585440375,102.64959288681085,,31.79624825687579,,1.4491119501571417,,,,,2018,9
1167,1167,SARABANGA AT SALEM D/S OF TEXTILE DYEING INDUSTRIES EFFLUENT TAMILNADU,584,Salem,SALEM,11.649094,78.148011,2018-09-15 08:30:00,,134.965515038128,5.398860813072401,762.4596387588417,6.520211248736833,0.003872763987269973,263.8626411280481,,,0.016651865126727606,39.79533470524206,,30.94373359316586,,0.9419823047143545,,,,,2018,9
1168,1168,SRIVAIKUNDAM - BLOCK DEVELOPMENT OFFICE - OPEN WELL,594,Thoothukudi,Thoothukudi,8.625282,77.907778,2018-09-15 08:30:00,0.7398422878834394,62.33721625520093,8.19069290897951,551.0334174034484,7.3194034008653075,,121.66633772217006,,,,10.0,,12.797289621437727,,1.6738726158571124,,,,,2018,9
1169,1169,SRIVAIKUNDAM - TNEB SUB STATION 33 KVA OPPOSITE TO TIRUNELVELI MAIN ROAD OPEN WELL,592,Tirunelveli,NANGUNERI,8.575329,77.769134,2018-09-15 08:30:00,0.3830921218662228,170.40745265052036,6.909415554804028,746.3750445498931,8.172941459006363,,262.6290364941809,,,0.5224861862616362,104.48068625681124,,54.347276990251444,,1.949922168377626,,,,,2018,9
1170,1170,SURIYAMPALAYAM BOREWELL (HAND PUMP) OWNED BY ERODE CORPORATION LOATED OPPOSITE TO M/S. PIONEER PROC,573,Erode,ERODE,11.408563,77.685422,2018-09-15 08:30:00,1.320504785086859,144.45609525998216,6.257664717496377,174.9943557707271,7.647865775832577,,234.43658610290979,,,,98.9717108941683,,30.11992732948563,,1.6411492305404363,,,0.11743303523519433,,2018,9
1171,1171,TAMBIRAPARANI AT ARUMUGANERI TAMILNADU,594,Thoothukudi,Thoothukudi,8.624431,78.068808,2018-09-15 08:30:00,,156.27427913778797,7.688959400150436,575.975386252502,7.345870079823292,,319.22457850218655,,,0.7505610524016038,143.58669035527203,,51.549724085092144,,1.2547704514973832,,,,,2018,9
1172,1172,TAMBIRAPARANI AT BDG.NR. MADURA COATS LTD.PAPAVINASAM TAMILNADU,592,Tirunelveli,AMBASAMUDRAM,8.663294,77.422222,2018-09-15 08:30:00,,280.0500745771467,7.570457364112728,577.8117048391923,7.873211470441922,,255.98923533827917,,,,120.65760186936657,,42.993187602620495,,1.0915294855769333,,,0.01598499131406379,,2018,9
1173,1173,TAMBIRAPARANI AT CHERANMADEVI CAUSE WAY TAMILNADU,592,Tirunelveli,AMBASAMUDRAM,8.700586,77.56595,2018-09-15 08:30:00,0.05151246566278465,152.06888091734612,7.052413765790773,294.18800978376964,7.616225104911047,,204.14523331422282,,,0.5084887098041738,11.316689695648435,,6.4489603950644,,1.7986245177188782,,,0.08799181609705205,,2018,9
1174,1174,TAMBIRAPARANI AT ERAL THOTHUKUDI TAMILNADU,594,Thoothukudi,Thoothukudi,8.620606,78.022839,2018-09-15 08:30:00,0.23867832452973045,226.69357929183636,7.275094418503042,712.2397614171023,7.05595389270162,,261.31207627161496,,,,62.497929055250665,,32.27023390338433,,1.469449017909972,,,,,2018,9
1175,1175,TAMBIRAPARANI AT KALLIDAI KURICHI TIRUNELVELI TAMILNADU,592,Tirunelveli,AMBASAMUDRAM,8.69375,77.462681,2018-09-15 08:30:00,0.05,13.903776850904777,5.353517761872137,306.9621001410452,6.423427577647931,,195.34636691928458,,,0.08052548494364095,111.38889877551082,,5.0,,0.37575387954132333,,,,,2018,9
1176,1176,TAMBIRAPARANI AT MURAPPANADU TAMILNADU,594,Thoothukudi,Thoothukudi,8.721606,77.832797,2018-09-15 08:30:00,0.05343912950340784,10.0,5.59186355957496,774.5999088293047,7.464479002346912,,127.79122114902736,,,,38.61857798198045,,29.95956380740815,,0.9321813402361379,,,,,2018,9
1177,1177,TAMBIRAPARANI AT PAPPANKULAM TAMILNADU,592,Tirunelveli,AMBASAMUDRAM,8.758606,77.424597,2018-09-15 08:30:00,,108.12564791486514,6.222981238515548,628.166133446274,7.233268989532759,,223.93597376659918,,,,107.86122787602969,,59.98122746622752,,1.8597613926288779,,,,,2018,9
1178,1178,TAMBIRAPARANI AT RAIL BDG. NR. AMBASAMUDAM TAMILNADU,592,Tirunelveli,AMBASAMUDRAM,8.729581,77.467289,2018-09-15 08:30:00,1.244180788263879,263.44487934483857,6.71394912935079,441.34520969598066,7.394708873722754,,69.28519194705682,,,0.06459513437720478,10.0,,36.43776897686406,,0.01,,,0.0417868561668428,,2018,9
1179,1179,TAMBIRAPARANI AT SIVALAPERI CONFLUENCE POINT OF KUTTRALAM FALLS D/S OF PALAYAMKOTTAI TIRUNELVELI TA,592,Tirunelveli,PALAYAMKOTTAI,8.700031,77.690869,2018-09-15 08:30:00,0.7939602151329651,109.94676917819827,5.38257436105575,386.71975857185714,7.898282415823525,,118.9918457995907,,,0.14165704779609176,128.90651246386403,,8.610925932831147,,2.3403466236237054,,,,,2018,9
1180,1180,TAMBIRAPARANI AT SRIVAIKUNTAM D/S OF SK ANAICUT TIRUNELVELI TAMILNADU,594,Thoothukudi,Thoothukudi,8.627358,77.909,2018-09-15 08:30:00,0.3475285628111318,64.33360428861798,4.309385469218348,682.5495522163804,7.092262908494104,,246.1309800570009,,,0.21045425766396172,107.26871906533675,,46.03191329173731,,2.1567535259482455,,,,,2018,9
1181,1181,TAMBIRAPARANI AT TIRUNELVELI COLLECTORATE TAMILNADU.,592,Tirunelveli,TIRUNELVELI,8.734125,77.716764,2018-09-15 08:30:00,,154.02984854391906,5.17913336040381,399.6075211288283,7.862752269631047,,93.10731318402519,,,,116.73809955337738,,28.55983564734538,,2.4098926378970154,,,,,2018,9
1182,1182,TAMBIRAPARANI AT VELLAKOIL TIRUNELVELI TAMILNADU,592,Tirunelveli,TIRUNELVELI,8.718019,77.703531,2018-09-15 08:30:00,0.8508278317065713,30.227955081086833,6.093309745189,769.0748569269937,7.124035783407468,,122.34248785794802,,,0.1490643649008142,149.7227392466416,,70.88090301048345,,0.6184041394263545,,,0.09743926530276728,,2018,9
1183,1183,THALAVAIPETTAI BHAVANI,573,Erode,BHAVANI,11.456295,77.615817,2018-09-15 08:30:00,,163.17789437906455,6.178360895206867,815.8692971111459,7.352513777553071,,199.14961288087832,,,0.29166887008170633,51.06533854307637,,24.499827208187217,,2.3611003688563055,,,,,2018,9
1184,1184,THANJAVUR,586,Thanjavur,THANJAVUR,10.786359,79.157779,2018-09-15 08:30:00,,72.94774997435451,6.665831297349585,515.149389774833,7.15480846812942,,96.21436790965404,,,,95.46501054323083,,39.43011871477851,,2.3606395730469916,,,,,2018,9
1185,1185,THENPENNAIYAR AT CHOKKARASANAHALLI BRIDGE (BANGALORE),571,Dharmapuri,DHARMAPURI,12.863435,77.831855,2018-09-15 08:30:00,0.2137460205744315,72.9052285196612,7.3075759525636315,303.51279700959606,7.714662989972944,,222.75974591383843,,,,57.786295236005046,,29.39697289016835,,2.421610608980794,,,,,2018,9
1186,1186,THIRUKKANUR,596,Viluppuram,Viluppuram,11.991116,79.639712,2018-09-15 08:30:00,0.07662221260424842,119.12790423204956,4.484688056738345,441.88137503967124,7.778413386438697,,138.7846651066538,,,,56.597637735179596,,40.0841088067743,,0.9715131860887641,,,,,2018,9
1187,1187,THIRUMANIMUTHAR AT SALEM D/S OF SAGO & TEXTILE DYING INDUSTRIES TAMILNADU,584,Salem,SALEM,11.645876,78.120341,2018-09-15 08:30:00,,108.79471789778864,5.902891106426965,728.7498257564396,7.488646020252557,0.0039763313551546805,122.85541169592881,,,,53.63594505993569,,5.065000732150654,,2.0373186886734236,,0.010739892165989296,,,2018,9
1188,1188,TIRCHIRAPPALLLI-SRIRANGAM,591,Tiruchirappalli,TIRUCHIRAPPALLI,10.822062,78.688706,2018-09-15 08:30:00,,165.96493740293724,5.137481229163318,726.3061488034533,7.273065324405644,,270.9737946412028,,,0.7622093353025696,68.43156876289869,,17.994448663839982,,2.099531319976711,,,,,2018,9
1189,1189,TIRUNELVELI,592,Tirunelveli,PALAYAMKOTTAI,8.707446,77.742528,2018-09-15 08:30:00,,210.56775046677512,5.452686715053754,486.29051258998544,7.37672909991138,,191.24963174308044,,,,81.24617535106533,,49.44909630387856,,1.0654882831606662,,,0.10772804731963342,,2018,9
1190,1190,UDHAGAMADALEM LAKE (OOTY) TAMILNADU,587,Nilgiris,Pandalur,11.400623,76.690453,2018-09-15 08:30:00,0.7797475543760032,159.5598025424257,5.731723405438383,200.29733839906484,7.6008684101413415,,170.56555292562527,,,,157.89853371975164,,17.95759830473603,,1.3131831623477388,,,,,2018,9
1191,1191,VASISTA AT SALEM D/S OF SAGO INDUSRIES EFFLUENT TAMILNADU,584,Salem,SALEM,11.647853,78.138125,2018-09-15 08:30:00,0.16390149222443115,106.83883745630641,6.061933960634035,125.54872092755312,7.831773234469749,,216.88608008159719,,,,115.93599264270445,,15.987132660534087,,0.5142621008866353,,,,,2018,9
1192,1192,VEERANAM LAKE AT CUDDALORE TAMILNADU,570,Cuddalore,KATTUMANNARKOIL,11.341111,79.523058,2018-09-15 08:30:00,,10.0,8.332558860986156,235.70676547799124,7.402288428257705,,171.71991270738087,,,0.23732351362111637,56.59899652739595,,46.737444272388345,,1.5640604605762962,,,,,2018,9
1193,1193,WELL AT KATTERIKUPPAM,596,Viluppuram,Viluppuram,12.001161,79.700722,2018-09-15 08:30:00,1.5666538057025285,121.36550601597808,7.31132436595658,708.0367412989253,7.662532212109186,,233.8546532877902,,,,106.56165987011036,,29.203784528886718,,1.837347328073296,,,,,2018,9
1194,1194,WELL AT KOTHAPURINATHAM THIRUVANDARKOIL,596,Viluppuram,Viluppuram,11.930541,79.661783,2018-09-15 08:30:00,,97.41503664600563,5.09781092948088,276.0627219199505,7.405766437054923,,142.12370469411178,,,0.2608576210026606,78.44296092977936,,42.240722203958796,,0.445035654855939,,,,,2018,9
1195,1195,WELL AT MUSIRI TAMIL NADU,591,Tiruchirappalli,MUSIRI,10.954883,78.443933,2018-09-15 08:30:00,,214.96409205331054,6.6843789551559425,520.2065852110791,7.626842224374774,,280.1210046287732,,,0.18585705878289127,86.65307327508013,,44.98940896997503,,2.178863727807419,,,,,2018,9
1196,1196,WELL AT VADAMATTAM KARAIKAL,589,Tiruvallur,TIRUVALLUR,10.963617,79.678261,2018-09-15 08:30:00,0.05,10.0,7.598206580862348,399.2098955364542,7.804819432090733,,111.12628970036991,,,0.21183612872192287,25.402551814391103,,12.250311906793101,,1.3969471554367738,,,0.08902410420036208,,2018,9
1197,1197,YERCAUD LAKE SALEM TAMILNADU,584,Salem,YERCAUD,11.783642,78.211153,2018-09-15 08:30:00,0.6961284575055189,119.0728172544943,4.646654109099735,564.4388127520598,7.932302722495066,,143.73870686971378,,,,52.28250838294071,,37.529160277140896,,1.6528459670656537,,,,,2018,9
1198,1198,ALWARTHIRUNAGARI - VETERINARY DISPENSARY WEST CAR STREET NEAR OVER HEAD TANK OF BORE WELL,594,Thoothukudi,Thoothukudi,8.605592,77.944361,2018-10-15 08:30:00,,99.70876368859984,4.56331825342521,778.298192084513,7.99454500673491,,161.44868046383152,,,,56.096128743940895,,42.934756380302886,,0.2811333478090089,,,,,2018,10
1199,1199,AMRAVATI AT 1KM D/S FROM EFF.DIS. PT. AT MADHUTHUKKULAM,572,Dindigul,PALANI,10.541244,77.368656,2018-10-15 08:30:00,0.08228616327634203,175.73505263631125,6.290063166804931,875.2504719655853,6.860629931616677,,132.09575096051887,,,0.23996548364236958,68.95518775316361,,72.28038668769383,,0.7542960891212735,,,,,2018,10
1200,1200,ARIYAPPAMPALAYAM SATHYAMANGALAM,573,Erode,SATHYAMANGALAM,11.488793,77.241248,2018-10-15 08:30:00,0.34079963125951324,133.20202099509694,5.928778702881268,242.14081214682156,7.9277139097332805,,130.47139720983455,,,0.2146148032600394,133.8960864660201,,36.11922613662118,,0.13151466668291145,,,,,2018,10
1201,1201,AUTHOR - MUKKANI AGRAGARAM STREET INFRONT OF THIRU N. SAMUTHRAPANDI HOUSE BORE WELL,594,Thoothukudi,Thoothukudi,8.634908,78.07465,2018-10-15 08:30:00,,230.67921315500178,4.738674391213691,40.0,7.6988388029466,,302.6665633761673,,,0.15116915439642664,31.452690338179835,,32.098665712052295,,1.3957823345280134,,,0.016006445752776145,,2018,10
1202,1202,BAHOUR LAKE,570,Cuddalore,CUDDALORE,11.819442,79.729208,2018-10-15 08:30:00,0.8814352763626827,123.45632389484031,6.650490415371014,669.5785179728041,8.393620721394598,,290.7557753091218,,,0.19386255504210823,60.11490078574444,,62.639553920693885,,0.36976362158545273,,,,,2018,10
1203,1203,BHAVANI AT BHAVANI SAGAR TAMILNADU,573,Erode,SATHYAMANGALAM,11.485294,77.134603,2018-10-15 08:30:00,,112.96588072662867,3.793374833201974,653.9144251220948,7.920780159059317,,117.93770358402372,,,,29.528965492336994,,25.225343091266424,,2.353563322849948,,,,,2018,10
1204,1204,BHAVANI AT BHAVANI TAMILNADU,573,Erode,BHAVANI,11.454094,77.679567,2018-10-15 08:30:00,,96.71828215317649,6.438326087368972,588.0945268014227,7.668334903457546,,136.23295890779448,,,,166.79755192124105,,39.053076780084844,,0.6679141031849557,,,,,2018,10
1205,1205,BHAVANI AT D/S OF BHAVANISAGAR SATHYAMANGALAM ERODE TAMILNADU,573,Erode,SATHYAMANGALAM,11.503881,77.247036,2018-10-15 08:30:00,0.41409993604442014,123.26548531115482,5.333413215926189,176.71674918318217,7.950400825280737,,225.10811952079555,,0.02,0.10194555769598801,119.9061574251819,,47.97016733218488,,0.947394530224649,,,,,2018,10
1206,1206,BHAVANI AT D/S OF KALINGARAYAN CANAL (B10) ERODE TAMILNADU,573,Erode,BHAVANI,11.438223,77.681462,2018-10-15 08:30:00,,46.02847852415749,9.03450719270349,497.1972421550115,6.0,,194.20005271351243,,,,109.83733582455966,,56.771565220452835,,1.5620992239840967,,0.01384780130400679,,,2018,10
1207,1207,BHAVANI AT PATHIRAKALIAMMAN KOIL TAMILNADU,589,Tiruvallur,TIRUVALLUR,11.469259,77.296165,2018-10-15 08:30:00,,66.00497144692014,5.420170434037678,541.9801140514523,7.202980044712257,,117.52438081204201,,,,68.99030868272457,,69.03512756070498,,1.5964132193159166,,,,,2018,10
1208,1208,BHAVANI AT SIRUMUGAI TAMILNADU,569,Coimbatore,Mettupalayam,11.319948,77.011429,2018-10-15 08:30:00,,172.338360519739,6.911957229108985,564.161309426042,7.1022208815775665,,116.4111769731926,,,,132.3103607687809,,49.459040647491356,,1.6738867262435801,,,,,2018,10
1209,1209,BHAVANI AT U/S OF KALINGARAYAN CANAL (B5) ERODE TAMILNADU,573,Erode,ERODE,11.442818,77.676045,2018-10-15 08:30:00,,132.4463575384511,5.840534724968497,511.20501112461557,7.9414457520315285,,252.45696415172404,0.01,,0.09831526270795335,107.41123574715814,,5.0,,0.3433964989291979,,0.0018766943122204254,0.023285313992786126,,2018,10
1210,1210,BOREWELL AT PASUPATHY PUDUR VILLAGE PALANI TALUK DINDIGUL DIST.,572,Dindigul,PALANI,10.448726,77.517259,2018-10-15 08:30:00,0.5869450615386924,228.77745704007168,8.482297204240854,565.5318249334197,6.71671010629582,,179.12924141587175,,,,33.63207156355357,,24.85604273752338,,1.8993921353865932,,,,,2018,10
1211,1211,BORE WELL AT VANNIARVALASU VILLAGE NEAR ELEMENTARY SCHOOL THOPPAMPATTI PANCHAYAT UNION PALANI TALUK,572,Dindigul,PALANI,10.576266,77.529657,2018-10-15 08:30:00,0.39366323930286806,162.2831361465121,6.1547565342450605,395.05002535111566,7.304289619562697,,254.2724660324643,,,0.44724439825604395,102.82836560541467,,5.0,,1.9009700634573305,,,0.1626703961966166,,2018,10
1212,1212,BOREWELL LOCATED AT M/S. PHOENIX TEXTILE PROCESSORS VENDIPALAYAM ERODE,573,Erode,ERODE,11.327414,77.745903,2018-10-15 08:30:00,,222.51963194027297,6.212570819706718,441.66357700516835,6.3275995185113345,0.0075002499927760095,56.51164600485441,,,,102.20356624687008,,20.531156331630584,,1.2381383156978367,,0.009774269654393958,,,2018,10
1213,1213,BOREWELL NEAR KAMBARASAMPETTAI INTAKE WELL (TRICHY UPSTREAM),591,Tiruchirappalli,TIRUCHIRAPPALLI,10.787066,78.690243,2018-10-15 08:30:00,0.3647083270711917,126.34215323494166,7.2261384014467325,218.30952782209332,7.339468192479523,,241.11190348410835,,,0.06093861642139543,81.56022737418748,,39.761731083251036,,3.0074269762185755,,,,,2018,10
1214,1214,BOREWELL NEAR THOGUR INTAKE WELL (TRICHY DOWNSTREAM),591,Tiruchirappalli,TIRUCHIRAPPALLI,10.786916,78.690657,2018-10-15 08:30:00,0.2649493556788976,54.95817182649421,7.252793744328571,572.5285341149107,7.857573900055783,,196.7699590834429,,,0.30644938280854483,57.220063590077956,,42.82807332819209,,0.5810881240494958,,,,,2018,10
1215,1215,CAUVERY AT 1KM. D/S OF BHAVANI RIVER CONFL. TAMILNADU,573,Erode,BHAVANI,11.445663,77.677626,2018-10-15 08:30:00,0.23839881294152857,96.79585733726265,8.030337191861758,676.0029573427307,6.0812186273851285,,117.16806751033616,,,0.01153952193083489,54.65928814468811,,58.68900728377329,,0.24654744721095367,,,,,2018,10
1216,1216,CAUVERY AT COLEROON TAMILNADU,579,Nagapattinam,NAGAPATTINAM,11.326822,79.702981,2018-10-15 08:30:00,0.05,160.54491181304394,5.8726625401205945,440.6613236174137,7.875213667204571,,246.52144556048788,,,,93.44499107378667,,27.47151952496304,,1.6362067864208956,,,0.26045198918720397,,2018,10
1217,1217,CAUVERY AT ERODE NEAR CHIRAPALAYAM TAMILNADU,573,Erode,ERODE,11.335795,77.753762,2018-10-15 08:30:00,0.3631534964829396,120.98797519885733,6.278904825375143,715.3388952279465,7.342568219607282,0.002454584583022176,254.76122171541155,,,,85.00458575081439,,49.17659252050012,,1.4560056215423793,,,0.01,,2018,10
1218,1218,CAUVERY AT KOMARAPALAYAM NAMAKAL TAMILNADU,580,Namakkal,Tiruchengode,11.423503,77.685261,2018-10-15 08:30:00,,157.40930239553964,5.974377725848295,55.55087299747743,6.918897052685531,,143.50957240827643,,,0.26945689747781687,57.87840547397705,,22.51886233518185,,1.4888112037450059,,,,,2018,10
1219,1219,CAUVERY AT KUMBAKONAM THANJAVUR TAMILNADU,586,Thanjavur,KUMBAKONAM,10.968137,79.378248,2018-10-15 08:30:00,0.5420696869325623,93.10220686323751,4.664686735960773,619.123780014557,7.215950369348032,,273.7153229514514,,,0.34568015005409697,135.65708150507572,,16.60217670864552,,1.6373994831712988,,,,,2018,10
1220,1220,CAUVERY AT MAYILADUTHURAI NAGAPATTINAM TAMILNADU,579,Nagapattinam,Mayiladuthurai,11.104894,79.651871,2018-10-15 08:30:00,,66.85857080331344,5.490191049306162,589.3029393078214,7.895548811327469,,215.74601302648608,,,0.5434630774845925,29.66130750176056,,32.80677899640136,,1.6033236407602223,,,,,2018,10
1221,1221,CAUVERY AT METTUR,584,Salem,METTUR,11.796255,77.806971,2018-10-15 08:30:00,2.2900220652540706,157.85572665801809,6.769519372049912,754.3532972823145,7.3862331210961605,,108.14404652689795,,,0.44411064373554326,111.84104045555395,,40.94269908905489,,1.3606594317395788,,,,,2018,10
1222,1222,CAUVERY AT MOHANUR NEAR PATTAIPALAYAM TAMILNADU,580,Namakkal,NAMAKKAL,11.064392,78.120358,2018-10-15 08:30:00,,213.67446228763316,5.914554590220597,548.1542623516987,6.702959152248856,,121.32468967001856,,,,76.56508987242276,,28.39469129849297,,1.1889732704106157,,,,,2018,10
1223,1223,CAUVERY AT MUSIRI,591,Tiruchirappalli,MUSIRI,10.955345,78.443949,2018-10-15 08:30:00,0.45994388203044523,243.02839610611852,6.3442510049543674,675.2145140498217,7.814978055428189,,220.08514013013834,,,,98.07328837934081,,50.57645676290126,,1.8839557208449196,,,0.07797357249480705,,2018,10
1224,1224,CAUVERY AT PALLIPPALAYAM,580,Namakkal,Tiruchengode,11.368215,77.741107,2018-10-15 08:30:00,2.225008457568624,187.87651651760513,6.344152828259133,880.7934899207969,7.655365385361775,,214.14853408727527,,,,87.44728828576984,,35.297080195600316,,1.471891706627764,,,,,2018,10
1225,1225,CAUVERY AT PETTAIVAITHALAI TRICHY TAMILNADU,591,Tiruchirappalli,SRIRANGAM,10.906389,78.489697,2018-10-15 08:30:00,,156.0507471941445,5.4018994992669604,330.9960097091289,6.423401449864053,,140.9124474743889,,,0.051602517369333085,59.02727979534335,,37.101586721092715,,0.01,,,,,2018,10
1226,1226,CAUVERY AT PITCHAVARAM TAMILNADU,570,Cuddalore,CHIDAMBARAM,11.418828,79.772375,2018-10-15 08:30:00,0.25861887461784616,39.0004823837109,6.438625241814039,739.3275737495219,7.224442314061948,,87.4636648669479,,,0.7053932215773434,123.18568488425652,,26.435672995245092,,2.6006728573200224,,,,,2018,10
1227,1227,CAUVERY AT PUGALUR KARUR TAMILNADU,576,Karur,KARUR,10.974467,78.180075,2018-10-15 08:30:00,,108.0331747746099,4.226198758901347,1140.8930402224923,7.23872248263739,,87.13791417484059,,,,124.85553702572038,,68.43663577969397,,2.0309823199319297,,,,,2018,10
1228,1228,CAUVERY AT THANJAVUR TAMILNADU,610,Ariyalur,Sendurai,11.34,79.24,2018-10-15 08:30:00,,118.93688417018832,6.479003185213873,377.0154857380136,7.770661507479246,,161.64737574535704,,,,87.90576852173223,,62.349102744944155,,2.226278042436817,,,,,2018,10
1229,1229,CAUVERY AT THIRUMUKKUDAL-CONFL. PT.OF R. AMRAVATI TAMILNADU,576,Karur,KARUR,11.050024,78.120645,2018-10-15 08:30:00,0.05,78.92826553791508,8.830095346462043,692.9185344396086,7.36156152522512,,179.84162400113826,,,,55.0771278271333,,33.66346206512452,,1.364908303698083,,,,,2018,10
1230,1230,CAUVERY AT TIRUCHIRAPPALLI D/S TAMILNADU,591,Tiruchirappalli,SRIRANGAM,10.766809,78.665272,2018-10-15 08:30:00,,93.47249768547637,8.558141861814537,468.08464377781524,7.381423651973433,,168.1260290553466,,,0.31909583312748424,159.7213169983644,,34.92957483268859,,1.8032686440307988,,,0.01,,2018,10
1231,1231,CAUVERY AT TIRUCHIRAPPALLI U/S TAMILNADU,591,Tiruchirappalli,TIRUCHIRAPPALLI,10.833263,78.718224,2018-10-15 08:30:00,2.1211267363663806,52.38007970743476,5.830115679699018,408.9374536968504,8.257249928184612,,229.80876403083394,,,,109.40944024018654,,64.53354064890964,,1.1230174172134473,,,0.11751923344747942,,2018,10
1232,1232,CAUVERY AT TRICHY GRAND ANAICUT TAMILNADU,586,Thanjavur,Thiruvaiyaru,10.830327,78.81177,2018-10-15 08:30:00,0.12742956710570474,96.7068983658927,6.184619812043529,734.6776269241669,7.597110622397644,,154.93447514501634,,,,46.60109923423836,,41.577131748251475,,2.044043639154041,,,,,2018,10
1233,1233,CAUVERY AT URRACHIKOTTAI ERODE TAMILNADU,580,Namakkal,Tiruchengode,11.354178,77.750436,2018-10-15 08:30:00,0.7490459521068319,120.78509923171235,9.889000411283275,86.12889688441084,6.755721636563867,,257.7289431440269,,,,119.05368488692548,,29.28988901201344,,2.114643419464011,,0.017283587584126372,,,2018,10
1234,1234,CAUVERY AT VAIRAPALAYAM NAMAKAL TAMILNADU,580,Namakkal,Tiruchengode,11.361583,77.742411,2018-10-15 08:30:00,,32.469168063703535,6.962492212318457,403.12011157459455,7.810866193090818,,118.62356534361977,,,,132.474151620195,,36.65164988159936,,1.020545228087566,,,,,2018,10
1235,1235,CAUVERY AT VELORE NEAR KATTIPALAYAM TAMILNADU,580,Namakkal,Paramathivellur,11.18,78.01,2018-10-15 08:30:00,,81.1896046320104,5.944826309742442,172.13222221304545,7.956478883964339,,296.6222045794324,,,,121.99304849506949,,55.65537109938036,,0.9359578118047993,,,,,2018,10
1236,1236,CHENNAI-1 NESAPAKKAM (ZONE-IV),568,Chennai,CHENNAI,13.035832,80.193265,2018-10-15 08:30:00,0.13741524531015806,10.0,8.236484362081656,354.7431000610969,7.041050583928651,,247.09436119269228,0.01,,0.03469650206632324,77.37565856963118,,44.66828975727147,,1.3542957411985053,,0.008094436680709496,,,2018,10
1237,1237,CHENNAI-2 PERUNGADI(ZONE-V),574,Kancheepuram,KANCHEEPURAM,12.9566,80.23435,2018-10-15 08:30:00,,129.47007082659096,5.578230327808174,618.3272742676153,8.116904475429514,,140.04318454040853,,,,152.9933205505514,,97.81365696937766,,0.39676731118381814,,,,,2018,10
1238,1238,CHENNAI-3KODUNGAIYUR (ZONE I&II),568,Chennai,CHENNAI,13.138808,80.260799,2018-10-15 08:30:00,,136.15097554331862,6.492319096876234,339.7276493499828,7.487214053749003,,209.5594882825611,,,,80.14765314441678,,51.705296119892395,,2.03202137589015,,,,,2018,10
1239,1239,CHENNAI-4 KOYAMBEDU (ZONE-III),568,Chennai,CHENNAI,13.0642,80.200156,2018-10-15 08:30:00,0.1455654975035885,29.369850572207113,5.6970286991992,40.0,6.511694620229308,,193.51216099248626,,,0.6437514674004589,85.85616181603233,,56.24947324217099,,1.636135568977795,,,,,2018,10
1240,1240,CHENNAI WATERWAYS AT BUCKINGHAM CANAL (ICE HOUSE),568,Chennai,CHENNAI,13.050823,80.278958,2018-10-15 08:30:00,0.1054053459296987,161.85752089415493,5.923568393010374,99.2812084411272,7.234250280482371,,301.19862599384476,,,0.10458644166625507,97.20690538322032,,21.203364087645753,,2.065902969058754,,,0.09802958541548552,,2018,10
1241,1241,CHENNAI WATERWAYS AT BUCKINGHAM CANAL (TIDAL PARK),568,Chennai,CHENNAI,12.988133,80.25192,2018-10-15 08:30:00,1.1100099308027238,178.5774458472796,6.517587091844152,40.0,6.313086532064662,,20.0,0.01,,,52.431812904584966,,24.73864389467623,,0.7558998753571102,,,,,2018,10
1242,1242,CHENNAI WATERWAYS AT BUCKINGHAM CANAL X OTTERI NULLAH CONFLUENCE (GMR VASAVI INDUSTRIES),568,Chennai,CHENNAI,13.10524,80.271091,2018-10-15 08:30:00,,17.082440514447015,7.405025553238884,600.4494450650382,7.35673507043398,0.010736683730838274,73.47736649469792,,,,121.69466597911392,,7.692685335698613,,2.3783868621038637,,0.012606390200966584,,,2018,10
1243,1243,CHENNAI WATERWAYS AT CAPTAIN COTTON CANAL (ERUKANJERI),568,Chennai,CHENNAI,13.126266,80.256935,2018-10-15 08:30:00,,185.11142508311974,5.436065374969461,459.6481214939432,7.129710498330801,,204.68782666987505,,,,48.69000197775573,,16.221618634861088,,0.7238801773868411,,,,,2018,10
1244,1244,CHENNAI WATERWAYS AT CC X BC CONFLUENCE (KODUNGAIYUR),568,Chennai,CHENNAI,13.136803,80.249192,2018-10-15 08:30:00,,100.74379425221522,7.256129594700479,437.10644332785614,7.666634454392392,,199.98912374836505,,,,74.64164660929947,,6.8861857089602445,,1.5612379929916052,,,0.03171527668775105,,2018,10
1245,1245,CHENNAI WATERWAYS AT MAMBALAM DRAIN (GOLF COURSE),568,Chennai,CHENNAI,13.022221,80.233657,2018-10-15 08:30:00,0.11195292472598802,39.3214858170947,8.055197204767747,576.7703183110377,7.537682010997027,,203.34462747506285,,,,63.86196008398437,,17.354352572889248,,0.01,,0.001,0.42319114468061403,,2018,10
1246,1246,CHENNAI WATERWAYS AT MAMBALAM DRAIN (USMAN ROAD),568,Chennai,CHENNAI,13.028381,80.227747,2018-10-15 08:30:00,0.10373858712746552,178.7849074808334,6.377280379738889,166.33594039725358,7.665621639983895,0.006993583893029184,181.62199729451734,,,,71.3391833997878,,51.07539382218245,,0.32424636477810287,,0.003507655321176108,,,2018,10
1247,1247,CHENNAI WATERWAYS AT OTTERI NULLAH (KILPAUK GARDEN),568,Chennai,CHENNAI,13.086538,80.234507,2018-10-15 08:30:00,0.08975879061423055,80.34809976965276,5.579183016874203,202.57574856674134,7.647750619771805,,38.09363058113058,,,0.6602995979857191,79.33662322822647,,66.87155370432812,,1.7735036278555611,,,0.553834139347857,,2018,10
1248,1248,CHENNAI WATERWAYS AT OTTERI NULLAH (ORIGIN),568,Chennai,CHENNAI,13.099796,80.196273,2018-10-15 08:30:00,0.05,223.9705028242752,7.107963745890803,361.8096262978655,7.456665719218456,,33.061379344801736,0.01,,,69.3478758423816,,17.598778462219336,,0.8805359816798304,,,,,2018,10
1249,1249,COLLECTOR WELL AT THIRUPUVANAM FOR MADURAI WAT. SUPPLY SCHEME TAMILNADU,585,Sivaganga,Sivagangai,9.826111,78.257297,2018-10-15 08:30:00,,119.7643670933924,7.334351271997263,507.9184072665872,7.938840439912209,,20.0,,,,89.52640045571133,,49.30354166432586,,0.35291359291360436,,,,,2018,10
1250,1250,ERAL - CHARMAM ARUNACHALA SWAMY TEMPLE WEST OF BORE WELL,594,Thoothukudi,Thoothukudi,8.621439,78.016285,2018-10-15 08:30:00,0.8125762945620002,190.9310976890991,7.021234987807479,756.6488640532567,7.441653599130026,,275.282501674858,,,0.4055377643513852,104.59580425638575,,28.80437124202992,,1.708291568937124,,,0.30242452464949593,,2018,10
1251,1251,ERODE-1,573,Erode,ERODE,11.333111,77.747343,2018-10-15 08:30:00,0.22524314452665117,187.39181608859613,5.060232591141332,57.284718987777524,7.3964828373092395,0.004524967467144076,226.4324123258928,,,,120.18954696879541,,18.817583952954287,,1.5829394940692183,,0.007882163542119848,,,2018,10
1252,1252,ERODE-2,573,Erode,ERODE,11.338655,77.74513,2018-10-15 08:30:00,0.536527813265853,155.0509257713166,6.6949982122989065,428.30313704648535,7.39654948907837,0.0035655011744046604,186.42608337304534,,,0.2914711955583655,65.58594756857715,,30.46958916615704,,0.5675206230949843,,,0.10343007373591295,,2018,10
1253,1253,HOUSE OF THIRU MURUGAN S/O. ESAKKI NO.16B MEENAKSHIPURAM ANNA NAGAR TIRUNELVELI,592,Tirunelveli,TIRUNELVELI,8.727206,77.709638,2018-10-15 08:30:00,1.114956266734498,31.83323481791477,7.247613235157298,567.8438912975444,7.666446342441121,,80.63540221123208,,,0.5679612176870441,78.02548654349863,,21.93888578186083,,1.4940232380491296,,,,,2018,10
1254,1254,KAKKADAVU KERALA,569,Coimbatore,POLLACHI,10.742228,77.060508,2018-10-15 08:30:00,0.24110371021876273,222.08790630542555,7.333779371507712,223.38330585416068,7.6046100283791365,,171.13977075457308,,,0.30745463929515787,81.23951023596301,,34.301126804190275,,1.5605143493791713,,,,,2018,10
1255,1255,KARUR,576,Karur,KARUR,10.955411,78.055554,2018-10-15 08:30:00,1.2860007782813037,47.18410350176714,8.205803942279712,669.7198454182817,7.586890164758151,,182.6065858718886,,,,89.1653355208536,,51.49392116189428,,1.0480148612023374,,,,,2018,10
1256,1256,KODAI KANAL LAKE TAMILNADU,572,Dindigul,KODAIKANAL,10.233619,77.485653,2018-10-15 08:30:00,,139.23901195742087,3.8751429020287484,488.5803529441735,6.809221877108274,,108.08037992140378,,,,111.96576020479957,,47.892724936433524,,1.4265799668885748,,,,,2018,10
1257,1257,KOMBUPALLAM SATHYAMANGALAM,573,Erode,SATHYAMANGALAM,11.509621,77.230116,2018-10-15 08:30:00,,178.1969755625674,6.499216311301351,658.6536695579975,8.659354660413907,,146.1355487308739,,,0.013737023925829726,87.70831240063809,,5.0,,0.6415986757516515,,,,,2018,10
1258,1258,KUMBAKONAM,586,Thanjavur,THANJAVUR,10.78627,79.15819,2018-10-15 08:30:00,,72.25933455845671,3.8549919375049777,84.31611094082848,7.66046409940305,,196.61985136025555,,,,127.01127973591056,,36.94219456881385,,1.6150751383520894,,,,,2018,10
1259,1259,LOCATED ADJACENT TO KARU MSW DUMP SITE AND ON THE NORTHERN BANK OF RIVER AMARAVATHI AND DOWNSTREAM,576,Karur,KARUR,10.951185,78.035374,2018-10-15 08:30:00,0.05,30.08791000616924,6.26444765870508,770.562401770029,7.389810141438632,,36.30982302686638,,,0.5403358335776424,145.4114660509258,,30.5667774330416,,0.7030726052438168,,,,,2018,10
1260,1260,LOCATED ON THE SOUTHERN BANK OF RIVER AMARAVATHI AND DOWNSTREAM SIDE OF KARUR DYEING CLUSTER,576,Karur,KARUR,10.917543,78.009517,2018-10-15 08:30:00,,60.61762515930104,6.839779394622102,295.1889115917606,6.870490660300226,,170.9664753479126,,,,29.578632088433523,,36.76453248398603,,1.795671682485733,,,,,2018,10
1261,1261,MADUKARAI,596,Viluppuram,Viluppuram,11.871427,79.603728,2018-10-15 08:30:00,0.30573502590702833,64.69321110697788,6.236375545971392,703.6455189344501,7.237682974797692,,293.34920994024026,,,,66.77350007945357,,48.266411400013645,,1.8200715293965126,,,,,2018,10
1262,1262,MAYILADUTHURAI,589,Tiruvallur,TIRUVALLUR,10.812621,79.608435,2018-10-15 08:30:00,3.4105488808740887,102.43787340422881,5.433290229128275,336.3239959254252,7.223929528291607,,149.42545660755488,,,,52.04554757507653,,28.67275921833982,,1.7760108254690015,,,,,2018,10
1263,1263,M. KALIAPPAN SANGILIMUNIYAPPAN KOVIL ERIKKADU METTUR,584,Salem,Sankari,11.478265,77.881114,2018-10-15 08:30:00,,197.30229913877372,6.583373739465294,324.88474454864826,6.674142433890364,,139.3437333714091,,,,157.51628882634995,,18.08702869223871,,0.04208312635284739,,,,,2018,10
1264,1264,MUNICIPAL CORPORATION BORE WELL LOCATED IN PERUMALPURAM STREET NARANAMMALPURAM TIRUNELVELI,592,Tirunelveli,PALAYAMKOTTAI,8.698363,77.738123,2018-10-15 08:30:00,,259.7033760528073,4.990591332793616,535.4887635871727,6.696641494416598,,243.36794419662814,,,,120.1718610271773,,43.3620242267687,,2.5642632263180873,,,,,2018,10
1265,1265,OVER HEAD TANK AT TIRUR VILLAGE TIRUVALLUR TALUK TIRUVALLUR PANCHAYAT UN,589,Tiruvallur,TIRUVALLUR,13.106545,79.960588,2018-10-15 08:30:00,0.4816164576760526,30.297632681457216,7.301101952571929,55.22241128044169,7.540905537736847,,245.70343325039465,,,0.060297688631384995,23.056678655144303,,49.31038626684511,,1.9105258573947532,,,,,2018,10
1266,1266,PALAR AT VANIYAMBADI WATER SUPPLY HEAD WORK TAMILNADU,595,Vellore,VANIYAMBADI,12.679231,78.595417,2018-10-15 08:30:00,1.3008277727495707,197.1155879263734,8.867749598943847,265.8926560327733,6.081006456329358,,192.5219710796845,,,0.22717452987455983,102.98913902024445,,12.695695569759174,,0.4636876577314937,,,,,2018,10
1267,1267,PARAMASIVAM WATER SERVICE STATION BLOCK NO.13 BSNL EXCHANGE OPPOSITE METTUR DAM - 636 402.,584,Salem,METTUR,11.803279,77.804723,2018-10-15 08:30:00,,181.3640174794168,7.721355162843152,448.2557107602585,7.333272587932669,,194.67303962342368,,,,52.84318623042316,,56.89750818589167,,0.8529219813179422,,,,,2018,10
1268,1268,PERUR CHETTIPALAYM PANCHAYAT LOCATED ADJACENT TO NOYYAL RIVER AT PERUR-VEDAPATTY ROAD (OPP VINAYGAR,573,Erode,ERODE,11.128875,77.39572,2018-10-15 08:30:00,1.1232916455334858,186.09294656074348,5.283520215721806,388.91255664101266,7.15060889527134,,196.49715748613724,,,,64.76374658277155,,80.81063942126488,,0.8727451309412997,,,,,2018,10
1269,1269,POONDI LAKE AT THIRUVALLUR TAMILNADU,589,Tiruvallur,TIRUVALLUR,13.169731,79.888236,2018-10-15 08:30:00,0.054272923365847776,71.96948875901313,4.89153897788442,402.83052935527314,7.522489666889206,,110.22663216407511,,,0.44778381200537265,151.30962200107837,,33.82229430040063,,1.7943122636329392,,,0.08486132642005724,,2018,10
1270,1270,PORUR LAKE AT THIRUVALLUR TAMILNADU,589,Tiruvallur,TIRUVALLUR,13.033945,80.148344,2018-10-15 08:30:00,0.7773077545633452,97.38997763615907,7.485778927005963,389.35243489182284,7.767420654159169,,142.94517856047344,,,0.05719043541117734,89.2269890112336,,34.898793480327306,,1.0341249387712033,,,,,2018,10
1271,1271,PULICATE LAKE AT THIRUVALLUR TAMILNADU,589,Tiruvallur,TIRUVALLUR,13.427023,80.292679,2018-10-15 08:30:00,0.11379291155362245,186.79915419028686,7.006572430634315,395.28084670184285,8.227073913496524,,302.87108873523164,,,0.0852101640828599,83.21489507734232,,32.0195784937833,,1.8798562922551252,,,,,2018,10
1272,1272,REDD HILLS AT THIRUVALLUR TAMILNADU,589,Tiruvallur,TIRUVALLUR,13.193092,80.172867,2018-10-15 08:30:00,0.6954685545755305,136.74614811934964,7.304486586871342,50.49496087563898,7.678447732813163,,217.3883103150886,,,0.13429302728602716,50.03758070401139,,24.534229333091417,,0.7954492855132393,,,,,2018,10
1273,1273,RIVER ADYAR AT EKKATTUTHANGAL,574,Kancheepuram,KANCHEEPURAM,13.026747,80.192542,2018-10-15 08:30:00,,10.0,7.560779792563601,804.055542634173,7.407479441613087,,160.048747832974,,,0.189159790210561,28.97320580453809,,26.268019652526892,,0.9454554259786536,,,,,2018,10
1274,1274,RIVER ADYAR AT JAFERKHANPET,574,Kancheepuram,KANCHEEPURAM,13.02849,80.20247,2018-10-15 08:30:00,0.6924844382909333,140.85649295770202,6.63403295612801,208.4562001252498,7.519780039341882,,38.360744046344536,,,,42.18978239942335,,49.30866831813101,,1.0686289727668046,,,0.2036068713119078,,2018,10
1275,1275,RIVER ADYAR AT KOTTURPURAM BRIDGE,568,Chennai,CHENNAI,13.025906,80.243554,2018-10-15 08:30:00,1.2145682031141447,10.0,6.465582009635225,756.6174241719878,7.608262906631835,,350.62413101523487,,,0.2728232641384597,83.00124836757868,,33.976049308233904,,0.8682005466329215,,,,,2018,10
1276,1276,RIVER ADYAR AT MARAIMALAI BRIDGE,574,Kancheepuram,KANCHEEPURAM,13.02724,80.208104,2018-10-15 08:30:00,,270.7048824947842,4.863160202192823,528.8116106831797,7.251751502873825,,231.51352327977895,,,0.1523132176579232,112.8298316989057,,38.44595685220296,,0.8184193120367527,,,,,2018,10
1277,1277,RIVER ADYAR AT NANDAMBAKKAM,574,Kancheepuram,KANCHEEPURAM,12.965867,80.109983,2018-10-15 08:30:00,,78.47794248654812,7.816907224907248,427.3118262826974,7.224363132899736,,229.26043713821102,,,0.2886911898280322,139.3342866572242,,54.141842993614276,,0.48721164643725556,,,,,2018,10
1278,1278,RIVER ADYAR BEFORE GOLF COURSE,574,Kancheepuram,Tambaram,12.938473,80.094802,2018-10-15 08:30:00,,149.0478746128831,4.65499613811833,437.7700848961603,7.904877721361851,,20.0,,,,88.95296180065726,,20.820351362832092,,0.590273229579024,,,,,2018,10
1279,1279,RIVER ADYAR NEAR BOAT CLUB,568,Chennai,CHENNAI,13.023184,80.247552,2018-10-15 08:30:00,,10.0,4.771972930579784,438.54113243785423,7.487114147779565,,145.9465201380237,,,0.2741012051454041,56.349322324437296,,41.917196251984876,,0.01,,,,,2018,10
1280,1280,RIVER CAUVERY AT BHAWANI D/S,573,Erode,ERODE,11.422026,77.679686,2018-10-15 08:30:00,,24.309867305580354,2.540707465334041,40.0,7.280677202494681,,177.24576467769185,,,,129.34126309012058,,53.12976385395977,,3.9076310879157186,,,,,2018,10
1281,1281,RIVER CAUVERY AT ERODE U/S,573,Erode,ERODE,11.369068,77.727294,2018-10-15 08:30:00,0.10330623310835142,172.7521431878796,8.661254235847201,523.1162017238407,6.365245014348546,,223.03258208584384,,,,88.12310855583958,,39.87658416873394,,1.4408009871347804,,0.005406067919314526,,,2018,10
1282,1282,RIVER CAUVERY AT KARUR U/S,576,Karur,KARUR,11.008673,78.159341,2018-10-15 08:30:00,,23.723806030044102,5.320228248479778,229.87842035835973,7.914102303350793,,58.320112743307334,,,0.6541206966333081,94.32858240993389,,28.59526096391219,,0.13458480768968584,,,,,2018,10
1283,1283,RIVER CAUVERY AT KUMARAPALAYAM U/S,580,Namakkal,Tiruchengode,11.427111,77.686922,2018-10-15 08:30:00,,137.1515477905348,7.0323401607696665,40.0,6.31854209405841,,197.4382525243094,,,0.2159528902665583,27.255257709316034,,49.00985943461915,,0.5829139715072864,,,,,2018,10
1284,1284,RIVER CAUVERY AT KUMBAKONAM D/S,586,Thanjavur,KUMBAKONAM,10.964811,79.351278,2018-10-15 08:30:00,,422.19919809024964,6.815528934513315,241.24663219324134,6.99194327801558,,133.8984155596933,,,0.10484366181675835,109.23035190200176,,48.50111234792102,,1.3195370965541398,,,0.01,,2018,10
1285,1285,RIVER CAUVERY AT MAYILADUTHURAI D/S,579,Nagapattinam,Mayiladuthurai,11.105488,79.647969,2018-10-15 08:30:00,,60.36853343698162,6.069408354867741,626.3531351398016,8.537154688247872,,182.21717151540759,,,0.5686505597427585,77.25265359822478,,79.33424639795044,,1.1101889862469618,,,,,2018,10
1286,1286,RIVER CAUVERY AT PALLIPALAYAM D/S,580,Namakkal,Tiruchengode,11.365347,77.741652,2018-10-15 08:30:00,0.6696401667674658,77.79221259367593,7.018395876043533,701.2520103174943,6.531460908804456,,177.10111733795063,,,,85.68735401542112,,48.03335091339747,,0.01,,,,,2018,10
1287,1287,RIVER COOUM AT AMANJIKARAI,568,Chennai,CHENNAI,13.068081,80.231405,2018-10-15 08:30:00,0.2944384203045572,182.29461965806317,7.075225110582203,329.9558132402314,7.48913537766422,,183.2423767233668,,,,48.90341117023498,,26.326442321274985,,1.5723072614553404,,,0.4680315216877456,,2018,10
1288,1288,RIVER COOUM AT ANNA NAGAR,568,Chennai,CHENNAI,13.07865,80.207011,2018-10-15 08:30:00,0.05,181.63414175250566,6.9384689412345715,544.8790571531123,8.058537851589525,,61.769264414274005,,,0.7739084787036314,14.840687170312805,,39.15927934067457,,0.5002557589285794,,,,,2018,10
1289,1289,RIVER COOUM AT ARUMBAKKAM,568,Chennai,CHENNAI,13.074866,80.221849,2018-10-15 08:30:00,0.05158428757331852,192.06329392226417,6.639878788178403,614.1810705942901,7.497337435061743,,22.049534896264987,,,,132.76592592052506,,62.49154803550276,,1.7552260887743514,,,,,2018,10
1290,1290,RIVER COOUM AT COLLAGE ROAD,568,Chennai,CHENNAI,13.070824,80.249921,2018-10-15 08:30:00,0.45266252153771436,43.286872799520964,5.8518331526436675,371.9328391026006,7.067578130505926,,179.17452587786943,,,0.3442561348264161,54.19092067559432,,44.783437985900505,,0.6132598665462088,,,,,2018,10
1291,1291,RIVER COOUM AT NAPIER BRIDGE,568,Chennai,CHENNAI,13.069423,80.284355,2018-10-15 08:30:00,,193.73410555820539,6.717830596095977,259.84046946633487,7.3196889525134985,,196.24204103537193,,,,42.87476468377436,,22.70054008074837,,1.7621893372875403,,,,,2018,10
1292,1292,RIVER COOUM AT POONAMALLE,589,Tiruvallur,TIRUVALLUR,13.065634,80.113691,2018-10-15 08:30:00,0.27043006894283345,38.5569862461748,5.497278511174706,708.2582049463258,7.337996362463474,,211.023592371178,,,,47.05512395164133,,36.31587657885338,,1.454527461927908,,,0.041281684177299736,,2018,10
1293,1293,RIVER COOUM NEAR CENTRAL JAIL,589,Tiruvallur,TIRUVALLUR,13.169913,80.21808,2018-10-15 08:30:00,1.8322719087195218,176.25933830579297,6.11639227104864,388.047163244559,7.589651232228586,,41.74487611422802,,,,78.15149984871553,,36.64684567521812,,2.008753686442385,,,0.29991047692920275,,2018,10
1294,1294,RIVER LOCATIONS AT KUMARAPALAYAM,580,Namakkal,Tiruchengode,11.447221,77.691963,2018-10-15 08:30:00,,50.1990978715491,5.510933072759056,624.6006447526227,7.808425314971046,,236.8711789588441,,,,119.55309376623069,,45.754512810141705,,0.6843938384994624,,,,,2018,10
1295,1295,RIVER TAMRABARANI AT TIRUNELVELI D/S,592,Tirunelveli,TIRUNELVELI,8.78198,77.79011,2018-10-15 08:30:00,0.44279880898524016,221.43190361367087,6.567400707760542,394.58359481686546,7.5603049052904385,,202.05547221142083,,,0.2315191772749176,82.33554575977979,,12.454708540261898,,0.01,,,,,2018,10
1296,1296,RIVER VAIGAI AT MADURAI D/S,578,Madurai,MADURAI SOUTH,9.92812,78.125036,2018-10-15 08:30:00,,10.0,6.8758858988008535,464.5048438873581,7.594870870371777,,187.55066273242005,,,,109.64102834990686,,40.21405661848653,,0.08435238933913958,,,,,2018,10
1297,1297,RIVER VAIGAI AT MADURAI U/S,578,Madurai,MADURAI SOUTH,9.927433,78.121013,2018-10-15 08:30:00,0.05,214.40154501567778,4.788752804819531,213.82756968274256,7.75046484583755,,279.2868459540681,,,,99.54978576641076,,44.17602435248811,,1.3679905552643972,,,,,2018,10
1298,1298,RIVER VENNAR AT THANJAVUR D/S,586,Thanjavur,THANJAVUR,10.816856,79.140224,2018-10-15 08:30:00,0.16201811096579713,111.21170897559205,6.328117349703728,710.3777978490928,7.833987856154158,,84.69326588087269,,,0.21366856025448805,78.13055964419729,,51.483316744835804,,0.2562884525242528,,,,,2018,10
1299,1299,SAKTHI NAGAR NEAR MUNICIPALITY SEWAGE TREATMENT PLANT KOMPURANKADU METTUR,574,Kancheepuram,SRIPERUMBUDUR,13.00996,80.162403,2018-10-15 08:30:00,,103.69923892044638,5.434638343594815,430.5827493702909,7.392860336695919,,163.67884329617496,,,0.1644881328439974,52.84787279611657,,45.54785184161807,,0.19336289179927557,,,,,2018,10
1300,1300,SARABANGA AT SALEM D/S OF TEXTILE DYEING INDUSTRIES EFFLUENT TAMILNADU,584,Salem,SALEM,11.649094,78.148011,2018-10-15 08:30:00,2.14926407444381,113.46106591748047,7.40930573624982,351.78001478388944,6.961240376777669,,118.7446551101325,,,0.06917357562187688,113.95988129607615,,29.84657474790463,,0.8765774046303367,,,,,2018,10
1301,1301,SRIVAIKUNDAM - BLOCK DEVELOPMENT OFFICE - OPEN WELL,594,Thoothukudi,Thoothukudi,8.625282,77.907778,2018-10-15 08:30:00,0.5199728157880169,97.67935827935754,6.089665025802497,494.6365434385476,6.9287266819590325,,136.84568404971404,,,,57.78661955283738,,31.717873460894843,,1.466360160392098,,,0.01,,2018,10
1302,1302,SRIVAIKUNDAM - TNEB SUB STATION 33 KVA OPPOSITE TO TIRUNELVELI MAIN ROAD OPEN WELL,592,Tirunelveli,NANGUNERI,8.575329,77.769134,2018-10-15 08:30:00,,201.37393713361251,5.588417886999947,224.77842203887997,7.688954451744463,,134.5002044437075,,,0.21243459196534817,120.49235849838985,,35.62534220370244,,0.407311396786628,,,,,2018,10
1303,1303,SURIYAMPALAYAM BOREWELL (HAND PUMP) OWNED BY ERODE CORPORATION LOATED OPPOSITE TO M/S. PIONEER PROC,573,Erode,ERODE,11.408563,77.685422,2018-10-15 08:30:00,0.33395714098167983,170.0061437603258,6.016691252112299,506.27253551180036,7.161495158549016,,55.49488879457277,,,,118.03808835703782,,48.37417449290139,,2.7688834330331735,,,,,2018,10
1304,1304,TAMBIRAPARANI AT ARUMUGANERI TAMILNADU,594,Thoothukudi,Thoothukudi,8.624431,78.068808,2018-10-15 08:30:00,0.42460777817622275,234.5662883123651,6.130092044295936,442.97454418882165,8.266223230934175,,91.61724653019932,,,,68.31060659046742,,59.674253008503996,,0.9597454859476218,,,,,2018,10
1305,1305,TAMBIRAPARANI AT BDG.NR. MADURA COATS LTD.PAPAVINASAM TAMILNADU,592,Tirunelveli,AMBASAMUDRAM,8.663294,77.422222,2018-10-15 08:30:00,0.5161521949797065,478.32674008206055,5.476138258229745,302.9447332572706,7.422984337009286,,244.5823491755005,,,,60.072787387677444,,63.25251319305942,,2.014899608027049,,,,,2018,10
1306,1306,TAMBIRAPARANI AT CHERANMADEVI CAUSE WAY TAMILNADU,592,Tirunelveli,AMBASAMUDRAM,8.700586,77.56595,2018-10-15 08:30:00,0.5319550448236244,145.87618914083123,5.295454621443636,242.33305846686386,6.900572229828542,,335.4448905571889,,,,161.1871952832655,,34.88369130657728,,0.7465572383233459,,,,,2018,10
1307,1307,TAMBIRAPARANI AT ERAL THOTHUKUDI TAMILNADU,594,Thoothukudi,Thoothukudi,8.620606,78.022839,2018-10-15 08:30:00,0.05,127.13826294997993,5.726453442705832,495.43123753208266,7.301914226767672,,219.27635560343734,,,,36.499122116652856,,42.40448499625474,,1.2504141271193827,,,,,2018,10
1308,1308,TAMBIRAPARANI AT KALLIDAI KURICHI TIRUNELVELI TAMILNADU,592,Tirunelveli,AMBASAMUDRAM,8.69375,77.462681,2018-10-15 08:30:00,0.1145844477157075,191.98635969063656,6.357758919165363,336.86082625445897,7.273417856298694,,138.34497004182458,,,,56.603234681917414,,54.65699740589843,,0.6236893129596227,,,,,2018,10
1309,1309,TAMBIRAPARANI AT MURAPPANADU TAMILNADU,594,Thoothukudi,Thoothukudi,8.721606,77.832797,2018-10-15 08:30:00,0.5705263071884967,118.65589472178077,8.505624900911753,675.9821432088911,7.9004273060149215,,83.4466055148491,,,,53.79827367400192,,24.115846730625456,,1.7136862071988908,,,,,2018,10
1310,1310,TAMBIRAPARANI AT PAPPANKULAM TAMILNADU,592,Tirunelveli,AMBASAMUDRAM,8.758606,77.424597,2018-10-15 08:30:00,1.1253145514234446,173.70077328618834,6.67114567120266,689.0869749458443,7.651915292868843,,119.4541672492222,,,0.018688070307997733,139.61314993103286,,31.34063159761751,,0.095688122620746,,,,,2018,10
1311,1311,TAMBIRAPARANI AT RAIL BDG. NR. AMBASAMUDAM TAMILNADU,592,Tirunelveli,AMBASAMUDRAM,8.729581,77.467289,2018-10-15 08:30:00,,140.67213724277065,5.243745796668201,588.2057625951945,7.244545363571931,,215.78432773409327,,,0.010321600617265194,57.33241363670329,,24.199647530228702,,1.197655025194969,,,,,2018,10
1312,1312,TAMBIRAPARANI AT SIVALAPERI CONFLUENCE POINT OF KUTTRALAM FALLS D/S OF PALAYAMKOTTAI TIRUNELVELI TA,592,Tirunelveli,PALAYAMKOTTAI,8.700031,77.690869,2018-10-15 08:30:00,0.05,238.06477163490672,7.975243020298606,198.29443850282158,8.12670766668732,,283.85906305262176,,,,90.33707658613815,,31.810672242289048,,1.3217550238408677,,,,,2018,10
1313,1313,TAMBIRAPARANI AT SRIVAIKUNTAM D/S OF SK ANAICUT TIRUNELVELI TAMILNADU,594,Thoothukudi,Thoothukudi,8.627358,77.909,2018-10-15 08:30:00,,253.9166487732845,5.651479296948544,661.1612696033212,7.817196334624222,,132.25367842919158,,,0.1447057661501024,125.31174284558587,,26.584162138109654,,0.7379543803815907,,,,,2018,10
1314,1314,TAMBIRAPARANI AT TIRUNELVELI COLLECTORATE TAMILNADU.,592,Tirunelveli,TIRUNELVELI,8.734125,77.716764,2018-10-15 08:30:00,0.8037422094451171,205.6528022630152,7.678709025444706,562.5306598091045,7.548611640200761,,149.45985286914768,,,,87.52950628276493,,21.22066705681554,,0.035211563917069144,,,0.14652683075533363,,2018,10
1315,1315,TAMBIRAPARANI AT VELLAKOIL TIRUNELVELI TAMILNADU,592,Tirunelveli,TIRUNELVELI,8.718019,77.703531,2018-10-15 08:30:00,0.2935961119481926,66.4977408975102,7.500920686292082,650.5989905855764,7.171610895413404,,223.6029794504193,,,0.12015867200041541,22.06612201577041,,37.73628400108003,,0.06640788825520705,,,0.04054418311269384,,2018,10
1316,1316,THALAVAIPETTAI BHAVANI,573,Erode,BHAVANI,11.456295,77.615817,2018-10-15 08:30:00,,339.9025932728052,5.218343433960511,514.2478587807998,8.327153694726574,,184.6341202672236,,,,116.53995789404078,,35.739455553705575,,1.2532710615223372,,,,,2018,10
1317,1317,THANJAVUR,586,Thanjavur,THANJAVUR,10.786359,79.157779,2018-10-15 08:30:00,,10.0,3.9441206619112905,243.9177818326764,7.165040861023762,,270.8647659227404,,,0.01,47.36604511175788,,18.734581455337644,,1.4808009233798796,,,,,2018,10
1318,1318,THENPENNAIYAR AT CHOKKARASANAHALLI BRIDGE (BANGALORE),571,Dharmapuri,DHARMAPURI,12.863435,77.831855,2018-10-15 08:30:00,0.4383825769950492,64.90729032209362,7.391759918509802,294.22304395191213,7.515536267467789,,63.48320827891186,,,0.09861331935283692,104.46706744276877,,45.815640447023135,,0.794891508402798,,,,,2018,10
1319,1319,THIRUKKANUR,596,Viluppuram,Viluppuram,11.991116,79.639712,2018-10-15 08:30:00,,184.38299548219192,8.682157254057913,343.51568289681876,7.554284059601742,,188.28515669146017,,,,145.6158699705437,,48.757266465567795,,0.937554839458592,,,,,2018,10
1320,1320,THIRUMANIMUTHAR AT SALEM D/S OF SAGO & TEXTILE DYING INDUSTRIES TAMILNADU,584,Salem,SALEM,11.645876,78.120341,2018-10-15 08:30:00,0.5619914057404004,43.60117172291477,7.6268623092890735,262.3667938276782,7.1762117508988785,0.0013983279948367633,215.1980844314921,,,0.1204054216150871,55.86910695924634,,42.03298476661582,,1.082364351648086,,,,,2018,10
1321,1321,TIRCHIRAPPALLLI-SRIRANGAM,591,Tiruchirappalli,TIRUCHIRAPPALLI,10.822062,78.688706,2018-10-15 08:30:00,,175.57639763736367,7.1157766446793875,718.3852546180265,6.803942116458403,,139.2358685291188,,,0.8727249538556985,134.47087558008826,,21.95968097163727,,2.1220296082642607,,,0.03309411708844763,,2018,10
1322,1322,TIRUNELVELI,592,Tirunelveli,PALAYAMKOTTAI,8.707446,77.742528,2018-10-15 08:30:00,,202.60311186408973,6.386907387770298,491.72255007247753,7.0837252341790515,,160.28873681054137,,,,86.79292527729139,,46.928210438350966,,0.4914115194929962,,,,,2018,10
1323,1323,UDHAGAMADALEM LAKE (OOTY) TAMILNADU,587,Nilgiris,Pandalur,11.400623,76.690453,2018-10-15 08:30:00,0.08627198867272924,211.572337539857,6.694440792334577,422.02910874705526,7.70793616286231,,272.24830953483394,,,0.6864877045740584,42.22224054417772,,13.583768371716232,,0.9682604359240816,,,,,2018,10
1324,1324,VASISTA AT SALEM D/S OF SAGO INDUSRIES EFFLUENT TAMILNADU,584,Salem,SALEM,11.647853,78.138125,2018-10-15 08:30:00,,233.1872109167408,5.37553078824064,384.223520578195,7.3090143490755715,,28.505536954329358,,,0.20863952593717036,128.6411163676591,,39.50265888863641,,2.548051476266547,,,,,2018,10
1325,1325,VEERANAM LAKE AT CUDDALORE TAMILNADU,570,Cuddalore,KATTUMANNARKOIL,11.341111,79.523058,2018-10-15 08:30:00,0.5854191160801495,86.32531483329873,7.438959226249608,597.1965559892003,7.462753609713139,,141.64218534130953,,,0.10735139528254027,76.58688908538036,,17.589414716340812,,1.1436211408980355,,,0.12353330835628239,,2018,10
1326,1326,WELL AT KATTERIKUPPAM,596,Viluppuram,Viluppuram,12.001161,79.700722,2018-10-15 08:30:00,0.41750193272157216,183.1785699705606,4.33128522852112,481.70559981153,6.635256716176617,,305.2570425437317,,,0.058388635165076454,114.39743897017262,,18.64985746925627,,0.662895645084038,,,,,2018,10
1327,1327,WELL AT KOTHAPURINATHAM THIRUVANDARKOIL,596,Viluppuram,Viluppuram,11.930541,79.661783,2018-10-15 08:30:00,,221.16066249817177,4.477011636544871,535.7996452442483,7.000670580999135,,186.5352064162356,,,,133.94442951947053,,88.11376543890411,,1.8207048752649952,,,,,2018,10
1328,1328,WELL AT MUSIRI TAMIL NADU,591,Tiruchirappalli,MUSIRI,10.954883,78.443933,2018-10-15 08:30:00,,111.22761207060326,7.456323110790315,715.0287058665235,7.320496208281291,,294.75355811712217,,,,118.87414972719603,,25.71152242900889,,2.4268982765863387,,,,,2018,10
1329,1329,WELL AT VADAMATTAM KARAIKAL,589,Tiruvallur,TIRUVALLUR,10.963617,79.678261,2018-10-15 08:30:00,1.1778173790649495,173.40071379853907,5.323344407460437,206.98118166793253,6.986441094018977,,200.23117031189398,,,0.2627979550102804,86.18034365072248,,13.757451119687598,,0.7005424187213614,,,,,2018,10
1330,1330,YERCAUD LAKE SALEM TAMILNADU,584,Salem,YERCAUD,11.783642,78.211153,2018-10-15 08:30:00,,27.296554686031627,8.252982461946935,481.5987834774035,8.04577943540095,0.001,23.48636030130467,,,,41.65336666287626,,36.23882583868368,,0.35798155600209713,,,,,2018,10
1331,1331,ALWARTHIRUNAGARI - VETERINARY DISPENSARY WEST CAR STREET NEAR OVER HEAD TANK OF BORE WELL,594,Thoothukudi,Thoothukudi,8.605592,77.944361,2018-11-15 08:30:00,0.05517456522932688,98.35957567230602,6.175056203625124,745.4109321730607,6.995679280952221,,287.37269902034774,,,0.1652619923925332,61.827787656838275,,14.999772204516038,,2.6167660426781962,,,0.03827350337847338,,2018,11
1332,1332,AMRAVATI AT 1KM D/S FROM EFF.DIS. PT. AT MADHUTHUKKULAM,572,Dindigul,PALANI,10.541244,77.368656,2018-11-15 08:30:00,0.20523735634249513,177.01296257016054,5.571169219564873,301.2687605765109,7.94379799511124,,128.5453855092241,,,,70.91278207521651,,33.73064805090645,,1.3214780397132564,,,,,2018,11
1333,1333,ARIYAPPAMPALAYAM SATHYAMANGALAM,573,Erode,SATHYAMANGALAM,11.488793,77.241248,2018-11-15 08:30:00,,73.16439832640255,5.610114489327791,821.5408823065889,7.389258064260747,,218.0949502471512,,,1.297598099490236,58.58210527969668,,20.96978837745982,,0.3218853091371112,,,,,2018,11
1334,1334,AUTHOR - MUKKANI AGRAGARAM STREET INFRONT OF THIRU N. SAMUTHRAPANDI HOUSE BORE WELL,594,Thoothukudi,Thoothukudi,8.634908,78.07465,2018-11-15 08:30:00,,98.86325720045079,8.571197602513205,577.4897222721419,6.744226853810247,,217.9398268587117,,,0.4272432658964844,123.93349798453683,,21.392444756329787,,1.197218232238451,,,,,2018,11
1335,1335,BAHOUR LAKE,570,Cuddalore,CUDDALORE,11.819442,79.729208,2018-11-15 08:30:00,,10.0,7.382680277963086,557.1590430054307,7.396994642126298,,152.27124864305304,,,,158.145010497673,,19.671347014971158,,0.11374143434764616,,,,,2018,11
1336,1336,BHAVANI AT BHAVANI SAGAR TAMILNADU,573,Erode,SATHYAMANGALAM,11.485294,77.134603,2018-11-15 08:30:00,0.05,93.29343404318536,8.060371454946434,463.84014073085257,7.729961812653352,,229.32267485433093,,,0.13164522292293362,89.75113627211184,,49.57320368828435,,1.748055496745951,,,,,2018,11
1337,1337,BHAVANI AT BHAVANI TAMILNADU,573,Erode,BHAVANI,11.454094,77.679567,2018-11-15 08:30:00,,136.08381314253555,5.4552286508400005,764.6066855627012,8.14831114474435,,322.63242815261583,,,,39.69570837914985,,57.9638927736498,,2.2328417861619467,,,,,2018,11
1338,1338,BHAVANI AT D/S OF BHAVANISAGAR SATHYAMANGALAM ERODE TAMILNADU,573,Erode,SATHYAMANGALAM,11.503881,77.247036,2018-11-15 08:30:00,,160.79613333941498,6.660728355116699,740.1142982690118,7.677179790069825,,334.5934101345433,,,,117.92990006850073,,44.98517990580551,,1.1755371740709664,,,,,2018,11
1339,1339,BHAVANI AT D/S OF KALINGARAYAN CANAL (B10) ERODE TAMILNADU,573,Erode,BHAVANI,11.438223,77.681462,2018-11-15 08:30:00,2.11711102483552,128.87044023142698,7.870275844361612,698.2800710568611,7.421922505727213,0.005845294978892539,172.1384725544653,,,0.09480275879047147,79.45729506410356,,5.0,,2.8071275352769023,,,,,2018,11
1340,1340,BHAVANI AT PATHIRAKALIAMMAN KOIL TAMILNADU,589,Tiruvallur,TIRUVALLUR,11.469259,77.296165,2018-11-15 08:30:00,,10.0,7.756254838787945,452.4657937030978,7.608013548181872,,237.107296804567,,,0.14378018267803447,47.103084199261644,,30.425218444261034,,1.3978319996594017,,,,,2018,11
1341,1341,BHAVANI AT SIRUMUGAI TAMILNADU,569,Coimbatore,Mettupalayam,11.319948,77.011429,2018-11-15 08:30:00,0.55059435759286,188.58577535249418,6.495501759437778,801.4884992750963,7.862151985304446,,173.76145049216936,,,,107.6470956308069,,52.403901501603386,,0.9166321906676408,,,,,2018,11
1342,1342,BHAVANI AT U/S OF KALINGARAYAN CANAL (B5) ERODE TAMILNADU,573,Erode,ERODE,11.442818,77.676045,2018-11-15 08:30:00,,13.062233268270234,6.746221868883421,185.66221315735692,7.370835835897492,,149.52323614721823,,,0.24209548747385745,78.36636377351992,,28.525532017385178,,1.5579090371787419,,,0.014919804550712857,,2018,11
1343,1343,BOREWELL AT PASUPATHY PUDUR VILLAGE PALANI TALUK DINDIGUL DIST.,572,Dindigul,PALANI,10.448726,77.517259,2018-11-15 08:30:00,,60.450307215633444,6.395906663305602,565.6200496418187,6.655242397667486,,194.89826635405512,,,,173.33001715987365,,22.16182380875802,,0.016115725584620932,,,,,2018,11
1344,1344,BORE WELL AT VANNIARVALASU VILLAGE NEAR ELEMENTARY SCHOOL THOPPAMPATTI PANCHAYAT UNION PALANI TALUK,572,Dindigul,PALANI,10.576266,77.529657,2018-11-15 08:30:00,,133.65643862036055,7.347824928104753,412.3423370468623,6.679914820957029,,156.06779743117323,,,,65.53675014581049,,33.18932410319226,,0.47935060719090883,,,,,2018,11
1345,1345,BOREWELL LOCATED AT M/S. PHOENIX TEXTILE PROCESSORS VENDIPALAYAM ERODE,573,Erode,ERODE,11.327414,77.745903,2018-11-15 08:30:00,1.119033402480668,378.3863301447622,6.9040675779158,727.6898858635755,6.619739421360362,,141.3976941512822,,0.02,0.2946037794281106,10.0,,44.715795745834775,,1.9396429260586416,,,,,2018,11
1346,1346,BOREWELL NEAR KAMBARASAMPETTAI INTAKE WELL (TRICHY UPSTREAM),591,Tiruchirappalli,TIRUCHIRAPPALLI,10.787066,78.690243,2018-11-15 08:30:00,0.1769427546268981,104.76114417559154,7.426220582968154,632.981290436599,7.244455854527449,,292.4218847000649,,,,122.31355569448948,,36.302487018350924,,0.9753046033618732,,,,,2018,11
1347,1347,BOREWELL NEAR THOGUR INTAKE WELL (TRICHY DOWNSTREAM),591,Tiruchirappalli,TIRUCHIRAPPALLI,10.786916,78.690657,2018-11-15 08:30:00,0.14102981319884383,47.40952377893434,5.999969615845117,401.4120583714987,7.513341251743112,,284.3993682135998,,,,67.14406004737938,,52.38032405827731,,1.0814485676770864,,,0.13951442700990083,,2018,11
1348,1348,CAUVERY AT 1KM. D/S OF BHAVANI RIVER CONFL. TAMILNADU,573,Erode,BHAVANI,11.445663,77.677626,2018-11-15 08:30:00,,167.64306577599478,6.503893212893839,40.0,7.688814840200104,,134.48360537121653,,,,10.0,,65.57395770920998,,0.01,,,,,2018,11
1349,1349,CAUVERY AT COLEROON TAMILNADU,579,Nagapattinam,NAGAPATTINAM,11.326822,79.702981,2018-11-15 08:30:00,,73.99534430501038,7.711153946935771,239.1411361239423,7.522211990069117,,20.0,,,0.17621990285785125,90.66847161270034,,51.82491942491286,,0.614991221338364,,,,,2018,11
1350,1350,CAUVERY AT ERODE NEAR CHIRAPALAYAM TAMILNADU,573,Erode,ERODE,11.335795,77.753762,2018-11-15 08:30:00,,211.34647421889866,6.685820537972461,513.6470198922275,7.7731731589549105,0.00861739386921535,163.50224349952276,,,,150.38422047044804,,31.457399784242714,,0.6086907526154371,,,,,2018,11
1351,1351,CAUVERY AT KOMARAPALAYAM NAMAKAL TAMILNADU,580,Namakkal,Tiruchengode,11.423503,77.685261,2018-11-15 08:30:00,0.08578107654689282,10.0,6.825241103433494,288.06565192105705,6.99682384838505,,191.13477611601667,,,0.37945936844697403,105.71031262835362,,22.88623005502538,,1.4452958295855376,,,,,2018,11
1352,1352,CAUVERY AT KUMBAKONAM THANJAVUR TAMILNADU,586,Thanjavur,KUMBAKONAM,10.968137,79.378248,2018-11-15 08:30:00,0.05,43.76231800494341,8.060796040118724,700.6447293841366,7.6402190316133565,,103.03677690274039,,,,108.79178826306429,,78.58637239331254,,2.3549131801436745,,,,,2018,11
1353,1353,CAUVERY AT MAYILADUTHURAI NAGAPATTINAM TAMILNADU,579,Nagapattinam,Mayiladuthurai,11.104894,79.651871,2018-11-15 08:30:00,,226.15952267903276,9.109805248475817,404.43870146194,7.253346071951357,,153.3241989563966,,,,76.37184089085558,,70.1164550829289,,0.4347010943138432,,,,,2018,11
1354,1354,CAUVERY AT METTUR,584,Salem,METTUR,11.796255,77.806971,2018-11-15 08:30:00,,192.6756132516618,7.842249691203139,118.33127035193377,7.415646161642506,,257.1636865207196,,,,67.7299529987549,,11.019597438257982,,1.2784643602238352,,,,,2018,11
1355,1355,CAUVERY AT MOHANUR NEAR PATTAIPALAYAM TAMILNADU,580,Namakkal,NAMAKKAL,11.064392,78.120358,2018-11-15 08:30:00,0.05,175.27097030099074,6.608000339572788,368.1716017671944,7.177988913923669,,67.00169083096847,,,0.6273198340672875,55.605037334385884,,19.82530652411466,,1.3407824712044918,,,,,2018,11
1356,1356,CAUVERY AT MUSIRI,591,Tiruchirappalli,MUSIRI,10.955345,78.443949,2018-11-15 08:30:00,,177.33821181738742,8.10254367404209,527.8094626960306,6.0798032087467355,,50.79581388259834,,,,106.36251825267806,,33.513374142502784,,0.8698245766441884,,,0.22699822828749455,,2018,11
1357,1357,CAUVERY AT PALLIPPALAYAM,580,Namakkal,Tiruchengode,11.368215,77.741107,2018-11-15 08:30:00,0.17271641876201319,273.698993367169,7.8051283822387445,617.6540522497716,7.4144519549445445,,128.15906716566622,,,,77.46332612365094,,42.48194070569491,,1.3230833830987991,,,,,2018,11
1358,1358,CAUVERY AT PETTAIVAITHALAI TRICHY TAMILNADU,591,Tiruchirappalli,SRIRANGAM,10.906389,78.489697,2018-11-15 08:30:00,0.06714464494027161,194.48094838952835,8.431449988446044,397.15404837944556,7.403841926830626,,251.6895454893735,,,,52.609578336002706,,20.502769938819547,,1.594494021772804,,,,,2018,11
1359,1359,CAUVERY AT PITCHAVARAM TAMILNADU,570,Cuddalore,CHIDAMBARAM,11.418828,79.772375,2018-11-15 08:30:00,2.955002540811734,152.21745514158573,6.8034519890188,842.6198335289499,7.278616727024755,,267.33568852875044,,,0.01,46.41369644419774,,32.028512077322254,,1.7001827766984818,,,,,2018,11
1360,1360,CAUVERY AT PUGALUR KARUR TAMILNADU,576,Karur,KARUR,10.974467,78.180075,2018-11-15 08:30:00,0.3116640111691752,257.3476744441757,7.619816926834654,549.8877210926388,8.094744722475202,,238.1923161743599,,,,106.89001772269546,,30.851847769007342,,0.36941541560646285,,,,,2018,11
1361,1361,CAUVERY AT THANJAVUR TAMILNADU,610,Ariyalur,Sendurai,11.34,79.24,2018-11-15 08:30:00,1.0190919115307673,211.4206958732916,4.793287781347797,849.6125256995175,7.782449890799401,,120.65628526743242,,,0.3323323509890605,129.41783776757194,,43.935217945616515,,0.9747691118740951,,,,,2018,11
1362,1362,CAUVERY AT THIRUMUKKUDAL-CONFL. PT.OF R. AMRAVATI TAMILNADU,576,Karur,KARUR,11.050024,78.120645,2018-11-15 08:30:00,,217.26988497591844,5.370876856828538,567.065549521004,7.086959547445912,,181.56030178294083,,,,97.40615304406029,,37.45568452521104,,1.590410789100808,,,0.01623482623978734,,2018,11
1363,1363,CAUVERY AT TIRUCHIRAPPALLI D/S TAMILNADU,591,Tiruchirappalli,SRIRANGAM,10.766809,78.665272,2018-11-15 08:30:00,0.7067986531602705,165.03833455238848,7.311321936379896,402.59512244384524,7.405099570265481,,316.75192215273495,,,,88.22854906905786,,77.1330070074622,,1.0843305861388417,,,0.03481821644087784,,2018,11
1364,1364,CAUVERY AT TIRUCHIRAPPALLI U/S TAMILNADU,591,Tiruchirappalli,TIRUCHIRAPPALLI,10.833263,78.718224,2018-11-15 08:30:00,1.4653366020672682,164.04919710206156,6.188220159328516,385.2211216545216,7.037690605226336,,166.755472965197,,,,70.2022328574511,,40.66838237297421,,1.4462750663337516,,,0.07927908505048734,,2018,11
1365,1365,CAUVERY AT TRICHY GRAND ANAICUT TAMILNADU,586,Thanjavur,Thiruvaiyaru,10.830327,78.81177,2018-11-15 08:30:00,0.39367775064180716,107.95331613000577,8.994988038160166,191.32158432537648,7.360486241764316,,250.2379954542756,,,0.019087541676200477,10.0,,9.023924794799399,,0.768549661111217,,,,,2018,11
1366,1366,CAUVERY AT URRACHIKOTTAI ERODE TAMILNADU,580,Namakkal,Tiruchengode,11.354178,77.750436,2018-11-15 08:30:00,0.0795727714279363,39.27710690652022,6.589158755329657,541.234113076468,7.690063201882093,0.0037138695216898973,152.48697616946458,,,0.10427467992423509,122.0270654244305,,8.707933114676166,,2.145880105591149,,,,,2018,11
1367,1367,CAUVERY AT VAIRAPALAYAM NAMAKAL TAMILNADU,580,Namakkal,Tiruchengode,11.361583,77.742411,2018-11-15 08:30:00,,208.73820287473666,7.1710339888504,204.52832149828566,6.712246288026704,,219.4677001389,,,0.06906048624287625,86.48773114482678,,10.039476063183887,,0.8542137181340999,,,,,2018,11
1368,1368,CAUVERY AT VELORE NEAR KATTIPALAYAM TAMILNADU,580,Namakkal,Paramathivellur,11.18,78.01,2018-11-15 08:30:00,0.5144857046508671,230.38000511021463,6.5468774128808285,317.4315611002443,7.508929529609441,,148.37589246048347,,,0.8053888477287291,96.95021118296916,,8.797728921316729,,1.226833675059842,,,,,2018,11
1369,1369,CHENNAI-1 NESAPAKKAM (ZONE-IV),568,Chennai,CHENNAI,13.035832,80.193265,2018-11-15 08:30:00,0.2601501764276884,10.0,7.559509766704102,182.58049334876745,7.193236055621311,,70.83948932870132,,,,144.11706944638144,,67.68219419144569,,0.5674315044091466,,,,,2018,11
1370,1370,CHENNAI-2 PERUNGADI(ZONE-V),574,Kancheepuram,KANCHEEPURAM,12.9566,80.23435,2018-11-15 08:30:00,1.2242364777677233,65.12523968403056,5.0254647789139835,428.24802235491387,7.73659792938224,,163.7405976234053,,,,63.590171842384194,,31.160661638622596,,1.5786729467081146,,,,,2018,11
1371,1371,CHENNAI-3KODUNGAIYUR (ZONE I&II),568,Chennai,CHENNAI,13.138808,80.260799,2018-11-15 08:30:00,,132.7868281526478,6.077025265296022,366.86872012850273,8.40417335084111,,54.01910051107532,,,0.609579364909075,96.03943397682158,,72.57089891228529,,2.5840934153670716,,,,,2018,11
1372,1372,CHENNAI-4 KOYAMBEDU (ZONE-III),568,Chennai,CHENNAI,13.0642,80.200156,2018-11-15 08:30:00,1.1245091781305636,10.0,6.092796986700727,631.863395435135,7.998861762037938,0.0011924184032288741,143.78994834862877,,,,142.52114887493047,,36.239743511247845,,0.04502530432395613,,0.02963931835609876,,,2018,11
1373,1373,CHENNAI WATERWAYS AT BUCKINGHAM CANAL (ICE HOUSE),568,Chennai,CHENNAI,13.050823,80.278958,2018-11-15 08:30:00,,146.14819250087476,7.1596037761856595,467.5534549151112,7.002924813614621,,98.2205850894421,,,0.9158867578140255,149.53435716317938,,51.08375970600397,,1.3818510363938543,,0.026376194973239016,,,2018,11
1374,1374,CHENNAI WATERWAYS AT BUCKINGHAM CANAL (TIDAL PARK),568,Chennai,CHENNAI,12.988133,80.25192,2018-11-15 08:30:00,,97.49035715782057,8.138271281216202,485.63743560436615,8.49339021161164,0.004273582801635485,106.85866547865001,,0.02,0.2205631182343294,65.89820830659885,,5.0,,1.4627108332424021,,,,,2018,11
1375,1375,CHENNAI WATERWAYS AT BUCKINGHAM CANAL X OTTERI NULLAH CONFLUENCE (GMR VASAVI INDUSTRIES),568,Chennai,CHENNAI,13.10524,80.271091,2018-11-15 08:30:00,,58.534120504269744,6.273130494977151,78.95454652208417,7.438464762656734,,161.3159247383461,,0.02,,78.76763671272374,,29.179633950103124,,1.3958198728893587,,,,,2018,11
1376,1376,CHENNAI WATERWAYS AT CAPTAIN COTTON CANAL (ERUKANJERI),568,Chennai,CHENNAI,13.126266,80.256935,2018-11-15 08:30:00,,141.32666683427348,3.8564829063707715,743.4715063036531,7.209360195674134,,162.59529835514994,,,,117.43572103018016,,51.883916211641534,,1.4228592211505247,,0.008781317940814118,,,2018,11
1377,1377,CHENNAI WATERWAYS AT CC X BC CONFLUENCE (KODUNGAIYUR),568,Chennai,CHENNAI,13.136803,80.249192,2018-11-15 08:30:00,,88.79034484628852,7.151646032897853,433.3159215460517,7.039164757455447,0.010265708541712604,230.36564500886158,,0.02,1.0365670331908603,102.38145358093932,,56.931781064784154,,2.537924825696127,,,,,2018,11
1378,1378,CHENNAI WATERWAYS AT MAMBALAM DRAIN (GOLF COURSE),568,Chennai,CHENNAI,13.022221,80.233657,2018-11-15 08:30:00,0.13558418962288823,56.309479556563616,6.329257169065823,516.2130428613305,6.91804119686083,,169.87165486029193,,,0.01,117.06558867614768,,46.58721202145797,,0.49667744072516307,,,,,2018,11
1379,1379,CHENNAI WATERWAYS AT MAMBALAM DRAIN (USMAN ROAD),568,Chennai,CHENNAI,13.028381,80.227747,2018-11-15 08:30:00,,82.37218336723745,3.849495932590926,347.9088622220695,7.392757503279772,,140.62527548638164,0.01,,,20.135943083820393,,39.389186104883116,,1.5604862683325758,,,,,2018,11
1380,1380,CHENNAI WATERWAYS AT OTTERI NULLAH (KILPAUK GARDEN),568,Chennai,CHENNAI,13.086538,80.234507,2018-11-15 08:30:00,0.5355991361554999,80.97047295409638,5.494424942384818,505.35041759758224,8.109582421515148,,214.32073064552793,,,0.01,30.189736431684565,,34.88090760523722,,1.229023434110668,,,,,2018,11
1381,1381,CHENNAI WATERWAYS AT OTTERI NULLAH (ORIGIN),568,Chennai,CHENNAI,13.099796,80.196273,2018-11-15 08:30:00,,184.47147682657004,8.353885638450972,345.21993499117684,7.748934290481788,,206.91213994839526,,,0.092897612956519,52.25515651343267,,31.17771954738175,,1.3697753027008208,,,,,2018,11
1382,1382,COLLECTOR WELL AT THIRUPUVANAM FOR MADURAI WAT. SUPPLY SCHEME TAMILNADU,585,Sivaganga,Sivagangai,9.826111,78.257297,2018-11-15 08:30:00,0.07687171120849697,10.0,4.152311058584917,474.40785561397365,6.71881808802128,,214.8205985118724,,,,81.03500834448576,,36.33441272092982,,1.577055336386334,,,0.17114587039926185,,2018,11
1383,1383,ERAL - CHARMAM ARUNACHALA SWAMY TEMPLE WEST OF BORE WELL,594,Thoothukudi,Thoothukudi,8.621439,78.016285,2018-11-15 08:30:00,,169.66639562318932,6.675195097175168,757.8014454379511,7.870036893418163,,142.71494820975477,,,,55.90140774182882,,56.91586439511288,,0.7057629812151776,,,,,2018,11
1384,1384,ERODE-1,573,Erode,ERODE,11.333111,77.747343,2018-11-15 08:30:00,0.41717406985338623,194.13573875069298,6.539278973188439,456.0689973571815,7.6238219390114095,,242.27752162821173,,,0.28965106168603183,55.440932616249086,,21.58608889290312,,1.0433004907974683,,,,,2018,11
1385,1385,ERODE-2,573,Erode,ERODE,11.338655,77.74513,2018-11-15 08:30:00,0.14285270258584695,10.0,8.080821565582413,666.54521794335,8.374201665095656,,270.6814798510503,,0.02,,108.72421597430957,,16.962036116592053,,1.3643306163662006,,0.005218216986487219,,,2018,11
1386,1386,HOUSE OF THIRU MURUGAN S/O. ESAKKI NO.16B MEENAKSHIPURAM ANNA NAGAR TIRUNELVELI,592,Tirunelveli,TIRUNELVELI,8.727206,77.709638,2018-11-15 08:30:00,,10.0,4.946161218048563,365.93918935639283,6.861773734635813,,30.481621317815723,,,0.4583425685572696,113.29494068458979,,54.96213385798652,,1.6692474507166786,,,,,2018,11
1387,1387,KAKKADAVU KERALA,569,Coimbatore,POLLACHI,10.742228,77.060508,2018-11-15 08:30:00,0.48163680620267324,166.35464743724503,5.543911732030257,185.55926537474772,7.447755983245932,,276.42693348593417,,,,73.60838182868935,,38.09494525713206,,1.8134886939173762,,,0.01,,2018,11
1388,1388,KARUR,576,Karur,KARUR,10.955411,78.055554,2018-11-15 08:30:00,0.7869157293438975,146.1250412690444,6.628623757738899,523.2604684787888,6.723924958239717,,200.34086064599802,,,,103.83868279140648,,48.22936668353573,,0.9735367411213998,,,,,2018,11
1389,1389,KODAI KANAL LAKE TAMILNADU,572,Dindigul,KODAIKANAL,10.233619,77.485653,2018-11-15 08:30:00,,163.56900033472297,7.300859723768682,407.693299458042,7.596175845754702,,230.3244489066693,,,,121.50409256118974,,51.17530160114874,,0.9659870451605266,,,,,2018,11
1390,1390,KOMBUPALLAM SATHYAMANGALAM,573,Erode,SATHYAMANGALAM,11.509621,77.230116,2018-11-15 08:30:00,,10.0,6.755186098063867,434.2391091639969,8.049477589601878,,206.31296058184807,,,0.1320411139232922,56.327676076991544,,52.91094943982682,,0.3122408237223733,,,0.212078615772755,,2018,11
1391,1391,KUMBAKONAM,586,Thanjavur,THANJAVUR,10.78627,79.15819,2018-11-15 08:30:00,0.05,49.24958277102364,6.183406123519241,190.811863022988,6.396441386188425,,195.0800242523544,,,0.18263868309804118,46.38415363273198,,24.388691615062804,,2.3012181277909343,,,,,2018,11
1392,1392,LOCATED ADJACENT TO KARU MSW DUMP SITE AND ON THE NORTHERN BANK OF RIVER AMARAVATHI AND DOWNSTREAM,576,Karur,KARUR,10.951185,78.035374,2018-11-15 08:30:00,,96.72106071198925,6.159845545609,647.6272130485173,7.658672547971603,,202.45845030410698,,,,105.34760320760833,,51.66340281264627,,0.785491384595977,,,,,2018,11
1393,1393,LOCATED ON THE SOUTHERN BANK OF RIVER AMARAVATHI AND DOWNSTREAM SIDE OF KARUR DYEING CLUSTER,576,Karur,KARUR,10.917543,78.009517,2018-11-15 08:30:00,,221.1240136405732,7.458205885538803,651.4165541794434,7.9450694734218565,0.0027857096123870668,291.074430308812,,,,100.10558287146564,,31.056945415557045,,1.534140080521568,,,0.08026577085846608,,2018,11
1394,1394,MADUKARAI,596,Viluppuram,Viluppuram,11.871427,79.603728,2018-11-15 08:30:00,,10.0,6.589732215945865,365.83296010987806,6.4953765795807605,,203.34687376998255,,,0.029160226638457517,91.59716995145536,,45.98873542719282,,1.651359750447144,,,,,2018,11
1395,1395,MAYILADUTHURAI,589,Tiruvallur,TIRUVALLUR,10.812621,79.608435,2018-11-15 08:30:00,,190.44116593571826,7.573085015854001,211.12236902856245,7.725342265119735,,225.96157833321863,,,0.07605852346973882,91.0780751177454,,31.9035671537347,,0.973168097540064,,,0.11759659573350567,,2018,11
1396,1396,M. KALIAPPAN SANGILIMUNIYAPPAN KOVIL ERIKKADU METTUR,584,Salem,Sankari,11.478265,77.881114,2018-11-15 08:30:00,,31.998668634026984,8.218099381089294,356.0643182685123,6.877848414754932,,366.2824494440631,,,0.01,69.4913253403373,,29.14826351352334,,0.8486257881425497,,,0.02213061034377383,,2018,11
1397,1397,MUNICIPAL CORPORATION BORE WELL LOCATED IN PERUMALPURAM STREET NARANAMMALPURAM TIRUNELVELI,592,Tirunelveli,PALAYAMKOTTAI,8.698363,77.738123,2018-11-15 08:30:00,0.07032880088463157,60.723466635506924,5.370448236636102,489.762847372235,7.483668632775725,,275.22219154375534,,,0.19644976573343712,71.274675477612,,28.506953240744952,,0.8425780562910883,,,,,2018,11
1398,1398,OVER HEAD TANK AT TIRUR VILLAGE TIRUVALLUR TALUK TIRUVALLUR PANCHAYAT UN,589,Tiruvallur,TIRUVALLUR,13.106545,79.960588,2018-11-15 08:30:00,0.2635017428247299,262.21158550555435,6.32134064477494,430.60592884851405,7.998703252203043,,223.05609615799014,,,0.07442142980063571,163.325264612071,,43.816602586292234,,1.9009647933373282,,,,,2018,11
1399,1399,PALAR AT VANIYAMBADI WATER SUPPLY HEAD WORK TAMILNADU,595,Vellore,VANIYAMBADI,12.679231,78.595417,2018-11-15 08:30:00,,84.82753158932132,6.054365444801731,641.1197255096396,7.112530714329959,,129.8601617680984,,,,73.46087188464395,,12.685216400533722,,2.315366603691912,,,,,2018,11
1400,1400,PARAMASIVAM WATER SERVICE STATION BLOCK NO.13 BSNL EXCHANGE OPPOSITE METTUR DAM - 636 402.,584,Salem,METTUR,11.803279,77.804723,2018-11-15 08:30:00,0.33726349833751756,113.67479844101022,7.090253780694666,697.0776878549406,6.80972580519019,,191.675654076629,,,0.023749277302068727,87.21919675061523,,39.372245732802526,,0.8341496747546365,,,0.0982542903276992,,2018,11
1401,1401,PERUR CHETTIPALAYM PANCHAYAT LOCATED ADJACENT TO NOYYAL RIVER AT PERUR-VEDAPATTY ROAD (OPP VINAYGAR,573,Erode,ERODE,11.128875,77.39572,2018-11-15 08:30:00,0.48448469227457136,221.7534642737893,4.939117915535197,768.3410158687132,7.515911787144697,,204.95289707806373,,,0.5645836992608735,61.18302459027937,,37.49955180560987,,0.19344216797845926,,,0.39452795011905184,,2018,11
1402,1402,POONDI LAKE AT THIRUVALLUR TAMILNADU,589,Tiruvallur,TIRUVALLUR,13.169731,79.888236,2018-11-15 08:30:00,,116.42329945923318,6.7185618452134115,749.149816532229,7.247080474261266,,58.523260086253,,,0.393774490113369,105.52191469641002,,39.451186261299306,,0.49110987892187974,,,,,2018,11
1403,1403,PORUR LAKE AT THIRUVALLUR TAMILNADU,589,Tiruvallur,TIRUVALLUR,13.033945,80.148344,2018-11-15 08:30:00,1.214880077425713,91.92378062895295,6.338427089810246,446.33389067445245,7.210200411025567,,266.3636359449751,,,0.6091942384303606,39.30072407526309,,43.793362492532154,,1.3886920525996567,,,0.13142497438674614,,2018,11
1404,1404,PULICATE LAKE AT THIRUVALLUR TAMILNADU,589,Tiruvallur,TIRUVALLUR,13.427023,80.292679,2018-11-15 08:30:00,,109.38545762240835,6.859020152976558,394.826726413661,7.173035659828727,,215.33103030726647,,,,88.26578836073014,,42.10179261770014,,0.9423508828173344,,,,,2018,11
1405,1405,REDD HILLS AT THIRUVALLUR TAMILNADU,589,Tiruvallur,TIRUVALLUR,13.193092,80.172867,2018-11-15 08:30:00,,228.29204863044706,6.766957834810968,706.4217591084598,7.210881625389016,,122.68099463057023,,,0.34814213243096875,84.10664729127451,,19.27224633054498,,1.7619085794836868,,,,,2018,11
1406,1406,RIVER ADYAR AT EKKATTUTHANGAL,574,Kancheepuram,KANCHEEPURAM,13.026747,80.192542,2018-11-15 08:30:00,0.2596838271369194,172.66377801631583,5.954712185130214,214.64714554272868,6.961605691749897,,20.0,,,0.021223965345518195,150.34563961614322,,53.240788189622684,,0.9115607790623839,,,,,2018,11
1407,1407,RIVER ADYAR AT JAFERKHANPET,574,Kancheepuram,KANCHEEPURAM,13.02849,80.20247,2018-11-15 08:30:00,,36.62601543212445,7.179524849670426,336.8263199824165,7.796763392130984,,253.98855028531506,,,,89.81492515822244,,38.86972165398953,,0.14301300986904675,,,,,2018,11
1408,1408,RIVER ADYAR AT KOTTURPURAM BRIDGE,568,Chennai,CHENNAI,13.025906,80.243554,2018-11-15 08:30:00,,180.24604526657015,7.082166799198367,385.7884853404071,7.408015815206375,,133.28802190850746,,,,100.66286815540347,,39.43106774652629,,2.200630956290309,,,0.1507691463262626,,2018,11
1409,1409,RIVER ADYAR AT MARAIMALAI BRIDGE,574,Kancheepuram,KANCHEEPURAM,13.02724,80.208104,2018-11-15 08:30:00,,46.834806400590566,6.0979524603658115,303.2456378434513,7.889276605529408,,149.646221161326,,,,195.65989956495974,,57.87694148439189,,0.01,,,,,2018,11
1410,1410,RIVER ADYAR AT NANDAMBAKKAM,574,Kancheepuram,KANCHEEPURAM,12.965867,80.109983,2018-11-15 08:30:00,0.36928516403598366,139.97803896428775,3.4622839450663943,605.5346021835319,7.46651994063646,,181.5631111603329,,,,104.73016704772127,,34.4797725770385,,1.1634857173329636,,,,,2018,11
1411,1411,RIVER ADYAR BEFORE GOLF COURSE,574,Kancheepuram,Tambaram,12.938473,80.094802,2018-11-15 08:30:00,,10.0,6.216758971812751,687.3469046319719,7.244688246285534,,47.952266749687226,,,0.3476405469700279,73.59617936686647,,26.494983924471722,,0.8007933884561687,,,,,2018,11
1412,1412,RIVER ADYAR NEAR BOAT CLUB,568,Chennai,CHENNAI,13.023184,80.247552,2018-11-15 08:30:00,2.2943214488490224,74.26091342198485,7.1616780113338905,411.08198009201465,7.604602733424161,,217.5871552551339,,,0.37259722851302024,10.0,,42.09401474667544,,1.1049180143833834,,,,,2018,11
1413,1413,RIVER CAUVERY AT BHAWANI D/S,573,Erode,ERODE,11.422026,77.679686,2018-11-15 08:30:00,,117.69916995918177,6.3958354375189295,389.55214525998076,6.3948776393019955,,181.1307779087118,,,,31.399840199016808,,36.751503534252755,,1.4849604709857012,,,0.5670572533093149,,2018,11
1414,1414,RIVER CAUVERY AT ERODE U/S,573,Erode,ERODE,11.369068,77.727294,2018-11-15 08:30:00,1.404477118029826,147.52755453314634,8.104911504560512,851.9744866674475,8.338702333484964,0.006054387233462401,115.79992235441667,,,0.01,70.63053798609187,,24.557385226119926,,2.6282713093574497,,,,,2018,11
1415,1415,RIVER CAUVERY AT KARUR U/S,576,Karur,KARUR,11.008673,78.159341,2018-11-15 08:30:00,3.96633454842026,28.88414346400259,5.966999094363543,296.34706348806395,7.021110561922055,,150.99852585120064,,,0.01,49.61060650107709,,37.71900362451089,,1.2712590157712491,,,,,2018,11
1416,1416,RIVER CAUVERY AT KUMARAPALAYAM U/S,580,Namakkal,Tiruchengode,11.427111,77.686922,2018-11-15 08:30:00,,25.684687831409704,6.280291058466458,223.37313683470938,7.154423281713713,,202.69601444596907,,,,51.67467465278613,,49.69886426643883,,2.8777017698984215,,,,,2018,11
1417,1417,RIVER CAUVERY AT KUMBAKONAM D/S,586,Thanjavur,KUMBAKONAM,10.964811,79.351278,2018-11-15 08:30:00,0.3272802171708306,90.91118910063912,4.769110423716772,40.0,6.636468825762031,,276.0807294068386,,,0.015151109819106869,124.48337366999203,,21.788102980184426,,1.0907547711076295,,,,,2018,11
1418,1418,RIVER CAUVERY AT MAYILADUTHURAI D/S,579,Nagapattinam,Mayiladuthurai,11.105488,79.647969,2018-11-15 08:30:00,0.5641453812387709,142.69427597590823,7.562632846767146,551.9193052124544,6.70601319761575,,128.5895360483685,,,0.6525195436971212,44.77219650727227,,35.67765269904849,,1.5414321546069156,,,,,2018,11
1419,1419,RIVER CAUVERY AT PALLIPALAYAM D/S,580,Namakkal,Tiruchengode,11.365347,77.741652,2018-11-15 08:30:00,,38.556437007594894,6.830541318035976,432.78385258263586,7.402332117959146,,88.27391539239139,,,,72.5023943285289,,69.41058089948962,,1.4991662904478582,,,,,2018,11
1420,1420,RIVER COOUM AT AMANJIKARAI,568,Chennai,CHENNAI,13.068081,80.231405,2018-11-15 08:30:00,0.7229528165767364,215.3981922006057,7.283609525971885,996.5116977639739,7.868498517436054,,230.78624805999698,,,0.04976739221766142,76.90227303266657,,14.70492355244307,,1.3632003048621533,,,0.01,,2018,11
1421,1421,RIVER COOUM AT ANNA NAGAR,568,Chennai,CHENNAI,13.07865,80.207011,2018-11-15 08:30:00,,139.48960171918594,7.515621711447224,128.11772472506624,7.958422634323163,,263.47505243540104,,,,126.24170955130646,,58.73494090720481,,1.0658947796093088,,,,,2018,11
1422,1422,RIVER COOUM AT ARUMBAKKAM,568,Chennai,CHENNAI,13.074866,80.221849,2018-11-15 08:30:00,0.8318584573258271,74.26024884655345,8.098993231940833,612.2165072127757,7.574387581208966,,158.4471270226652,,,,151.43419646416518,,27.128487928619748,,1.302847137095509,,,,,2018,11
1423,1423,RIVER COOUM AT COLLAGE ROAD,568,Chennai,CHENNAI,13.070824,80.249921,2018-11-15 08:30:00,,89.73420416071248,8.152205147382634,492.93081094697845,7.320529226510326,,174.97804995739307,,,0.5426752152290918,83.44345020360096,,51.693735845448884,,1.0839051493310912,,,,,2018,11
1424,1424,RIVER COOUM AT NAPIER BRIDGE,568,Chennai,CHENNAI,13.069423,80.284355,2018-11-15 08:30:00,,10.0,7.401616953380156,438.4004814683041,7.880581853540342,,153.45431381047712,,,0.01,107.1952922038274,,46.638861155067765,,1.3701139858614602,,,0.07993596930826516,,2018,11
1425,1425,RIVER COOUM AT POONAMALLE,589,Tiruvallur,TIRUVALLUR,13.065634,80.113691,2018-11-15 08:30:00,0.6867199157620738,135.41439438795777,7.841024658529529,696.4284693928296,8.088095453002962,,196.0197430923237,,,1.0580872099090624,36.62702128886346,,40.44938826509076,,1.8351480967284077,,,,,2018,11
1426,1426,RIVER COOUM NEAR CENTRAL JAIL,589,Tiruvallur,TIRUVALLUR,13.169913,80.21808,2018-11-15 08:30:00,2.1029764603905563,159.8508981312101,6.003418836734965,707.7964774918894,6.719606619244292,,218.07375739130424,,,0.2570569730520616,40.852209193828514,,49.15661334129436,,1.1604567678340139,,,0.022358035150827973,,2018,11
1427,1427,RIVER LOCATIONS AT KUMARAPALAYAM,580,Namakkal,Tiruchengode,11.447221,77.691963,2018-11-15 08:30:00,0.6525961031076308,10.0,6.111341310942731,843.5506287424951,7.276577086876564,,238.6138614535278,,,,36.21057574694608,,5.0,,0.01,,,,,2018,11
1428,1428,RIVER TAMRABARANI AT TIRUNELVELI D/S,592,Tirunelveli,TIRUNELVELI,8.78198,77.79011,2018-11-15 08:30:00,,85.6202330969723,5.66010870587912,871.060826202204,6.851550695064868,,234.13254418958667,,,,137.89684728415364,,23.732346454456014,,1.865486162890876,,,,,2018,11
1429,1429,RIVER VAIGAI AT MADURAI D/S,578,Madurai,MADURAI SOUTH,9.92812,78.125036,2018-11-15 08:30:00,,140.50597223750827,9.211522433290973,608.6556008585142,7.197199320094397,,202.6447976252266,,,0.39889185316306275,64.77517656323246,,36.44287568877596,,2.29083675731169,,,,,2018,11
1430,1430,RIVER VAIGAI AT MADURAI U/S,578,Madurai,MADURAI SOUTH,9.927433,78.121013,2018-11-15 08:30:00,2.071226793926961,114.7576707608839,8.355330272517692,761.2436402591588,7.169659219507918,,158.4480844387774,,,,191.58457968005737,,68.73964004479839,,0.7451685560887993,,,,,2018,11
1431,1431,RIVER VENNAR AT THANJAVUR D/S,586,Thanjavur,THANJAVUR,10.816856,79.140224,2018-11-15 08:30:00,0.33637991296649833,126.40330153722081,6.792592311940117,176.46107772594212,7.452668466011569,,45.04824890876449,,,0.0387956693775176,118.06335860548992,,59.74636346098603,,2.2579234598493843,,,,,2018,11
1432,1432,SAKTHI NAGAR NEAR MUNICIPALITY SEWAGE TREATMENT PLANT KOMPURANKADU METTUR,574,Kancheepuram,SRIPERUMBUDUR,13.00996,80.162403,2018-11-15 08:30:00,0.369636351300723,183.28603550980404,4.619544112632793,485.95621088711135,7.31644197674211,,111.47484769153213,,,,79.56208167769303,,49.12180770634215,,0.655585542173268,,,,,2018,11
1433,1433,SARABANGA AT SALEM D/S OF TEXTILE DYEING INDUSTRIES EFFLUENT TAMILNADU,584,Salem,SALEM,11.649094,78.148011,2018-11-15 08:30:00,,65.16515524483833,7.661038223124751,643.597253365984,7.910336133231045,,115.7685320278973,,,0.09879805450561922,72.1922792146141,,41.889433669067984,,0.8034716688649767,,,0.09595613939353716,,2018,11
1434,1434,SRIVAIKUNDAM - BLOCK DEVELOPMENT OFFICE - OPEN WELL,594,Thoothukudi,Thoothukudi,8.625282,77.907778,2018-11-15 08:30:00,0.9342866125115336,11.936206191145232,6.87859616998819,593.8501910213231,6.492667560309576,,171.63608276206554,,,,207.85346806424008,,5.0,,1.889646072437236,,,,,2018,11
1435,1435,SRIVAIKUNDAM - TNEB SUB STATION 33 KVA OPPOSITE TO TIRUNELVELI MAIN ROAD OPEN WELL,592,Tirunelveli,NANGUNERI,8.575329,77.769134,2018-11-15 08:30:00,,233.75144709634742,7.7449600034780515,828.8321433890786,7.52486565860186,,264.76235191995875,,,,100.65139828483495,,23.217145623278217,,0.4276943834364044,,,,,2018,11
1436,1436,SURIYAMPALAYAM BOREWELL (HAND PUMP) OWNED BY ERODE CORPORATION LOATED OPPOSITE TO M/S. PIONEER PROC,573,Erode,ERODE,11.408563,77.685422,2018-11-15 08:30:00,1.0890497154088772,31.979862175922847,6.873128534919974,355.4279984733396,8.364596942617386,0.00752742196725684,235.9019231092701,,0.02,,90.46821291029049,,34.0286721188348,,1.1201546310768553,,0.001,,,2018,11
1437,1437,TAMBIRAPARANI AT ARUMUGANERI TAMILNADU,594,Thoothukudi,Thoothukudi,8.624431,78.068808,2018-11-15 08:30:00,,54.923622101681445,6.095751856752099,413.9798503801124,7.904519940433315,,87.16248973909947,,,0.6295481566656679,44.851240119574136,,23.016167795457996,,0.01,,,,,2018,11
1438,1438,TAMBIRAPARANI AT BDG.NR. MADURA COATS LTD.PAPAVINASAM TAMILNADU,592,Tirunelveli,AMBASAMUDRAM,8.663294,77.422222,2018-11-15 08:30:00,1.940276245285128,43.79847509790059,5.909744341063139,159.58711550028568,7.026564454338121,,217.87439736822196,,,,170.9822035691202,,21.733969673550497,,2.2959493758946143,,,0.04978380868619045,,2018,11
1439,1439,TAMBIRAPARANI AT CHERANMADEVI CAUSE WAY TAMILNADU,592,Tirunelveli,AMBASAMUDRAM,8.700586,77.56595,2018-11-15 08:30:00,,109.6736009562518,8.485561698082506,871.9265603534665,7.641571107780054,,159.72807617816287,,,0.06452293633254538,208.86782055088213,,6.751585830946503,,0.42445404536934384,,,,,2018,11
1440,1440,TAMBIRAPARANI AT ERAL THOTHUKUDI TAMILNADU,594,Thoothukudi,Thoothukudi,8.620606,78.022839,2018-11-15 08:30:00,0.11164957600879333,10.0,5.056770765326159,426.0747749766041,7.4561437382948235,,271.6758942350981,,,0.16280722851742305,69.64225511746164,,32.567659872637364,,1.6940965320677204,,,,,2018,11
1441,1441,TAMBIRAPARANI AT KALLIDAI KURICHI TIRUNELVELI TAMILNADU,592,Tirunelveli,AMBASAMUDRAM,8.69375,77.462681,2018-11-15 08:30:00,,10.0,6.9306627382053,175.69728556847775,7.651733705392437,,170.72458904864365,,,,42.13127682607105,,49.720350473642974,,1.8251132009458764,,,,,2018,11
1442,1442,TAMBIRAPARANI AT MURAPPANADU TAMILNADU,594,Thoothukudi,Thoothukudi,8.721606,77.832797,2018-11-15 08:30:00,,47.573106598811805,5.0834018156028336,391.58497048466324,7.712073119272071,,245.26336310600783,,,,64.20699111305845,,38.39192144757362,,0.03576881927902753,,,,,2018,11
1443,1443,TAMBIRAPARANI AT PAPPANKULAM TAMILNADU,592,Tirunelveli,AMBASAMUDRAM,8.758606,77.424597,2018-11-15 08:30:00,0.1749454614338132,86.90197419283001,9.608449370234519,272.26680334469984,6.4352021318114145,,206.02456943442075,,,0.014043742009991225,120.40953222960758,,51.87733544924865,,1.6350526780413799,,,,,2018,11
1444,1444,TAMBIRAPARANI AT RAIL BDG. NR. AMBASAMUDAM TAMILNADU,592,Tirunelveli,AMBASAMUDRAM,8.729581,77.467289,2018-11-15 08:30:00,,195.6551229997724,5.6883625963572735,372.5877648169665,7.948743987329648,,185.15625425726793,,,0.04006796343971928,12.098626252535936,,15.417197744676656,,0.37756907272570905,,,,,2018,11
1445,1445,TAMBIRAPARANI AT SIVALAPERI CONFLUENCE POINT OF KUTTRALAM FALLS D/S OF PALAYAMKOTTAI TIRUNELVELI TA,592,Tirunelveli,PALAYAMKOTTAI,8.700031,77.690869,2018-11-15 08:30:00,0.05,185.82736585730862,7.091703682457525,322.57904894767535,7.154942180679294,,212.67623339433771,,,0.01107647586989064,134.63862394954128,,40.75681512705319,,1.3725302299888513,,,,,2018,11
1446,1446,TAMBIRAPARANI AT SRIVAIKUNTAM D/S OF SK ANAICUT TIRUNELVELI TAMILNADU,594,Thoothukudi,Thoothukudi,8.627358,77.909,2018-11-15 08:30:00,,99.85837797880974,6.8868444796731,261.3071730548321,7.105456108514863,,213.11160294452642,,,0.19970453322473908,38.70930758502975,,40.373444696184364,,1.669494348686669,,,,,2018,11
1447,1447,TAMBIRAPARANI AT TIRUNELVELI COLLECTORATE TAMILNADU.,592,Tirunelveli,TIRUNELVELI,8.734125,77.716764,2018-11-15 08:30:00,1.3151908201030738,189.06852116837663,8.068993569478089,933.8213683355989,7.276435289502032,,226.26098090539463,,,,138.95150491360658,,5.0,,0.01,,,0.1833683932637642,,2018,11
1448,1448,TAMBIRAPARANI AT VELLAKOIL TIRUNELVELI TAMILNADU,592,Tirunelveli,TIRUNELVELI,8.718019,77.703531,2018-11-15 08:30:00,,202.7839304420989,7.470865146905334,377.6572181508072,7.6494145142119345,,179.60020700054065,,,0.0825760032565054,118.43879697089108,,52.91031643308601,,0.33242350113697305,,,,,2018,11
1449,1449,THALAVAIPETTAI BHAVANI,573,Erode,BHAVANI,11.456295,77.615817,2018-11-15 08:30:00,,24.425322558675845,6.398394923000403,111.28234727468868,8.18813408318701,,190.486895349454,,,1.0515234160406095,163.78626739804383,,16.307011922943925,,1.23491490950367,,,,,2018,11
1450,1450,THANJAVUR,586,Thanjavur,THANJAVUR,10.786359,79.157779,2018-11-15 08:30:00,0.49951670645942753,166.96339392542671,8.520766436083205,200.00603090568202,7.178305316053969,,178.18714302313435,,,0.17440829374502376,105.7774649276695,,14.119633125020805,,1.5143258872115133,,,,,2018,11
1451,1451,THENPENNAIYAR AT CHOKKARASANAHALLI BRIDGE (BANGALORE),571,Dharmapuri,DHARMAPURI,12.863435,77.831855,2018-11-15 08:30:00,,192.70091840915438,5.0442191752397125,384.9942384041458,7.254692999315012,,20.0,,,,34.8798672260514,,49.72792249782168,,0.5064127835299955,,,,,2018,11
1452,1452,THIRUKKANUR,596,Viluppuram,Viluppuram,11.991116,79.639712,2018-11-15 08:30:00,0.8452411121015626,143.96163355329284,5.562128168930498,341.9221339145092,7.826752675698135,,166.6063297864331,,,0.15683133114261408,141.0883835801308,,42.70857915530354,,0.3487632582035419,,,,,2018,11
1453,1453,THIRUMANIMUTHAR AT SALEM D/S OF SAGO & TEXTILE DYING INDUSTRIES TAMILNADU,584,Salem,SALEM,11.645876,78.120341,2018-11-15 08:30:00,0.1155254234969188,186.76985457982624,6.563993559019326,445.3219085573276,7.147913968696563,,153.60883693946613,,0.02,0.0599257498721493,81.07658350414921,,51.799774123734224,,1.6179712939120765,,,,,2018,11
1454,1454,TIRCHIRAPPALLLI-SRIRANGAM,591,Tiruchirappalli,TIRUCHIRAPPALLI,10.822062,78.688706,2018-11-15 08:30:00,,116.43641086041691,6.2423665431357955,173.6458396083749,7.400953289457863,,167.77827668956192,,,,87.52734675231024,,39.354469717786976,,0.01,,,,,2018,11
1455,1455,TIRUNELVELI,592,Tirunelveli,PALAYAMKOTTAI,8.707446,77.742528,2018-11-15 08:30:00,,20.131481783064885,5.26863250689037,611.8214698056489,7.053674256637722,,187.5865721024673,,,0.21586922163717487,143.35533149265012,,37.392199757457604,,0.5619947356167934,,,0.016033451439106297,,2018,11
1456,1456,UDHAGAMADALEM LAKE (OOTY) TAMILNADU,587,Nilgiris,Pandalur,11.400623,76.690453,2018-11-15 08:30:00,0.4357764981807994,140.17851839354384,9.791735446956494,292.6257347991733,7.679448904642731,,291.4619427763899,,,,10.0,,34.939562839280335,,2.4391343627345625,,,,,2018,11
1457,1457,VASISTA AT SALEM D/S OF SAGO INDUSRIES EFFLUENT TAMILNADU,584,Salem,SALEM,11.647853,78.138125,2018-11-15 08:30:00,,297.4994686024679,6.05856404756422,227.97530646377422,7.716708147687869,0.0016744326459337694,116.39498048359368,,0.02,0.9427737263146183,76.87374534664875,,40.583357302916674,,1.7829932691726071,,,,,2018,11
1458,1458,VEERANAM LAKE AT CUDDALORE TAMILNADU,570,Cuddalore,KATTUMANNARKOIL,11.341111,79.523058,2018-11-15 08:30:00,,161.25302439500445,7.251727700544727,489.7110194555991,6.687010492320302,,211.91035436850703,,,0.01,103.40112340466356,,43.49438747313457,,1.2579625038487503,,,,,2018,11
1459,1459,WELL AT KATTERIKUPPAM,596,Viluppuram,Viluppuram,12.001161,79.700722,2018-11-15 08:30:00,,277.1792801319418,6.776199444295272,631.5911060147221,7.364161109807397,,208.30556879174532,,,,133.61719254744224,,42.13627483473693,,1.6227746439756352,,,,,2018,11
1460,1460,WELL AT KOTHAPURINATHAM THIRUVANDARKOIL,596,Viluppuram,Viluppuram,11.930541,79.661783,2018-11-15 08:30:00,1.4097495189090385,248.80608985517193,7.180426199483872,241.99696520117521,6.95100967440188,,280.0079374524724,,,0.08567667990736212,89.99114318709648,,39.64150911130927,,2.151426762751714,,,0.1376653462199113,,2018,11
1461,1461,WELL AT MUSIRI TAMIL NADU,591,Tiruchirappalli,MUSIRI,10.954883,78.443933,2018-11-15 08:30:00,,146.13367372337342,5.772844419262988,422.24885902699,8.159740315153797,,165.930088404237,,,0.27412783802570334,104.71799241867878,,29.142417115289042,,0.45165167563303454,,,,,2018,11
1462,1462,WELL AT VADAMATTAM KARAIKAL,589,Tiruvallur,TIRUVALLUR,10.963617,79.678261,2018-11-15 08:30:00,,56.38599900689328,5.390709718124002,40.0,7.144027135599535,,175.79357052909944,,,0.15240996035135232,131.51923521567366,,23.84232072875806,,2.0377413240023974,,,,,2018,11
1463,1463,YERCAUD LAKE SALEM TAMILNADU,584,Salem,YERCAUD,11.783642,78.211153,2018-11-15 08:30:00,,128.5148333145031,4.648613421155345,409.8907658422615,7.100765069906002,,250.2604257849795,,,0.7081693975159943,133.79772796931326,,47.96643497108315,,2.214686889196854,,,,,2018,11
1464,1464,ALWARTHIRUNAGARI - VETERINARY DISPENSARY WEST CAR STREET NEAR OVER HEAD TANK OF BORE WELL,594,Thoothukudi,Thoothukudi,8.605592,77.944361,2018-12-15 08:30:00,,108.38170833288643,7.015220856393525,705.4095919633635,7.253112068233357,,231.5355229502234,,,,39.965166914195024,,63.933281896821725,,1.134043232680677,,,,,2018,12
1465,1465,AMRAVATI AT 1KM D/S FROM EFF.DIS. PT. AT MADHUTHUKKULAM,572,Dindigul,PALANI,10.541244,77.368656,2018-12-15 08:30:00,0.48290329570762736,280.1054365492928,6.5075078491648854,235.569009882133,8.01372132812017,,166.53624103263462,,,0.01,124.87191064510353,,37.21512259747312,,2.2542213581807395,,,,,2018,12
1466,1466,ARIYAPPAMPALAYAM SATHYAMANGALAM,573,Erode,SATHYAMANGALAM,11.488793,77.241248,2018-12-15 08:30:00,0.43749303459916633,162.12382233229442,5.517770233219922,894.8867638538588,7.344805204861571,,92.16242491490723,,,0.36613063992753014,135.12254907715652,,16.32604946465014,,0.4451186272645352,,,,,2018,12
1467,1467,AUTHOR - MUKKANI AGRAGARAM STREET INFRONT OF THIRU N. SAMUTHRAPANDI HOUSE BORE WELL,594,Thoothukudi,Thoothukudi,8.634908,78.07465,2018-12-15 08:30:00,0.4037549942593794,215.55718442621333,8.25967846952121,182.00734934475992,7.550709471406973,,143.93282183897824,,,,84.89716545258496,,42.40062255553283,,0.05860994876447556,,,,,2018,12
1468,1468,BAHOUR LAKE,570,Cuddalore,CUDDALORE,11.819442,79.729208,2018-12-15 08:30:00,0.8932897089637136,267.76537743107326,7.473566606837311,745.3837139025254,7.658810796643008,,285.86338414048214,,,,85.7239985729558,,8.892471657822146,,1.528667046224786,,,,,2018,12
1469,1469,BHAVANI AT BHAVANI SAGAR TAMILNADU,573,Erode,SATHYAMANGALAM,11.485294,77.134603,2018-12-15 08:30:00,,46.22440295085784,6.094920093636562,547.2966147327993,7.615099724351122,,80.95580253676336,,,0.01574392736057525,174.76234047746988,,36.315478356694086,,0.5521392343889099,,,0.16959069441880684,,2018,12
1470,1470,BHAVANI AT BHAVANI TAMILNADU,573,Erode,BHAVANI,11.454094,77.679567,2018-12-15 08:30:00,,151.65692259335626,4.488991802537782,320.4876445677618,6.8717819013057095,,153.38089847255748,,,,170.09189654998272,,5.0,,0.6176401060205495,,,,,2018,12
1471,1471,BHAVANI AT D/S OF BHAVANISAGAR SATHYAMANGALAM ERODE TAMILNADU,573,Erode,SATHYAMANGALAM,11.503881,77.247036,2018-12-15 08:30:00,,112.00420785004633,5.133148533706294,301.6117095191595,7.701768481749982,,20.0,,0.02,,102.7988517247753,,47.22655734260378,,2.5654018837793178,,,,,2018,12
1472,1472,BHAVANI AT D/S OF KALINGARAYAN CANAL (B10) ERODE TAMILNADU,573,Erode,BHAVANI,11.438223,77.681462,2018-12-15 08:30:00,0.9106291669637607,159.95316863512556,7.853509982620193,360.7379696409046,7.7838772052232255,,204.5864036861988,,,,65.82162356198165,,16.494779375646008,,1.594018756965085,,,,,2018,12
1473,1473,BHAVANI AT PATHIRAKALIAMMAN KOIL TAMILNADU,589,Tiruvallur,TIRUVALLUR,11.469259,77.296165,2018-12-15 08:30:00,,178.34958361038005,7.325729629285123,328.1343695547067,7.8935258934331785,,167.9501363718959,,,,29.624874231452395,,31.257578418809942,,1.9100983707043173,,,,,2018,12
1474,1474,BHAVANI AT SIRUMUGAI TAMILNADU,569,Coimbatore,Mettupalayam,11.319948,77.011429,2018-12-15 08:30:00,,174.5004985296675,7.14286249800974,413.88665134219195,7.558471893456306,,247.76785440267008,,,,125.61526089536267,,5.0,,1.9915208509357682,,,,,2018,12
1475,1475,BHAVANI AT U/S OF KALINGARAYAN CANAL (B5) ERODE TAMILNADU,573,Erode,ERODE,11.442818,77.676045,2018-12-15 08:30:00,0.24810313846547602,52.06882827896064,4.712468465178796,270.47492417183537,7.517709867829433,,119.68967338794836,,,0.43787128117291296,149.04474742557076,,67.34629729696317,,1.022881393451924,,,,,2018,12
1476,1476,BOREWELL AT PASUPATHY PUDUR VILLAGE PALANI TALUK DINDIGUL DIST.,572,Dindigul,PALANI,10.448726,77.517259,2018-12-15 08:30:00,,52.453500393546676,5.052541180191179,608.9442604000143,7.341383851653463,,146.6668995498302,,,0.23646035398699203,100.28202710213323,,49.802013252304825,,1.2412021759786562,,,,,2018,12
1477,1477,BORE WELL AT VANNIARVALASU VILLAGE NEAR ELEMENTARY SCHOOL THOPPAMPATTI PANCHAYAT UNION PALANI TALUK,572,Dindigul,PALANI,10.576266,77.529657,2018-12-15 08:30:00,0.05,10.0,6.262570457766838,323.68462316441224,7.826831336159056,,126.68225341766667,,,0.33578145115789154,127.14941270595733,,49.894366422491224,,2.102586740926302,,,0.2152823782520736,,2018,12
1478,1478,BOREWELL LOCATED AT M/S. PHOENIX TEXTILE PROCESSORS VENDIPALAYAM ERODE,573,Erode,ERODE,11.327414,77.745903,2018-12-15 08:30:00,,98.50032075970118,6.51908914378867,455.3978290851675,7.305571050495927,,20.0,,,0.582912848147208,115.35317073103306,,31.743403502122334,,0.01,,,,,2018,12
1479,1479,BOREWELL NEAR KAMBARASAMPETTAI INTAKE WELL (TRICHY UPSTREAM),591,Tiruchirappalli,TIRUCHIRAPPALLI,10.787066,78.690243,2018-12-15 08:30:00,0.9198536203246345,62.509285595775125,5.91771304995423,362.04546201273405,7.270811360155047,,79.63279721416717,,,0.1336352987536331,89.08204629251405,,39.4947585153336,,1.8189963337189776,,,,,2018,12
1480,1480,BOREWELL NEAR THOGUR INTAKE WELL (TRICHY DOWNSTREAM),591,Tiruchirappalli,TIRUCHIRAPPALLI,10.786916,78.690657,2018-12-15 08:30:00,0.20605398560133206,192.96189367906447,6.472786969415191,302.58007376003263,7.295880819129483,,193.96214666863006,,,,88.37364128792845,,50.29021259187796,,2.783958694632479,,,,,2018,12
1481,1481,CAUVERY AT 1KM. D/S OF BHAVANI RIVER CONFL. TAMILNADU,573,Erode,BHAVANI,11.445663,77.677626,2018-12-15 08:30:00,1.423736322925818,47.30781744676332,6.277033267880266,436.64920469557745,6.848047739044116,,144.09777142440407,,,,38.85362594293725,,33.314816256728996,,2.8769290208407607,,,,,2018,12
1482,1482,CAUVERY AT COLEROON TAMILNADU,579,Nagapattinam,NAGAPATTINAM,11.326822,79.702981,2018-12-15 08:30:00,,149.21285059801355,7.174053233502132,680.4943451530742,8.069459800881582,,114.52105802420795,,,0.024515603415990354,65.3435833324175,,59.23665072000854,,1.8599072301830275,,,,,2018,12
1483,1483,CAUVERY AT ERODE NEAR CHIRAPALAYAM TAMILNADU,573,Erode,ERODE,11.335795,77.753762,2018-12-15 08:30:00,0.49021978230416063,156.13299786273552,6.84180763442654,701.0118451203898,7.086335838785812,,218.614588495137,,,0.01,70.60095305676396,,42.418057413150834,,0.944390040064772,,,,,2018,12
1484,1484,CAUVERY AT KOMARAPALAYAM NAMAKAL TAMILNADU,580,Namakkal,Tiruchengode,11.423503,77.685261,2018-12-15 08:30:00,0.865461445095243,289.3745231991818,5.997169298191645,271.2176477044087,7.148627512022788,,108.35911427252303,,,0.43759397361566427,59.12187783527918,,29.14713378843426,,0.7992075225520449,,,,,2018,12
1485,1485,CAUVERY AT KUMBAKONAM THANJAVUR TAMILNADU,586,Thanjavur,KUMBAKONAM,10.968137,79.378248,2018-12-15 08:30:00,3.0197224989388274,205.6686078329986,5.074878659147184,712.0717429397632,8.30814352977597,,276.88108880494735,,,0.290252592147553,96.22299863834476,,24.507269079213188,,1.8834538713390265,,,,,2018,12
1486,1486,CAUVERY AT MAYILADUTHURAI NAGAPATTINAM TAMILNADU,579,Nagapattinam,Mayiladuthurai,11.104894,79.651871,2018-12-15 08:30:00,,90.26711730525506,8.086390403843284,494.031907268906,7.639839814654314,,235.01388468534122,,,0.0687322528934403,98.85856911524058,,19.769607646116235,,1.9753463898898143,,,,,2018,12
1487,1487,CAUVERY AT METTUR,584,Salem,METTUR,11.796255,77.806971,2018-12-15 08:30:00,,137.33500651775944,6.850508501581832,577.3724304785375,7.018828931374125,,263.4907743783163,,,,90.55299028565355,,38.480753790221584,,0.7782718117628777,,,,,2018,12
1488,1488,CAUVERY AT MOHANUR NEAR PATTAIPALAYAM TAMILNADU,580,Namakkal,NAMAKKAL,11.064392,78.120358,2018-12-15 08:30:00,,249.90891298577137,8.141826828498294,648.2515987164295,7.206313381090722,,139.89368965568138,,,,77.46052560964682,,27.59696136205031,,2.522908172823887,,,,,2018,12
1489,1489,CAUVERY AT MUSIRI,591,Tiruchirappalli,MUSIRI,10.955345,78.443949,2018-12-15 08:30:00,0.23477627937611523,117.32766551976972,6.440991458875336,912.2015506316807,8.351904448622983,,224.6828997458027,,,0.08971022743018103,73.35922731027796,,39.091199891218345,,1.3279906543134958,,,,,2018,12
1490,1490,CAUVERY AT PALLIPPALAYAM,580,Namakkal,Tiruchengode,11.368215,77.741107,2018-12-15 08:30:00,0.256451286705776,166.3438916063709,6.0754189685453825,178.98888861072237,7.833173273334494,,147.14410139223475,,,,113.82442194715733,,5.0,,1.9430140280606198,,,,,2018,12
1491,1491,CAUVERY AT PETTAIVAITHALAI TRICHY TAMILNADU,591,Tiruchirappalli,SRIRANGAM,10.906389,78.489697,2018-12-15 08:30:00,,90.33992129538821,5.391919432969903,413.4884190759566,7.085510218801103,,174.7900461290569,,,,139.38957020148075,,42.64187479495404,,1.3431453831505287,,,0.09769688457618603,,2018,12
1492,1492,CAUVERY AT PITCHAVARAM TAMILNADU,570,Cuddalore,CHIDAMBARAM,11.418828,79.772375,2018-12-15 08:30:00,0.8645210016092011,130.867339848649,4.985747067969818,715.5334714190949,7.225054062306689,,132.50025588523226,,,0.42889978151885155,60.325786675856904,,50.24100209787518,,1.3114809663191427,,,0.01036174456755081,,2018,12
1493,1493,CAUVERY AT PUGALUR KARUR TAMILNADU,576,Karur,KARUR,10.974467,78.180075,2018-12-15 08:30:00,1.1973713598876317,90.10233036076531,6.289544378814823,716.2712469871417,7.459185228535171,,119.6990251534315,,,0.06942621317835314,58.62803852598198,,30.74921777856992,,1.4959833711045976,,,,,2018,12
1494,1494,CAUVERY AT THANJAVUR TAMILNADU,610,Ariyalur,Sendurai,11.34,79.24,2018-12-15 08:30:00,2.853633629330403,129.4315258210674,5.48709192680585,830.8416392233248,7.136933849455241,,138.09613096095103,,,0.08493479524403678,80.00576371569977,,48.52760158075989,,0.9758174543209945,,,,,2018,12
1495,1495,CAUVERY AT THIRUMUKKUDAL-CONFL. PT.OF R. AMRAVATI TAMILNADU,576,Karur,KARUR,11.050024,78.120645,2018-12-15 08:30:00,,234.09874064638117,5.697324209924942,376.9165024487747,7.180930157366767,,95.16826911233686,,,,60.982121376453016,,41.70981003697524,,1.6581802554638578,,,,,2018,12
1496,1496,CAUVERY AT TIRUCHIRAPPALLI D/S TAMILNADU,591,Tiruchirappalli,SRIRANGAM,10.766809,78.665272,2018-12-15 08:30:00,0.9299116978750963,79.94548801529027,7.660899621433629,364.82973313687194,7.7531483137371096,,146.22259391921733,,,0.02349660527644384,55.593057525064836,,32.20632956839835,,0.6413809630149023,,,0.3370740789586999,,2018,12
1497,1497,CAUVERY AT TIRUCHIRAPPALLI U/S TAMILNADU,591,Tiruchirappalli,TIRUCHIRAPPALLI,10.833263,78.718224,2018-12-15 08:30:00,0.8172728044984894,217.09166833571823,5.372254029998115,481.11173396562054,7.690767990210256,,28.65732926534679,,,,10.0,,40.59462924889919,,1.004087947960449,,,,,2018,12
1498,1498,CAUVERY AT TRICHY GRAND ANAICUT TAMILNADU,586,Thanjavur,Thiruvaiyaru,10.830327,78.81177,2018-12-15 08:30:00,0.2442528608889563,99.44918167169875,7.00767612934958,611.8900236276257,7.036934620843264,,205.49728430676848,,,0.017789344036103313,87.04536666491535,,15.951524722497428,,0.05417801141438772,,,,,2018,12
1499,1499,CAUVERY AT URRACHIKOTTAI ERODE TAMILNADU,580,Namakkal,Tiruchengode,11.354178,77.750436,2018-12-15 08:30:00,0.5392257265088376,248.03178391114355,6.589617967345087,229.7497372652671,7.0817650943179435,,139.98409969619598,,,0.23368289531503939,156.35674426429938,,34.92346225904104,,2.3282498452725164,,0.029776333677354796,,,2018,12
1500,1500,CAUVERY AT VAIRAPALAYAM NAMAKAL TAMILNADU,580,Namakkal,Tiruchengode,11.361583,77.742411,2018-12-15 08:30:00,0.36968758803953533,220.9822312537338,4.362942031903638,461.0938881106775,6.900811610375903,,173.8565778205794,,,0.07338775134335547,154.87958792701986,,24.756894964761674,,1.9406437132768475,,,,,2018,12
1501,1501,CAUVERY AT VELORE NEAR KATTIPALAYAM TAMILNADU,580,Namakkal,Paramathivellur,11.18,78.01,2018-12-15 08:30:00,,158.76184183565036,5.194983183658785,674.3634387246461,7.252926794517522,,246.61930492780962,,,0.48680765285268535,50.21558653024056,,29.160477761192084,,1.7403578371476716,,,0.01,,2018,12
1502,1502,CHENNAI-1 NESAPAKKAM (ZONE-IV),568,Chennai,CHENNAI,13.035832,80.193265,2018-12-15 08:30:00,,228.3914345217471,7.127320090840062,653.5639209308096,8.350225948288088,,273.7365822790259,,0.02,,64.9242354000932,,25.196778991910648,,0.6796208004326264,,,0.029125406035489465,,2018,12
1503,1503,CHENNAI-2 PERUNGADI(ZONE-V),574,Kancheepuram,KANCHEEPURAM,12.9566,80.23435,2018-12-15 08:30:00,,157.07682845329737,6.1063155555623885,460.7104546783396,7.276167903176145,,152.75631133103772,,,,118.88444829757609,,30.99690528056619,,1.5118781195019357,,0.02030708000866282,,,2018,12
1504,1504,CHENNAI-3KODUNGAIYUR (ZONE I&II),568,Chennai,CHENNAI,13.138808,80.260799,2018-12-15 08:30:00,0.3933576300417055,237.8990062460935,6.869553862496354,392.173205444718,7.431401315996848,,264.0042478424837,,,,116.64614601456904,,43.22187399860827,,0.01,,0.0037991391592886066,,,2018,12
1505,1505,CHENNAI-4 KOYAMBEDU (ZONE-III),568,Chennai,CHENNAI,13.0642,80.200156,2018-12-15 08:30:00,,168.20007758470945,7.218679531664919,734.8193268228284,7.476125093672839,0.003108540724893652,113.9029699732494,,,0.09069239945629068,108.27975217668694,,43.80856973495788,,1.9433030900252457,,,,,2018,12
1506,1506,CHENNAI WATERWAYS AT BUCKINGHAM CANAL (ICE HOUSE),568,Chennai,CHENNAI,13.050823,80.278958,2018-12-15 08:30:00,,60.989898778331636,5.663505304639164,434.0876197134925,7.487677468543519,,216.51644627254288,,,,48.93738018785936,,21.17250376990132,,0.6391491752166503,,0.00944199710592821,,,2018,12
1507,1507,CHENNAI WATERWAYS AT BUCKINGHAM CANAL (TIDAL PARK),568,Chennai,CHENNAI,12.988133,80.25192,2018-12-15 08:30:00,,193.96622926902805,6.902262015460846,657.6291326558509,7.326862415895685,,167.91543849854992,,,,165.96114145517026,,33.204315044343204,,1.3866300652459034,,,,,2018,12
1508,1508,CHENNAI WATERWAYS AT BUCKINGHAM CANAL X OTTERI NULLAH CONFLUENCE (GMR VASAVI INDUSTRIES),568,Chennai,CHENNAI,13.10524,80.271091,2018-12-15 08:30:00,0.3399224357264708,267.93637459752983,6.49411822768343,238.3302877277691,7.314998430678764,,159.76551148445418,,,,57.42006759172177,,22.436150830311174,,0.6466441413789562,,,,,2018,12
1509,1509,CHENNAI WATERWAYS AT CAPTAIN COTTON CANAL (ERUKANJERI),568,Chennai,CHENNAI,13.126266,80.256935,2018-12-15 08:30:00,0.420685747663604,10.0,5.892843090825442,350.4584014842989,7.932467593740765,0.001,306.17416597140016,0.01,,0.270890156240179,109.46084374816503,,54.9619481442261,,0.7946423225284993,,,0.010211854372545057,,2018,12
1510,1510,CHENNAI WATERWAYS AT CC X BC CONFLUENCE (KODUNGAIYUR),568,Chennai,CHENNAI,13.136803,80.249192,2018-12-15 08:30:00,,49.74909455316745,7.5827909133564635,534.4041052506935,7.344752858440936,,168.21161250523738,,,,64.0308620758165,,41.05379257319035,,0.144662433734301,,0.007155772669647587,,,2018,12
1511,1511,CHENNAI WATERWAYS AT MAMBALAM DRAIN (GOLF COURSE),568,Chennai,CHENNAI,13.022221,80.233657,2018-12-15 08:30:00,,305.44818083710413,5.597318556167069,675.8122629696121,7.666827864241308,0.002711285609387514,91.3579519221008,,,,92.02168975340592,,50.759090897199385,,0.5668258859897171,,0.002962906127063495,0.06651884288844237,,2018,12
1512,1512,CHENNAI WATERWAYS AT MAMBALAM DRAIN (USMAN ROAD),568,Chennai,CHENNAI,13.028381,80.227747,2018-12-15 08:30:00,,80.64964361484263,5.354348199568493,391.3540973156232,7.014754627653247,,317.2851356249081,0.01,,0.026303285218947384,171.87972837977165,,28.63330923939952,,0.5573264197676197,,,,,2018,12
1513,1513,CHENNAI WATERWAYS AT OTTERI NULLAH (KILPAUK GARDEN),568,Chennai,CHENNAI,13.086538,80.234507,2018-12-15 08:30:00,0.6474924726356741,260.66177263002226,7.071212960078751,162.49930494454736,6.600231290589659,,118.24878462280229,,,0.1354083296677747,75.34714448248587,,29.79840935120915,,1.5521984241683184,,,0.31167606452960084,,2018,12
1514,1514,CHENNAI WATERWAYS AT OTTERI NULLAH (ORIGIN),568,Chennai,CHENNAI,13.099796,80.196273,2018-12-15 08:30:00,0.10456134769651375,359.77586333753106,6.0959083639425256,629.1547592049321,7.954813364004868,,132.55138114199855,,,,91.89679408365596,,39.43793771895172,,1.2841279854809697,,,,,2018,12
1515,1515,COLLECTOR WELL AT THIRUPUVANAM FOR MADURAI WAT. SUPPLY SCHEME TAMILNADU,585,Sivaganga,Sivagangai,9.826111,78.257297,2018-12-15 08:30:00,,226.0210882501911,5.901225508332938,513.110045420257,6.620903939505658,,161.50847943180077,,,0.021011568441201098,108.18324991939217,,19.323821231577185,,1.2460982105276763,,,,,2018,12
1516,1516,ERAL - CHARMAM ARUNACHALA SWAMY TEMPLE WEST OF BORE WELL,594,Thoothukudi,Thoothukudi,8.621439,78.016285,2018-12-15 08:30:00,1.0894559131431414,214.03632098713078,6.698048763845287,484.8809236951214,7.038079435347763,,174.2963319227218,,,0.08006777945948867,54.589504011860825,,50.655717047173255,,0.01,,,,,2018,12
1517,1517,ERODE-1,573,Erode,ERODE,11.333111,77.747343,2018-12-15 08:30:00,,20.140753323769758,3.344154997689081,410.7598516809637,7.2809439353280565,,259.40214198185544,,,0.39902450159580166,87.88798112998849,,58.98338105157288,,3.690601342318633,,,0.24225874250468338,,2018,12
1518,1518,ERODE-2,573,Erode,ERODE,11.338655,77.74513,2018-12-15 08:30:00,1.3374731785298055,82.59123732662181,7.267235412183956,1076.3421095706808,8.172911092269944,,169.28800210536372,,0.02,,140.13428885690195,,28.409845591243748,,0.6202606306541562,,,,,2018,12
1519,1519,HOUSE OF THIRU MURUGAN S/O. ESAKKI NO.16B MEENAKSHIPURAM ANNA NAGAR TIRUNELVELI,592,Tirunelveli,TIRUNELVELI,8.727206,77.709638,2018-12-15 08:30:00,0.31278246553305555,53.99904812750508,5.491478284796352,363.7614025467027,8.192282615581021,,139.62379068667673,,,0.050243900348039786,94.59187334967955,,54.86528438800616,,1.349681229777818,,,,,2018,12
1520,1520,KAKKADAVU KERALA,569,Coimbatore,POLLACHI,10.742228,77.060508,2018-12-15 08:30:00,,176.5506337013322,5.235451043188945,325.4233348362647,7.946978062260386,,225.11520138852032,,,0.11949883933473278,61.38808459313612,,24.49801202370051,,1.7406931263499699,,,0.02905810780644212,,2018,12
1521,1521,KARUR,576,Karur,KARUR,10.955411,78.055554,2018-12-15 08:30:00,0.92253079725855,204.3346531709846,5.6525319751183085,465.12758518585224,8.34466228366479,,155.41385173204813,,,,64.33078249912583,,30.80355321418907,,1.961021911101225,,,,,2018,12
1522,1522,KODAI KANAL LAKE TAMILNADU,572,Dindigul,KODAIKANAL,10.233619,77.485653,2018-12-15 08:30:00,1.029018377024626,42.49407087720046,6.6866300451003875,229.24456163318962,7.7174968541581945,,117.6508943155788,,,0.1409409147736373,116.75783214528688,,58.82768968422082,,0.01,,,0.024291371622695557,,2018,12
1523,1523,KOMBUPALLAM SATHYAMANGALAM,573,Erode,SATHYAMANGALAM,11.509621,77.230116,2018-12-15 08:30:00,,227.44064669889048,8.665338766384549,428.34203088111536,7.528825200386848,,235.1582464653119,,,,10.0,,51.725412107858794,,1.8992912654542882,,,,,2018,12
1524,1524,KUMBAKONAM,586,Thanjavur,THANJAVUR,10.78627,79.15819,2018-12-15 08:30:00,1.5726127119607505,140.67765482977774,5.912183092241796,1030.382588721868,7.150291908505101,,69.85008550056142,,,,82.4908848408121,,51.84977560239648,,1.5947858551775083,,,,,2018,12
1525,1525,LOCATED ADJACENT TO KARU MSW DUMP SITE AND ON THE NORTHERN BANK OF RIVER AMARAVATHI AND DOWNSTREAM,576,Karur,KARUR,10.951185,78.035374,2018-12-15 08:30:00,0.27034070574066515,57.97059323307404,5.678842424715359,50.57255624630676,8.53249095010724,,122.85170762200141,,,0.5599512978985826,121.30028251882504,,41.17011278883126,,0.58293908675411,,,,,2018,12
1526,1526,LOCATED ON THE SOUTHERN BANK OF RIVER AMARAVATHI AND DOWNSTREAM SIDE OF KARUR DYEING CLUSTER,576,Karur,KARUR,10.917543,78.009517,2018-12-15 08:30:00,,147.6216407689831,6.587227355642519,442.1017145279763,7.608550222152228,,241.6154112981158,,0.02,0.1787365750639631,41.96565752648533,,27.593782824203327,,0.8253210491524403,,,0.049096798717210545,,2018,12
1527,1527,MADUKARAI,596,Viluppuram,Viluppuram,11.871427,79.603728,2018-12-15 08:30:00,2.325547679738813,124.8931906525326,7.281772696049013,487.39912912387837,7.288543343856575,,107.39017430607242,,,,43.37361682331273,,18.641717590479686,,2.4697806030604452,,,0.24576439212521742,,2018,12
1528,1528,MAYILADUTHURAI,589,Tiruvallur,TIRUVALLUR,10.812621,79.608435,2018-12-15 08:30:00,1.6027337776668862,296.8994360226049,4.724162113389424,511.26093367843026,7.134474496912374,,297.69308859635316,,,0.10288872035484783,54.90844712954127,,38.879821430179135,,0.8904127206738476,,,,,2018,12
1529,1529,M. KALIAPPAN SANGILIMUNIYAPPAN KOVIL ERIKKADU METTUR,584,Salem,Sankari,11.478265,77.881114,2018-12-15 08:30:00,,60.37245639601699,8.034013041987116,452.0506943151347,6.933722725285498,,175.2528555850651,,,,107.43232260643963,,5.0,,1.1633511645455357,,,0.015671304080699985,,2018,12
1530,1530,MUNICIPAL CORPORATION BORE WELL LOCATED IN PERUMALPURAM STREET NARANAMMALPURAM TIRUNELVELI,592,Tirunelveli,PALAYAMKOTTAI,8.698363,77.738123,2018-12-15 08:30:00,,186.33131844467084,6.492427563602323,766.9319762574655,7.683239561187544,,176.28404866533592,,,,136.75538565734715,,60.79786730805093,,0.923276222236797,,,0.022951987690437724,,2018,12
1531,1531,OVER HEAD TANK AT TIRUR VILLAGE TIRUVALLUR TALUK TIRUVALLUR PANCHAYAT UN,589,Tiruvallur,TIRUVALLUR,13.106545,79.960588,2018-12-15 08:30:00,0.7279021316827051,156.15920807556145,3.978676591696488,553.8581709603259,6.454611406974701,,277.6115208191996,,,0.15111985843882553,76.72229361899556,,24.40884774975663,,0.6596828104209095,,,,,2018,12
1532,1532,PALAR AT VANIYAMBADI WATER SUPPLY HEAD WORK TAMILNADU,595,Vellore,VANIYAMBADI,12.679231,78.595417,2018-12-15 08:30:00,,10.0,6.658770824826242,935.8366181547716,6.8692171445117705,,215.7198762942417,,,,86.34599834142125,,41.874590060054175,,1.0871874252082463,,,,,2018,12
1533,1533,PARAMASIVAM WATER SERVICE STATION BLOCK NO.13 BSNL EXCHANGE OPPOSITE METTUR DAM - 636 402.,584,Salem,METTUR,11.803279,77.804723,2018-12-15 08:30:00,,117.65555866628975,6.452958568762696,507.29898353729396,7.220820294969177,,236.71258496923656,,,0.05000709189841367,82.07599857343325,,16.363233945591176,,2.123852095610878,,,,,2018,12
1534,1534,PERUR CHETTIPALAYM PANCHAYAT LOCATED ADJACENT TO NOYYAL RIVER AT PERUR-VEDAPATTY ROAD (OPP VINAYGAR,573,Erode,ERODE,11.128875,77.39572,2018-12-15 08:30:00,,169.80818705382566,9.612062894539221,338.6169410070636,7.586106867338872,,140.77671746526403,,,0.8955186971365302,10.0,,47.51920687874,,2.1966872649506763,,,,,2018,12
1535,1535,POONDI LAKE AT THIRUVALLUR TAMILNADU,589,Tiruvallur,TIRUVALLUR,13.169731,79.888236,2018-12-15 08:30:00,0.20274529994831547,293.6707523886744,7.891764035193099,428.5448903499711,7.424703019331621,,255.8613970924947,,,,85.26278140349362,,40.595219099274956,,1.7584394066518585,,,0.01,,2018,12
1536,1536,PORUR LAKE AT THIRUVALLUR TAMILNADU,589,Tiruvallur,TIRUVALLUR,13.033945,80.148344,2018-12-15 08:30:00,,47.40028954112064,7.67012857194657,288.8757959690824,6.644356359475798,,131.68477512600458,,,,89.0019451111098,,31.351039470139934,,1.171489151254665,,,,,2018,12
1537,1537,PULICATE LAKE AT THIRUVALLUR TAMILNADU,589,Tiruvallur,TIRUVALLUR,13.427023,80.292679,2018-12-15 08:30:00,,144.53930475008755,6.445060260847659,561.3184746449572,8.0912633158522,,154.23682281749578,,,0.8296099216313645,98.23051573033649,,32.31374093302905,,1.5339376249996852,,,,,2018,12
1538,1538,REDD HILLS AT THIRUVALLUR TAMILNADU,589,Tiruvallur,TIRUVALLUR,13.193092,80.172867,2018-12-15 08:30:00,,137.9690933245323,4.745560629091919,448.85502447563226,7.269481240548742,,215.9524504978743,,,0.049838539839380684,56.01271030360299,,16.735802744784856,,2.6790992443858,,,,,2018,12
1539,1539,RIVER ADYAR AT EKKATTUTHANGAL,574,Kancheepuram,KANCHEEPURAM,13.026747,80.192542,2018-12-15 08:30:00,,223.57199394565532,7.383346798851951,40.0,7.252135948865666,,132.44382390854972,,,,120.5104102269856,,31.287498029958456,,1.0366910580081907,,,,,2018,12
1540,1540,RIVER ADYAR AT JAFERKHANPET,574,Kancheepuram,KANCHEEPURAM,13.02849,80.20247,2018-12-15 08:30:00,,91.98471757167987,7.263850445690801,718.0937983535892,7.7299471269297175,,185.26393893170584,,,,44.44825036121108,,21.976908036883863,,0.01,,,,,2018,12
1541,1541,RIVER ADYAR AT KOTTURPURAM BRIDGE,568,Chennai,CHENNAI,13.025906,80.243554,2018-12-15 08:30:00,,120.89271292988575,6.852011708054689,282.9666099761647,7.9179890871404055,,119.71814142524894,,,,81.81032940409347,,31.56459001114276,,0.8575585726811337,,,,,2018,12
1542,1542,RIVER ADYAR AT MARAIMALAI BRIDGE,574,Kancheepuram,KANCHEEPURAM,13.02724,80.208104,2018-12-15 08:30:00,0.27450662548000265,201.2274229016797,5.200157980178478,379.79402026646125,7.749094423377227,,242.1555340264181,,,0.0676033034436194,61.35817117092633,,16.07905508569651,,0.9178393639971143,,,,,2018,12
1543,1543,RIVER ADYAR AT NANDAMBAKKAM,574,Kancheepuram,KANCHEEPURAM,12.965867,80.109983,2018-12-15 08:30:00,0.6558113602650331,165.98646000389124,4.031027560994778,857.835683425455,7.132174377541832,,143.03491329960718,,,,47.769825990004776,,48.977550930280174,,1.7069588122900083,,,,,2018,12
1544,1544,RIVER ADYAR BEFORE GOLF COURSE,574,Kancheepuram,Tambaram,12.938473,80.094802,2018-12-15 08:30:00,0.8879437657375708,10.0,6.648738135902399,40.0,6.837171447593577,,226.10648055789898,,,0.09205148989687457,63.747291549522735,,52.70476981606464,,0.5121444365340937,,,,,2018,12
1545,1545,RIVER ADYAR NEAR BOAT CLUB,568,Chennai,CHENNAI,13.023184,80.247552,2018-12-15 08:30:00,,47.64839016363037,4.524510381072499,718.2972459086169,7.761492219232023,,198.63468158484687,,,0.17669130022116314,43.4744285995425,,22.27200053672223,,0.3173658057402988,,,,,2018,12
1546,1546,RIVER CAUVERY AT BHAWANI D/S,573,Erode,ERODE,11.422026,77.679686,2018-12-15 08:30:00,,168.08423480592828,5.279305556855791,668.1622032173765,6.818165294418413,,128.79428663968238,,,0.3723376705400837,96.86335348603211,,42.678222412106194,,2.309424525828169,,,,,2018,12
1547,1547,RIVER CAUVERY AT ERODE U/S,573,Erode,ERODE,11.369068,77.727294,2018-12-15 08:30:00,0.3272908007526282,115.79105013148995,6.362995678687423,315.7670559723681,7.077231242370044,0.008817993036870433,55.94733748044733,,,0.02080163741092337,129.3748627783714,,14.494721763252507,,1.75874622565038,,,0.1781730850014917,,2018,12
1548,1548,RIVER CAUVERY AT KARUR U/S,576,Karur,KARUR,11.008673,78.159341,2018-12-15 08:30:00,,29.57066233076597,4.447469179846209,428.49670702543017,7.818532606686005,,280.0311786470637,,,,105.17982707421226,,24.958738605438135,,1.8842353705618506,,,,,2018,12
1549,1549,RIVER CAUVERY AT KUMARAPALAYAM U/S,580,Namakkal,Tiruchengode,11.427111,77.686922,2018-12-15 08:30:00,,90.47998485987742,6.00697136103623,672.0027505801716,7.292983753033211,,285.8660029119327,,,0.2876073414723102,105.33069285853395,,64.92870828806294,,0.9790316950397393,,,,,2018,12
1550,1550,RIVER CAUVERY AT KUMBAKONAM D/S,586,Thanjavur,KUMBAKONAM,10.964811,79.351278,2018-12-15 08:30:00,0.33809873007123675,95.78711650595602,7.685715180292025,662.8550588800186,8.08976590954554,,153.58370108269074,,,0.092135552520396,18.408439942689483,,59.17031567759069,,0.5300943325203401,,,,,2018,12
1551,1551,RIVER CAUVERY AT MAYILADUTHURAI D/S,579,Nagapattinam,Mayiladuthurai,11.105488,79.647969,2018-12-15 08:30:00,0.5134662576507356,266.5888407491955,4.6193600762873945,650.8746232759325,8.07284057349296,,150.518521215549,,,0.887973385661907,88.19583811852193,,14.796635087572817,,1.0644946212331385,,,0.012597968108287262,,2018,12
1552,1552,RIVER CAUVERY AT PALLIPALAYAM D/S,580,Namakkal,Tiruchengode,11.365347,77.741652,2018-12-15 08:30:00,,16.446119528135412,5.531374916796594,489.4094338534578,6.850767821560205,,202.032606073458,,,,125.23993358530728,,51.47399532507958,,0.01,,,0.07346331626458255,,2018,12
1553,1553,RIVER COOUM AT AMANJIKARAI,568,Chennai,CHENNAI,13.068081,80.231405,2018-12-15 08:30:00,0.19899798732256968,100.62085234567459,5.56709882936097,366.89148585367417,6.834454393493221,,178.13229852278852,,,,111.9609884331925,,5.0,,1.1564232663218306,,,,,2018,12
1554,1554,RIVER COOUM AT ANNA NAGAR,568,Chennai,CHENNAI,13.07865,80.207011,2018-12-15 08:30:00,,245.16600897597337,6.653768507614412,519.5412862013379,7.381512992326572,,254.80973567896692,,,0.17432475052376772,79.92814503517177,,61.52306939053855,,1.7557153426703298,,,,,2018,12
1555,1555,RIVER COOUM AT ARUMBAKKAM,568,Chennai,CHENNAI,13.074866,80.221849,2018-12-15 08:30:00,0.1529209620069269,56.539686825555904,5.217668645137998,933.3662788032019,7.638397625726827,,65.31790748157493,,,,99.58310784111032,,29.9327231731321,,0.8918025519256101,,,,,2018,12
1556,1556,RIVER COOUM AT COLLAGE ROAD,568,Chennai,CHENNAI,13.070824,80.249921,2018-12-15 08:30:00,0.05,191.13736128382936,6.848954968675708,171.11913473770318,6.580600411044288,,249.57141679614654,,,,85.56331439207105,,36.17710676782916,,0.7556712103869279,,,,,2018,12
1557,1557,RIVER COOUM AT NAPIER BRIDGE,568,Chennai,CHENNAI,13.069423,80.284355,2018-12-15 08:30:00,0.13052251931407555,56.09770218413984,7.1668420874475,160.90925450565823,6.9069017301005236,,266.3866921664535,,,0.041957313289865454,44.89299697277041,,23.22297123266155,,0.01,,,0.055944372451320085,,2018,12
1558,1558,RIVER COOUM AT POONAMALLE,589,Tiruvallur,TIRUVALLUR,13.065634,80.113691,2018-12-15 08:30:00,0.23305830043584638,203.28478439546456,5.778893680495621,763.0024628617304,6.805119655131353,,176.28951485072707,,,,163.7214095723273,,13.50831913923508,,0.6577557794021834,,,,,2018,12
1559,1559,RIVER COOUM NEAR CENTRAL JAIL,589,Tiruvallur,TIRUVALLUR,13.169913,80.21808,2018-12-15 08:30:00,,76.88104092999129,6.752786828037815,317.02589104781157,7.839609470037428,,242.2300410740527,,,0.24087406651475676,66.09864058871901,,13.527611373201534,,0.6029216852824955,,,,,2018,12
1560,1560,RIVER LOCATIONS AT KUMARAPALAYAM,580,Namakkal,Tiruchengode,11.447221,77.691963,2018-12-15 08:30:00,0.05,97.57282341259356,6.555498874478602,403.39386778147195,7.67474612148381,,159.48198423667324,,,,61.41178821955082,,33.139704012496516,,0.959409072373308,,,,,2018,12
1561,1561,RIVER TAMRABARANI AT TIRUNELVELI D/S,592,Tirunelveli,TIRUNELVELI,8.78198,77.79011,2018-12-15 08:30:00,,166.2558646229669,7.151527114405866,40.0,7.36093068082042,,145.5837393070672,,,,10.0,,45.18191079017315,,0.21889578259481035,,,,,2018,12
1562,1562,RIVER VAIGAI AT MADURAI D/S,578,Madurai,MADURAI SOUTH,9.92812,78.125036,2018-12-15 08:30:00,0.7905190896409651,125.65576173318715,6.516602867866873,291.5641611904398,7.083318369473767,,192.57376165399918,,,,120.12822261746581,,50.10646121703071,,0.8956251711061324,,,,,2018,12
1563,1563,RIVER VAIGAI AT MADURAI U/S,578,Madurai,MADURAI SOUTH,9.927433,78.121013,2018-12-15 08:30:00,,175.7909982969548,5.4466672322770275,450.9964440313428,7.2255075847327,,177.20866060021694,,,,57.90551085112923,,38.76837794337707,,0.6194659176935835,,,,,2018,12
1564,1564,RIVER VENNAR AT THANJAVUR D/S,586,Thanjavur,THANJAVUR,10.816856,79.140224,2018-12-15 08:30:00,0.1849675494343242,115.33596301895423,6.187252242634116,508.5907465663002,7.520977875601302,,262.0338947645582,,,,49.51324604379987,,46.56633720478391,,0.5455981997441471,,,,,2018,12
1565,1565,SAKTHI NAGAR NEAR MUNICIPALITY SEWAGE TREATMENT PLANT KOMPURANKADU METTUR,574,Kancheepuram,SRIPERUMBUDUR,13.00996,80.162403,2018-12-15 08:30:00,0.2814611326171828,140.72049274053208,8.423132926254983,418.5789294489285,7.443412769510394,,76.52305140503246,,,0.41270259865454667,65.57952594802254,,37.337672010772664,,1.6837111076396445,,,,,2018,12
1566,1566,SARABANGA AT SALEM D/S OF TEXTILE DYEING INDUSTRIES EFFLUENT TAMILNADU,584,Salem,SALEM,11.649094,78.148011,2018-12-15 08:30:00,0.5629533146560652,116.83867662147512,7.495068302764534,564.5233750856514,7.023647675150918,,125.66701799225432,,,,96.57804291402634,,9.37993769213504,,0.4052531206935074,,,,,2018,12
1567,1567,SRIVAIKUNDAM - BLOCK DEVELOPMENT OFFICE - OPEN WELL,594,Thoothukudi,Thoothukudi,8.625282,77.907778,2018-12-15 08:30:00,,121.7585242114882,6.442883305857792,509.5019719207225,7.252350820237892,,173.1939931995658,,,,95.60428378048972,,26.71057841909635,,1.4249321143156934,,,,,2018,12
1568,1568,SRIVAIKUNDAM - TNEB SUB STATION 33 KVA OPPOSITE TO TIRUNELVELI MAIN ROAD OPEN WELL,592,Tirunelveli,NANGUNERI,8.575329,77.769134,2018-12-15 08:30:00,,256.8565322266935,7.065095676269542,755.5413711118973,8.028588751873537,,244.26802936382472,,,0.010868743507256029,61.96866282627965,,26.581084222086048,,1.1204685685473583,,,,,2018,12
1569,1569,SURIYAMPALAYAM BOREWELL (HAND PUMP) OWNED BY ERODE CORPORATION LOATED OPPOSITE TO M/S. PIONEER PROC,573,Erode,ERODE,11.408563,77.685422,2018-12-15 08:30:00,,79.59033716963239,5.410691975030759,305.7668324938534,7.488410937963168,0.019218961820106226,218.53262508013285,,,0.10270592945462827,118.67435290834148,,5.0,,2.357716662296214,,0.001,0.15589171164217663,,2018,12
1570,1570,TAMBIRAPARANI AT ARUMUGANERI TAMILNADU,594,Thoothukudi,Thoothukudi,8.624431,78.068808,2018-12-15 08:30:00,1.1674330578135879,324.90382214168847,6.913531184712932,932.1894730511783,7.435583236083176,,20.0,,,0.18288505052720655,108.81981202887894,,38.352544278222794,,0.6886270873706225,,,,,2018,12
1571,1571,TAMBIRAPARANI AT BDG.NR. MADURA COATS LTD.PAPAVINASAM TAMILNADU,592,Tirunelveli,AMBASAMUDRAM,8.663294,77.422222,2018-12-15 08:30:00,0.3365798939983717,63.1727810664724,8.957322548704145,404.3783344740282,7.042670871345593,,216.60095365514007,,,,120.83738421473294,,69.38762912673066,,1.8773052968265243,,,0.05661635251287228,,2018,12
1572,1572,TAMBIRAPARANI AT CHERANMADEVI CAUSE WAY TAMILNADU,592,Tirunelveli,AMBASAMUDRAM,8.700586,77.56595,2018-12-15 08:30:00,,150.78004270134426,8.960475981333811,348.46711024392016,7.574675615045274,,136.1094827322299,,,0.201129032558124,90.8059478468142,,17.99215097976772,,3.0837691181952733,,,0.12911932950775754,,2018,12
1573,1573,TAMBIRAPARANI AT ERAL THOTHUKUDI TAMILNADU,594,Thoothukudi,Thoothukudi,8.620606,78.022839,2018-12-15 08:30:00,0.4027059581220511,225.5640500361094,6.135193697453556,871.6406340668977,7.612170580302035,,163.73655460758408,,,,78.92168417768673,,41.09794683019296,,1.3874982106707228,,,,,2018,12
1574,1574,TAMBIRAPARANI AT KALLIDAI KURICHI TIRUNELVELI TAMILNADU,592,Tirunelveli,AMBASAMUDRAM,8.69375,77.462681,2018-12-15 08:30:00,0.36467691653123446,92.11119369256288,7.688959262580923,195.6058821041164,6.884023258221369,,87.11294857392697,,,,97.40832544980653,,32.77132383327914,,0.8483001867724945,,,,,2018,12
1575,1575,TAMBIRAPARANI AT MURAPPANADU TAMILNADU,594,Thoothukudi,Thoothukudi,8.721606,77.832797,2018-12-15 08:30:00,0.2919578477362869,299.78855270796754,4.86994727779515,946.7396937364365,7.140463478539005,,275.15523428473296,,,0.42959363047821225,108.861666568179,,64.81006807184643,,0.6524324084684011,,,,,2018,12
1576,1576,TAMBIRAPARANI AT PAPPANKULAM TAMILNADU,592,Tirunelveli,AMBASAMUDRAM,8.758606,77.424597,2018-12-15 08:30:00,0.5390882665337199,176.20024152506863,6.79069307898758,40.0,7.106970667748701,,86.66729641884785,,,,81.34474958288227,,50.848663416454045,,2.763730034769992,,,,,2018,12
1577,1577,TAMBIRAPARANI AT RAIL BDG. NR. AMBASAMUDAM TAMILNADU,592,Tirunelveli,AMBASAMUDRAM,8.729581,77.467289,2018-12-15 08:30:00,,114.7182411243177,6.5500057065672275,190.08292245299185,7.36098763088658,,148.56496548083214,,,,35.50980068501489,,32.27451077624432,,2.4548271509674615,,,,,2018,12
1578,1578,TAMBIRAPARANI AT SIVALAPERI CONFLUENCE POINT OF KUTTRALAM FALLS D/S OF PALAYAMKOTTAI TIRUNELVELI TA,592,Tirunelveli,PALAYAMKOTTAI,8.700031,77.690869,2018-12-15 08:30:00,0.9582790097155574,68.57444552646865,8.186838814372141,418.44759481493077,8.206544598946602,,111.6512050903445,,,,10.0,,48.322111790260166,,0.01,,,,,2018,12
1579,1579,TAMBIRAPARANI AT SRIVAIKUNTAM D/S OF SK ANAICUT TIRUNELVELI TAMILNADU,594,Thoothukudi,Thoothukudi,8.627358,77.909,2018-12-15 08:30:00,,256.3179017385627,6.566809167796071,534.3352707351282,6.527051309537319,,159.10739260323845,,,0.060405669875961736,121.48459108422637,,40.67162420245234,,2.850546735452464,,,,,2018,12
1580,1580,TAMBIRAPARANI AT TIRUNELVELI COLLECTORATE TAMILNADU.,592,Tirunelveli,TIRUNELVELI,8.734125,77.716764,2018-12-15 08:30:00,,48.1352454194637,6.7574940244546635,833.2095567058091,8.145476171618267,,145.2829163357984,,,0.030829789231190903,51.55802395604355,,8.115585827732591,,0.01,,,,,2018,12
1581,1581,TAMBIRAPARANI AT VELLAKOIL TIRUNELVELI TAMILNADU,592,Tirunelveli,TIRUNELVELI,8.718019,77.703531,2018-12-15 08:30:00,,101.5250130040596,8.91703318682542,197.0188288098167,7.662253634314454,,148.84505753737525,,,0.0689336289154318,98.29557956221838,,46.50729357899776,,2.2821665317576763,,,,,2018,12
1582,1582,THALAVAIPETTAI BHAVANI,573,Erode,BHAVANI,11.456295,77.615817,2018-12-15 08:30:00,0.9417031526886182,247.13337945933097,5.710536979175156,713.1147691394158,7.668431216647372,,235.36443869104556,,,,167.35942783177347,,19.603998749851556,,0.2745503234776151,,,,,2018,12
1583,1583,THANJAVUR,586,Thanjavur,THANJAVUR,10.786359,79.157779,2018-12-15 08:30:00,,114.94115413860348,5.696395448315523,590.9417186678214,8.257333209600615,,106.24351557442675,,,0.042830963551456394,35.90544743886991,,40.1665554624762,,1.6293225650218663,,,,,2018,12
1584,1584,THENPENNAIYAR AT CHOKKARASANAHALLI BRIDGE (BANGALORE),571,Dharmapuri,DHARMAPURI,12.863435,77.831855,2018-12-15 08:30:00,,129.56103083253626,4.706387250838878,715.5142360039086,7.6451682540978645,,219.55111764608068,,,,108.29990511715009,,13.427768715221543,,1.8102633164687314,,,,,2018,12
1585,1585,THIRUKKANUR,596,Viluppuram,Viluppuram,11.991116,79.639712,2018-12-15 08:30:00,,206.1331721201817,6.049645796343896,366.4591524925554,7.428325293443898,,206.02997041502078,,,0.06567458721626253,26.70780924057857,,42.62224997294702,,1.340330913461129,,,0.06280415430744002,,2018,12
1586,1586,THIRUMANIMUTHAR AT SALEM D/S OF SAGO & TEXTILE DYING INDUSTRIES TAMILNADU,584,Salem,SALEM,11.645876,78.120341,2018-12-15 08:30:00,,217.2851869148947,6.735347006465892,586.5776853848894,8.131541571482185,,274.25779481050006,0.01,,,73.07663586727364,,25.696112550485836,,1.998591284664272,,,,,2018,12
1587,1587,TIRCHIRAPPALLLI-SRIRANGAM,591,Tiruchirappalli,TIRUCHIRAPPALLI,10.822062,78.688706,2018-12-15 08:30:00,0.19367879301912827,76.87114714386809,5.82276749037916,120.47109154851722,7.72272648857598,,257.1359256892583,,,0.20754190240107592,91.12772562232311,,59.88288942241892,,0.5608808815254955,,,0.031006071932857704,,2018,12
1588,1588,TIRUNELVELI,592,Tirunelveli,PALAYAMKOTTAI,8.707446,77.742528,2018-12-15 08:30:00,0.35603158703148435,166.86538379739605,7.332221197070488,137.14342796631814,7.787741988045419,,160.5189462451268,,,,49.638545031804775,,47.49169832588667,,1.445165056519655,,,,,2018,12
1589,1589,UDHAGAMADALEM LAKE (OOTY) TAMILNADU,587,Nilgiris,Pandalur,11.400623,76.690453,2018-12-15 08:30:00,0.09545792888619938,49.23288425524029,6.166238794052219,980.7228638632461,7.168701674752248,,139.66287226012332,,,,104.97033942326658,,25.6060985533092,,1.1070261893988902,,,,,2018,12
1590,1590,VASISTA AT SALEM D/S OF SAGO INDUSRIES EFFLUENT TAMILNADU,584,Salem,SALEM,11.647853,78.138125,2018-12-15 08:30:00,,29.26978700172539,7.921634957457203,379.65715286114903,7.157535338496298,,184.07517445990445,,,0.31153541556860376,31.549214537945844,,64.26760328011517,,0.830307228960115,,,,,2018,12
1591,1591,VEERANAM LAKE AT CUDDALORE TAMILNADU,570,Cuddalore,KATTUMANNARKOIL,11.341111,79.523058,2018-12-15 08:30:00,0.34882650968154566,204.26297071619197,6.687590172746532,753.2105662674329,7.048015965199056,,156.6129710344085,,,0.42063257103857704,71.89569895631553,,41.226986023641196,,1.9250248961408167,,,,,2018,12
1592,1592,WELL AT KATTERIKUPPAM,596,Viluppuram,Viluppuram,12.001161,79.700722,2018-12-15 08:30:00,0.5458988211036242,52.69650067006296,6.275865435105679,282.87499399717444,7.746080778802756,,152.47479009481086,,,,68.73524219741863,,46.01426599106408,,1.9626838903378891,,,,,2018,12
1593,1593,WELL AT KOTHAPURINATHAM THIRUVANDARKOIL,596,Viluppuram,Viluppuram,11.930541,79.661783,2018-12-15 08:30:00,0.6612371702248927,176.7174591789598,6.061266417207117,288.4231999811429,7.2541849651196735,,201.986666699977,,,0.7836399722167178,44.21053810633325,,47.52273348691725,,1.26804257665879,,,,,2018,12
1594,1594,WELL AT MUSIRI TAMIL NADU,591,Tiruchirappalli,MUSIRI,10.954883,78.443933,2018-12-15 08:30:00,1.882467446751141,19.807105241156435,7.75143849147153,763.8379539694608,7.5073628845687725,,121.48044558909015,,,0.710242243211546,24.90301609425793,,33.87052653975528,,0.3596927141201548,,,0.04381188909017486,,2018,12
1595,1595,WELL AT VADAMATTAM KARAIKAL,589,Tiruvallur,TIRUVALLUR,10.963617,79.678261,2018-12-15 08:30:00,,110.1406448919093,6.911579560839582,703.9316570779472,7.4632503814430375,,146.41387470961755,,,0.11329831214725562,164.917928180516,,17.45476672557643,,2.848171258099745,,,0.010310649165195035,,2018,12
1596,1596,YERCAUD LAKE SALEM TAMILNADU,584,Salem,YERCAUD,11.783642,78.211153,2018-12-15 08:30:00,,224.60271042540302,7.72186451508135,354.7291507575584,6.873194322423338,,194.43787027640056,,,,111.57600996116201,,57.07976957148357,,1.6045048410024902,,,,,2018,12
1597,1597,ALWARTHIRUNAGARI - VETERINARY DISPENSARY WEST CAR STREET NEAR OVER HEAD TANK OF BORE WELL,594,Thoothukudi,Thoothukudi,8.605592,77.944361,2019-01-15 08:30:00,,35.238513224465876,6.77815131515111,694.6990244677236,7.8514116514875045,,209.6853705547656,,,,79.78340692731553,,30.55718005142197,,0.9396365368759949,,,,,2019,1
1598,1598,AMRAVATI AT 1KM D/S FROM EFF.DIS. PT. AT MADHUTHUKKULAM,572,Dindigul,PALANI,10.541244,77.368656,2019-01-15 08:30:00,0.216035878851175,72.69311865581031,7.330939511653058,451.1487113752996,7.267675626236211,,134.35579005373808,,,,74.82172561300233,,42.02983826767975,,1.0811283920340458,,,,,2019,1
1599,1599,ARIYAPPAMPALAYAM SATHYAMANGALAM,573,Erode,SATHYAMANGALAM,11.488793,77.241248,2019-01-15 08:30:00,0.40934280219001196,139.19772724421424,7.900940501451993,630.049934554934,7.257964765605978,,222.61827833540926,,,,85.56637918074014,,66.42204251611376,,0.719624146877441,,,,,2019,1
1600,1600,AUTHOR - MUKKANI AGRAGARAM STREET INFRONT OF THIRU N. SAMUTHRAPANDI HOUSE BORE WELL,594,Thoothukudi,Thoothukudi,8.634908,78.07465,2019-01-15 08:30:00,,10.0,4.763649774145024,40.0,8.883522891849863,,339.29928302383894,,,0.2466941142612431,90.76046826677705,,42.81455643216772,,3.391745708337213,,,,,2019,1
1601,1601,BAHOUR LAKE,570,Cuddalore,CUDDALORE,11.819442,79.729208,2019-01-15 08:30:00,0.10063247877204025,103.10728159398855,6.890819712605271,433.84886997365675,6.846008123330404,,171.57576620988223,,,,63.926166643934934,,54.15634331312348,,0.6567221091444344,,,,,2019,1
1602,1602,BHAVANI AT BHAVANI SAGAR TAMILNADU,573,Erode,SATHYAMANGALAM,11.485294,77.134603,2019-01-15 08:30:00,1.0859902206331988,174.1671008272308,6.330441325033318,409.6553035699595,7.388654128851136,,137.1690522923659,,,0.012628855754810452,30.59537146304544,,34.84529152290318,,0.97868727255566,,,,,2019,1
1603,1603,BHAVANI AT BHAVANI TAMILNADU,573,Erode,BHAVANI,11.454094,77.679567,2019-01-15 08:30:00,,87.26679446288469,4.626748909295866,672.792285001206,7.696561678409494,,202.0840947976479,,,,50.35862219106432,,40.01742357434115,,0.7656194345823902,,,,,2019,1
1604,1604,BHAVANI AT D/S OF BHAVANISAGAR SATHYAMANGALAM ERODE TAMILNADU,573,Erode,SATHYAMANGALAM,11.503881,77.247036,2019-01-15 08:30:00,0.35233557209675614,106.46322093394981,8.926057983385114,258.09969907021275,7.897149365625118,,106.46603280235486,,0.02,,87.11248809977054,,41.32947621199145,,1.3734256573708856,,,,,2019,1
1605,1605,BHAVANI AT D/S OF KALINGARAYAN CANAL (B10) ERODE TAMILNADU,573,Erode,BHAVANI,11.438223,77.681462,2019-01-15 08:30:00,0.2507501335197785,177.74561849824443,3.0785986313040317,117.76476082480377,7.634126927810312,,20.0,,,0.4720653541752056,127.37562268758784,,48.02967574833834,,0.7390763589158809,,,0.15067110488708044,,2019,1
1606,1606,BHAVANI AT PATHIRAKALIAMMAN KOIL TAMILNADU,589,Tiruvallur,TIRUVALLUR,11.469259,77.296165,2019-01-15 08:30:00,0.9972237988266632,174.8864350879977,7.347504048313822,99.95228615597966,7.193662560912832,,128.19841081175724,,,,101.5646186916702,,19.13142656575279,,1.460318528792266,,,,,2019,1
1607,1607,BHAVANI AT SIRUMUGAI TAMILNADU,569,Coimbatore,Mettupalayam,11.319948,77.011429,2019-01-15 08:30:00,,76.377034359247,7.944452642474118,803.5163941060864,7.748831823103853,,284.65803679406645,,,0.07698600106488912,75.27823749421012,,60.29771626764672,,1.8548296419481205,,,,,2019,1
1608,1608,BHAVANI AT U/S OF KALINGARAYAN CANAL (B5) ERODE TAMILNADU,573,Erode,ERODE,11.442818,77.676045,2019-01-15 08:30:00,1.6127652154477223,228.9361695945861,6.307779720517989,491.44586927944033,7.382492704810757,,159.965301701807,,,,77.01979178522835,,5.0,,1.186853352639393,,0.03200019347248028,,,2019,1
1609,1609,BOREWELL AT PASUPATHY PUDUR VILLAGE PALANI TALUK DINDIGUL DIST.,572,Dindigul,PALANI,10.448726,77.517259,2019-01-15 08:30:00,,267.66410562975454,6.497187916220576,1094.670462808352,6.916254694791318,,192.0108123686531,,,0.293406697892601,45.81738741461796,,20.567796056881093,,1.2420977040138088,,,,,2019,1
1610,1610,BORE WELL AT VANNIARVALASU VILLAGE NEAR ELEMENTARY SCHOOL THOPPAMPATTI PANCHAYAT UNION PALANI TALUK,572,Dindigul,PALANI,10.576266,77.529657,2019-01-15 08:30:00,,179.808819621764,6.622084647007912,80.22848251965661,7.549679353151467,,148.64931535249352,,,,123.3830356954054,,53.53564695756258,,0.2850629587687533,,,,,2019,1
1611,1611,BOREWELL LOCATED AT M/S. PHOENIX TEXTILE PROCESSORS VENDIPALAYAM ERODE,573,Erode,ERODE,11.327414,77.745903,2019-01-15 08:30:00,0.2608394775536239,47.114313097633584,6.7730843393781175,167.68663522788557,7.333647991498765,,130.64956117333978,,,0.08878301915132136,76.86829979676442,,39.27253409848349,,2.5044951840930905,,,,,2019,1
1612,1612,BOREWELL NEAR KAMBARASAMPETTAI INTAKE WELL (TRICHY UPSTREAM),591,Tiruchirappalli,TIRUCHIRAPPALLI,10.787066,78.690243,2019-01-15 08:30:00,,277.6542713173193,8.552930933233263,543.7255025944553,7.269732528865468,,307.7453194513009,,,,42.02148934575992,,45.67707783796454,,2.2151720203453067,,,,,2019,1
1613,1613,BOREWELL NEAR THOGUR INTAKE WELL (TRICHY DOWNSTREAM),591,Tiruchirappalli,TIRUCHIRAPPALLI,10.786916,78.690657,2019-01-15 08:30:00,1.3229245101885074,65.88576911366138,8.020405998346476,340.4120247526797,7.1244804056098765,,115.38501238628054,,,0.27704637300292767,158.6226047242446,,30.289985211578458,,1.7597090215613849,,,0.07091409358583954,,2019,1
1614,1614,CAUVERY AT 1KM. D/S OF BHAVANI RIVER CONFL. TAMILNADU,573,Erode,BHAVANI,11.445663,77.677626,2019-01-15 08:30:00,0.5480405103226419,16.077641355829897,8.292553217441752,277.6775686639311,7.503207692313232,,274.12242964712345,,,,121.06353796888882,,30.218517272379046,,0.01,,,,,2019,1
1615,1615,CAUVERY AT COLEROON TAMILNADU,579,Nagapattinam,NAGAPATTINAM,11.326822,79.702981,2019-01-15 08:30:00,,44.67001577224033,5.1864001529847705,472.4849920725,6.613712584115429,,84.48007492231633,,,0.17712124299201215,57.261478866142724,,5.0,,2.026789834214687,,,,,2019,1
1616,1616,CAUVERY AT ERODE NEAR CHIRAPALAYAM TAMILNADU,573,Erode,ERODE,11.335795,77.753762,2019-01-15 08:30:00,0.19459915430737793,200.40905795400695,6.643981260605758,612.9980716910081,7.8849913628532455,0.00490945899311986,112.7541207421288,,0.02,,101.18416140172008,,61.78047826976922,,1.513819803900313,,,,,2019,1
1617,1617,CAUVERY AT KOMARAPALAYAM NAMAKAL TAMILNADU,580,Namakkal,Tiruchengode,11.423503,77.685261,2019-01-15 08:30:00,0.8140321559969098,58.61819421120141,7.678186333326325,192.50413335054958,8.653660361297325,,163.92083010174161,,,,86.90058539045154,,17.71249543263388,,3.022813852764799,,,,,2019,1
1618,1618,CAUVERY AT KUMBAKONAM THANJAVUR TAMILNADU,586,Thanjavur,KUMBAKONAM,10.968137,79.378248,2019-01-15 08:30:00,0.06674202281773395,163.75747785017597,6.553047409856543,633.064247788648,7.5382417756540425,,139.2148803403975,,,0.01,78.60231406804664,,25.087744760178275,,0.9884157209851019,,,,,2019,1
1619,1619,CAUVERY AT MAYILADUTHURAI NAGAPATTINAM TAMILNADU,579,Nagapattinam,Mayiladuthurai,11.104894,79.651871,2019-01-15 08:30:00,0.09354652805148828,64.20006476665108,6.181055195720209,705.1916856370331,7.253691500750407,,153.29989397040646,,,0.03522262834609187,148.49502667786663,,46.97298159096281,,1.0044109835216244,,,,,2019,1
1620,1620,CAUVERY AT METTUR,584,Salem,METTUR,11.796255,77.806971,2019-01-15 08:30:00,0.07358148619290195,188.67670741112244,8.884881059032596,593.0684634491954,8.163584333170528,,207.45419365955934,,,,21.1018312668351,,33.669217425375614,,1.4007545545893274,,,,,2019,1
1621,1621,CAUVERY AT MOHANUR NEAR PATTAIPALAYAM TAMILNADU,580,Namakkal,NAMAKKAL,11.064392,78.120358,2019-01-15 08:30:00,,142.7609586017316,8.836186354815338,651.6580915190251,7.37317556957516,,305.70160940699475,,,0.01,83.80181415493881,,40.970131309435004,,0.9864482502882992,,,,,2019,1
1622,1622,CAUVERY AT MUSIRI,591,Tiruchirappalli,MUSIRI,10.955345,78.443949,2019-01-15 08:30:00,,147.9704433335702,4.145639779186022,109.50459172693877,7.4164278000734845,,206.11658281081267,,,0.3227299178578175,56.18524580413384,,9.028632426787961,,2.4545597524219893,,,0.01863896919279979,,2019,1
1623,1623,CAUVERY AT PALLIPPALAYAM,580,Namakkal,Tiruchengode,11.368215,77.741107,2019-01-15 08:30:00,0.5594924519660324,139.3515035710726,5.019956621947848,433.866519511072,7.454166394824568,,35.5828486672348,,,0.023030261459630785,146.42584140083488,,15.319291645752035,,1.129275940609477,,,,,2019,1
1624,1624,CAUVERY AT PETTAIVAITHALAI TRICHY TAMILNADU,591,Tiruchirappalli,SRIRANGAM,10.906389,78.489697,2019-01-15 08:30:00,,41.513018936425496,6.35682882583637,796.4855490335929,7.848802651591585,,116.45475418352788,,,,25.715265182639477,,18.133195666548275,,0.6000243776218749,,,0.01,,2019,1
1625,1625,CAUVERY AT PITCHAVARAM TAMILNADU,570,Cuddalore,CHIDAMBARAM,11.418828,79.772375,2019-01-15 08:30:00,,205.94186379360974,5.645358770179247,40.0,7.446447316894663,,224.1921213664978,,,0.325232089219626,86.24858358678259,,73.11271069556616,,0.01,,,,,2019,1
1626,1626,CAUVERY AT PUGALUR KARUR TAMILNADU,576,Karur,KARUR,10.974467,78.180075,2019-01-15 08:30:00,,92.54191450362593,6.729055923102449,421.15349808507216,6.735858006304365,,194.21698953815067,,,,103.29602971166977,,37.50156174253911,,1.4828111875587404,,,,,2019,1
1627,1627,CAUVERY AT THANJAVUR TAMILNADU,610,Ariyalur,Sendurai,11.34,79.24,2019-01-15 08:30:00,1.2613518837376319,24.220892856029494,7.135675884828352,282.6565976164054,7.401391715753833,,194.06473202271977,,,0.019721244844367446,122.53401252097328,,38.77093245910904,,2.847634257492756,,,,,2019,1
1628,1628,CAUVERY AT THIRUMUKKUDAL-CONFL. PT.OF R. AMRAVATI TAMILNADU,576,Karur,KARUR,11.050024,78.120645,2019-01-15 08:30:00,0.7189672808447312,10.0,8.862630621445852,307.36159852904973,7.0826022510758,,171.38872202636804,,,0.7102928669059617,72.87832716211699,,25.18003195259251,,1.8881472961744612,,,,,2019,1
1629,1629,CAUVERY AT TIRUCHIRAPPALLI D/S TAMILNADU,591,Tiruchirappalli,SRIRANGAM,10.766809,78.665272,2019-01-15 08:30:00,0.4602895421692381,82.24164497621021,6.846398739855152,858.7455119795175,6.750654622056895,,359.46776310482755,,,0.15965395498837506,17.914044900022617,,16.652885929822347,,1.6886771647006633,,,,,2019,1
1630,1630,CAUVERY AT TIRUCHIRAPPALLI U/S TAMILNADU,591,Tiruchirappalli,TIRUCHIRAPPALLI,10.833263,78.718224,2019-01-15 08:30:00,0.19597877679222442,122.56202746945739,6.970263954730535,232.33678043726155,7.3241543378433995,,124.67862280699208,,,,49.92991074115072,,51.538483640642426,,1.1031044815018825,,,0.1936828887282251,,2019,1
1631,1631,CAUVERY AT TRICHY GRAND ANAICUT TAMILNADU,586,Thanjavur,Thiruvaiyaru,10.830327,78.81177,2019-01-15 08:30:00,0.7369718934884218,76.2593481590357,6.617647517544101,574.6910431394198,6.678652896780181,,84.29207447203282,,,0.20718570469598824,99.86518552132162,,36.99243026984394,,0.050276968151032,,,,,2019,1
1632,1632,CAUVERY AT URRACHIKOTTAI ERODE TAMILNADU,580,Namakkal,Tiruchengode,11.354178,77.750436,2019-01-15 08:30:00,0.13998087401524573,299.5918731318981,7.874260023885991,603.7588341303883,7.380082945874641,0.004804264190786452,191.51609823179365,0.01,,,38.03582478495315,,24.54349081050587,,1.9669662759694624,,0.0018175082323195744,,,2019,1
1633,1633,CAUVERY AT VAIRAPALAYAM NAMAKAL TAMILNADU,580,Namakkal,Tiruchengode,11.361583,77.742411,2019-01-15 08:30:00,,58.47599139306348,6.667068078156339,483.15053034742107,7.612443510974794,,349.3845597115983,,,0.01,134.1386596169417,,8.470863857425115,,0.8536189878062271,,,,,2019,1
1634,1634,CAUVERY AT VELORE NEAR KATTIPALAYAM TAMILNADU,580,Namakkal,Paramathivellur,11.18,78.01,2019-01-15 08:30:00,,78.40465300622341,6.591430905738466,646.5640367737178,6.334863969122138,,184.4740923755313,,,,78.47754881092101,,48.61007317115327,,2.0173269825583504,,,,,2019,1
1635,1635,CHENNAI-1 NESAPAKKAM (ZONE-IV),568,Chennai,CHENNAI,13.035832,80.193265,2019-01-15 08:30:00,0.0768968234225752,146.2066777741997,7.268329938216082,283.50155234982856,7.4393211406488335,0.001,93.81735355523985,,0.02,0.22945608738527032,79.36473509973216,,43.219987508419216,,1.1083846373667545,,,,,2019,1
1636,1636,CHENNAI-2 PERUNGADI(ZONE-V),574,Kancheepuram,KANCHEEPURAM,12.9566,80.23435,2019-01-15 08:30:00,,128.0552591087926,5.84876361511475,716.8671504877416,7.418175557050345,,228.24808353776734,,,0.2752361336966548,91.39344704692844,,40.4944036649744,,1.2441948084607273,,,,,2019,1
1637,1637,CHENNAI-3KODUNGAIYUR (ZONE I&II),568,Chennai,CHENNAI,13.138808,80.260799,2019-01-15 08:30:00,0.9224222786545665,14.748418574361352,7.443099304284517,828.0043589121088,7.649685917103355,,283.29073553616536,,,,114.86211406614316,,43.748315128984856,,1.0879975210148225,,,,,2019,1
1638,1638,CHENNAI-4 KOYAMBEDU (ZONE-III),568,Chennai,CHENNAI,13.0642,80.200156,2019-01-15 08:30:00,0.40954414577524506,38.619607982102025,6.676414101039388,578.729048638028,7.780188306698836,,175.13015787965205,,,,128.9668918940127,,25.12255800751786,,0.9103212845664357,,,,,2019,1
1639,1639,CHENNAI WATERWAYS AT BUCKINGHAM CANAL (ICE HOUSE),568,Chennai,CHENNAI,13.050823,80.278958,2019-01-15 08:30:00,0.23276643840971856,241.6747782868577,5.092513237109932,161.80373204569258,7.96296483580509,0.014551771014546902,194.80733561761772,,,,96.80178268994598,,20.828318799831315,,0.69349423221568,,,0.06493476770676589,,2019,1
1640,1640,CHENNAI WATERWAYS AT BUCKINGHAM CANAL (TIDAL PARK),568,Chennai,CHENNAI,12.988133,80.25192,2019-01-15 08:30:00,0.6051408878655622,118.99289770816745,7.382930228046044,768.9383087794702,7.723180457830407,,153.15277325781122,,,0.035555941885385155,110.63306736379884,,33.05417584285635,,0.7473062144201474,,0.035751972091995786,,,2019,1
1641,1641,CHENNAI WATERWAYS AT BUCKINGHAM CANAL X OTTERI NULLAH CONFLUENCE (GMR VASAVI INDUSTRIES),568,Chennai,CHENNAI,13.10524,80.271091,2019-01-15 08:30:00,0.17910868810943897,138.59428830402103,4.879738283705496,111.0194155872785,7.109340248525366,0.001,127.41268333772923,,,0.2793741399721164,82.17925228006732,,38.329314687538904,,1.772034485611654,,,,,2019,1
1642,1642,CHENNAI WATERWAYS AT CAPTAIN COTTON CANAL (ERUKANJERI),568,Chennai,CHENNAI,13.126266,80.256935,2019-01-15 08:30:00,0.26777114542787694,81.75307758420857,7.282673697931603,465.18598916797276,8.157316189051942,0.0021722771739102805,164.06395236097583,,,0.15877606792054852,25.200870449494275,,52.51757654423281,,1.0144908756663906,,0.002974530770633606,,,2019,1
1643,1643,CHENNAI WATERWAYS AT CC X BC CONFLUENCE (KODUNGAIYUR),568,Chennai,CHENNAI,13.136803,80.249192,2019-01-15 08:30:00,,179.73478848757435,6.226138958678563,672.4849985540424,6.596738372418635,0.0011728188406929822,60.86226476938705,,,,105.37979446622114,,59.160622091483255,,0.6683316096411249,,,,,2019,1
1644,1644,CHENNAI WATERWAYS AT MAMBALAM DRAIN (GOLF COURSE),568,Chennai,CHENNAI,13.022221,80.233657,2019-01-15 08:30:00,0.08772785699692165,159.1969847562173,6.803471354828371,297.77521506411944,7.320204745449483,,202.48471286796973,,,0.6309358540092521,154.6343230805774,,29.118597381060347,,1.9680486997612179,,,,,2019,1
1645,1645,CHENNAI WATERWAYS AT MAMBALAM DRAIN (USMAN ROAD),568,Chennai,CHENNAI,13.028381,80.227747,2019-01-15 08:30:00,,10.0,6.528886063587372,379.5393543971202,7.052004494551233,,102.19288836429317,,,,79.61224531397376,,36.10102224711491,,3.280753861765742,,,0.0666317837959265,,2019,1
1646,1646,CHENNAI WATERWAYS AT OTTERI NULLAH (KILPAUK GARDEN),568,Chennai,CHENNAI,13.086538,80.234507,2019-01-15 08:30:00,0.18023723029806665,242.90761177754948,6.162525507233477,620.1587682600675,8.061453052261816,,231.8324437551504,,,,66.38872864996713,,56.549816631869795,,1.1012258336604246,,,,,2019,1
1647,1647,CHENNAI WATERWAYS AT OTTERI NULLAH (ORIGIN),568,Chennai,CHENNAI,13.099796,80.196273,2019-01-15 08:30:00,0.2916719508893447,221.97864061264568,7.371773258300774,487.2655762963915,7.54656015391016,0.02106215848667881,225.59366614296488,,0.02,0.335352474112818,77.72987305896842,,7.907698198824974,,0.01,,,,,2019,1
1648,1648,COLLECTOR WELL AT THIRUPUVANAM FOR MADURAI WAT. SUPPLY SCHEME TAMILNADU,585,Sivaganga,Sivagangai,9.826111,78.257297,2019-01-15 08:30:00,,129.98089530710158,8.134935708650191,315.22656114152767,7.218828853839666,,236.59488179489952,,,0.1365693883347249,73.49054157065636,,53.21801813689544,,1.5180272229576453,,,,,2019,1
1649,1649,ERAL - CHARMAM ARUNACHALA SWAMY TEMPLE WEST OF BORE WELL,594,Thoothukudi,Thoothukudi,8.621439,78.016285,2019-01-15 08:30:00,,151.93905410011922,6.310777470569346,374.3401317201833,8.263550249886208,,38.556354525713886,,,0.13583707899272485,80.62765213676917,,41.75095058621181,,0.641109396950908,,,0.2248748260660205,,2019,1
1650,1650,ERODE-1,573,Erode,ERODE,11.333111,77.747343,2019-01-15 08:30:00,,93.09437025363832,6.745986976770692,482.76741517308346,8.395975063105087,0.0024516521327449027,283.1384293205433,,,,159.94305575588544,,18.918456454892862,,0.45241172135239816,,,0.08357521849208588,,2019,1
1651,1651,ERODE-2,573,Erode,ERODE,11.338655,77.74513,2019-01-15 08:30:00,,254.50679289252716,5.93068350962029,150.88369960023346,7.327452527483405,,146.0892736807063,,,,147.50129654191238,,28.66318360330969,,1.1820705089648993,,,,,2019,1
1652,1652,HOUSE OF THIRU MURUGAN S/O. ESAKKI NO.16B MEENAKSHIPURAM ANNA NAGAR TIRUNELVELI,592,Tirunelveli,TIRUNELVELI,8.727206,77.709638,2019-01-15 08:30:00,,190.07790703300634,4.808384846408421,576.155434171356,6.74853195436474,,263.15824952304246,,,,134.64537280059207,,5.0,,1.8310913726817,,,0.2268033857992947,,2019,1
1653,1653,KAKKADAVU KERALA,569,Coimbatore,POLLACHI,10.742228,77.060508,2019-01-15 08:30:00,,164.83317057669643,5.86447016051653,285.5666658821041,7.602685381968261,,48.666854559575995,,,0.3586071069174407,110.3429097632687,,43.78014831519616,,0.01,,,,,2019,1
1654,1654,KARUR,576,Karur,KARUR,10.955411,78.055554,2019-01-15 08:30:00,,187.02669420195542,5.087214750476274,356.4453639395085,7.438387031771355,,155.50975474677537,,,0.06019209491917824,75.01308128766951,,32.0895960555489,,2.2617529782414296,,,0.0726589279023808,,2019,1
1655,1655,KODAI KANAL LAKE TAMILNADU,572,Dindigul,KODAIKANAL,10.233619,77.485653,2019-01-15 08:30:00,,269.3018461014534,4.795597840681432,348.22836677528926,6.347345644816907,,170.49125200209977,,,0.2769959001695647,171.029227539842,,42.71546784970268,,0.5965854709668291,,,,,2019,1
1656,1656,KOMBUPALLAM SATHYAMANGALAM,573,Erode,SATHYAMANGALAM,11.509621,77.230116,2019-01-15 08:30:00,,10.0,6.396827670050692,573.0739960044282,7.625719211475155,,116.31587225995673,,,0.3025810193142927,73.85607225945726,,58.71598767018574,,2.070907120793244,,,,,2019,1
1657,1657,KUMBAKONAM,586,Thanjavur,THANJAVUR,10.78627,79.15819,2019-01-15 08:30:00,,233.0334059033482,8.203215478673016,475.94351689673005,6.617266640414249,,130.78712643055974,,,,126.36611990887486,,29.66529183744308,,0.6040905130015201,,,0.0129806417787595,,2019,1
1658,1658,LOCATED ADJACENT TO KARU MSW DUMP SITE AND ON THE NORTHERN BANK OF RIVER AMARAVATHI AND DOWNSTREAM,576,Karur,KARUR,10.951185,78.035374,2019-01-15 08:30:00,0.41615810610856285,235.3707410167035,7.173766373446108,99.67798865044676,6.841585331832282,,113.27576373403943,,,0.2524032976194329,130.80752227926257,,55.93013705273967,,1.347366754120914,,,,,2019,1
1659,1659,LOCATED ON THE SOUTHERN BANK OF RIVER AMARAVATHI AND DOWNSTREAM SIDE OF KARUR DYEING CLUSTER,576,Karur,KARUR,10.917543,78.009517,2019-01-15 08:30:00,,80.10519808508964,8.629087541648218,357.75113318341516,7.848214626488387,0.011159049791812902,166.29751710585847,,,,97.74003411992692,,63.12947813095421,,1.4558124107854893,,,,,2019,1
1660,1660,MADUKARAI,596,Viluppuram,Viluppuram,11.871427,79.603728,2019-01-15 08:30:00,,27.25740806153256,8.225056101119176,195.98391514170012,7.709317959006877,,24.33037013416225,,,0.23127031116397662,67.2011918805149,,5.0,,1.2241870421738685,,,,,2019,1
1661,1661,MAYILADUTHURAI,589,Tiruvallur,TIRUVALLUR,10.812621,79.608435,2019-01-15 08:30:00,,111.62827005934375,5.213648435784707,407.4199351831305,7.109157216036163,,121.75925328523658,,,,114.85579494088812,,39.77590498999819,,1.4769175551619211,,,,,2019,1
1662,1662,M. KALIAPPAN SANGILIMUNIYAPPAN KOVIL ERIKKADU METTUR,584,Salem,Sankari,11.478265,77.881114,2019-01-15 08:30:00,0.19680112256591642,192.17597646432588,6.282843771306915,607.1525785468405,7.761894964251341,,186.58325636408992,,,,38.46084284691604,,31.977510925980173,,2.0153478830893174,,,,,2019,1
1663,1663,MUNICIPAL CORPORATION BORE WELL LOCATED IN PERUMALPURAM STREET NARANAMMALPURAM TIRUNELVELI,592,Tirunelveli,PALAYAMKOTTAI,8.698363,77.738123,2019-01-15 08:30:00,,45.21746346502398,8.364360474358477,644.8155449462141,8.086461689761961,,211.98921737418235,,,,52.008878945040216,,50.51469596474125,,2.3225238792275746,,,,,2019,1
1664,1664,OVER HEAD TANK AT TIRUR VILLAGE TIRUVALLUR TALUK TIRUVALLUR PANCHAYAT UN,589,Tiruvallur,TIRUVALLUR,13.106545,79.960588,2019-01-15 08:30:00,,98.07632088914116,4.24797160239455,828.7723746697313,7.29113549279047,,273.3411743072294,,,,10.0,,25.789510305589182,,1.338163533261563,,,,,2019,1
1665,1665,PALAR AT VANIYAMBADI WATER SUPPLY HEAD WORK TAMILNADU,595,Vellore,VANIYAMBADI,12.679231,78.595417,2019-01-15 08:30:00,1.0056691440595238,169.16160365401964,6.2896528506468155,247.22194406917149,8.054424394145961,,220.03642584471,,,0.01,136.59699403734535,,5.0,,0.01,,,,,2019,1
1666,1666,PARAMASIVAM WATER SERVICE STATION BLOCK NO.13 BSNL EXCHANGE OPPOSITE METTUR DAM - 636 402.,584,Salem,METTUR,11.803279,77.804723,2019-01-15 08:30:00,0.922101114339265,54.167712721882054,6.057707711911836,892.5787465974042,7.305426358599797,,180.14347020157456,,,,82.56241952856013,,56.17947587510139,,1.942255564892847,,,0.11112822787232353,,2019,1
1667,1667,PERUR CHETTIPALAYM PANCHAYAT LOCATED ADJACENT TO NOYYAL RIVER AT PERUR-VEDAPATTY ROAD (OPP VINAYGAR,573,Erode,ERODE,11.128875,77.39572,2019-01-15 08:30:00,0.4603232205872645,44.9325088053987,6.548107834532266,340.81235501328865,6.992449248953442,,220.56513339089366,,,,10.0,,5.0,,0.5025126237215412,,,,,2019,1
1668,1668,POONDI LAKE AT THIRUVALLUR TAMILNADU,589,Tiruvallur,TIRUVALLUR,13.169731,79.888236,2019-01-15 08:30:00,,172.5758626271778,6.422409147128981,326.45390567055017,8.060988953268293,,166.56945057545593,,,,83.2402530278987,,42.09260308941448,,1.2644743087845054,,,,,2019,1
1669,1669,PORUR LAKE AT THIRUVALLUR TAMILNADU,589,Tiruvallur,TIRUVALLUR,13.033945,80.148344,2019-01-15 08:30:00,0.4202499606396351,189.92747222119593,4.330252455270052,169.31229497010776,7.040053700518994,,142.01981862942495,,,,84.78354661389167,,56.013032216620715,,1.0856682464054541,,,,,2019,1
1670,1670,PULICATE LAKE AT THIRUVALLUR TAMILNADU,589,Tiruvallur,TIRUVALLUR,13.427023,80.292679,2019-01-15 08:30:00,0.09716297171433104,166.6262455564911,8.771184450004537,764.5504690932723,7.559289598278654,,285.0802016720378,,,,116.78713292180495,,5.0,,1.3211470081285746,,,,,2019,1
1671,1671,REDD HILLS AT THIRUVALLUR TAMILNADU,589,Tiruvallur,TIRUVALLUR,13.193092,80.172867,2019-01-15 08:30:00,,96.87036582665385,6.192600912504999,386.7653541902343,7.085083275353912,,160.10821009120994,,,0.012856597474463927,69.61479471715064,,10.714902125416707,,1.860246013792251,,,,,2019,1
1672,1672,RIVER ADYAR AT EKKATTUTHANGAL,574,Kancheepuram,KANCHEEPURAM,13.026747,80.192542,2019-01-15 08:30:00,,77.92378081645647,6.755708689842765,281.27292227572616,6.910836352399427,,155.5138032165333,,,0.07445634643085923,177.46437501202536,,33.65308622025444,,1.4067681394552551,,,,,2019,1
1673,1673,RIVER ADYAR AT JAFERKHANPET,574,Kancheepuram,KANCHEEPURAM,13.02849,80.20247,2019-01-15 08:30:00,,147.57044037076088,6.998645592604403,677.8243149110301,6.970529124513817,,132.68587209656854,,,0.9044030288198605,129.54399004746037,,72.28259817478752,,1.0186843011469526,,,,,2019,1
1674,1674,RIVER ADYAR AT KOTTURPURAM BRIDGE,568,Chennai,CHENNAI,13.025906,80.243554,2019-01-15 08:30:00,,180.44039251724715,7.627235676885887,525.5414769550046,7.460775067152661,,143.3897789893407,,,,100.81877760182336,,56.82483699347563,,0.26836257751190673,,,0.0413891298988637,,2019,1
1675,1675,RIVER ADYAR AT MARAIMALAI BRIDGE,574,Kancheepuram,KANCHEEPURAM,13.02724,80.208104,2019-01-15 08:30:00,0.27951571743814635,110.72229977908287,5.087696129442099,484.30208893124467,6.687246984010468,,87.84549296658156,,,0.07335627119158888,72.00085623325329,,56.51333724325576,,1.675573185242582,,,,,2019,1
1676,1676,RIVER ADYAR AT NANDAMBAKKAM,574,Kancheepuram,KANCHEEPURAM,12.965867,80.109983,2019-01-15 08:30:00,0.25057398198130804,88.50764172706704,6.964667681501853,709.1314182252552,7.222113462998307,,156.3282162745005,,,,10.0,,34.30815528775895,,1.5140119344640204,,,,,2019,1
1677,1677,RIVER ADYAR BEFORE GOLF COURSE,574,Kancheepuram,Tambaram,12.938473,80.094802,2019-01-15 08:30:00,3.1664260905988426,162.90889621082837,5.745223508954222,567.1268389192539,6.954637142217057,,156.84903210746108,,,,88.65478657586863,,69.7711940840557,,3.9264405646767955,,,,,2019,1
1678,1678,RIVER ADYAR NEAR BOAT CLUB,568,Chennai,CHENNAI,13.023184,80.247552,2019-01-15 08:30:00,,183.6223725852567,7.345778375470199,374.82705331776964,7.553884690965476,,145.6166198383935,,,0.1990623669977062,147.06811971991084,,20.895572503490875,,1.7650320448801762,,,,,2019,1
1679,1679,RIVER CAUVERY AT BHAWANI D/S,573,Erode,ERODE,11.422026,77.679686,2019-01-15 08:30:00,1.585745038641474,137.76464468214266,6.435390712325662,121.44648682626081,8.268197593845034,,259.03441180026493,,,,75.85462334148446,,5.0,,0.545053699870909,,,,,2019,1
1680,1680,RIVER CAUVERY AT ERODE U/S,573,Erode,ERODE,11.369068,77.727294,2019-01-15 08:30:00,0.550003454936223,82.93904854407883,5.9577097617113575,647.3615977072071,8.205111828542531,0.001770987883428157,184.00891243204774,,,,86.12059167827606,,20.123473077071008,,1.744659367338203,,,,,2019,1
1681,1681,RIVER CAUVERY AT KARUR U/S,576,Karur,KARUR,11.008673,78.159341,2019-01-15 08:30:00,1.875438471355971,181.63843493500025,4.01897201576191,40.0,6.876605366727026,,145.882449892115,,,,104.52617058155295,,25.71113319016799,,0.7048179452743237,,,,,2019,1
1682,1682,RIVER CAUVERY AT KUMARAPALAYAM U/S,580,Namakkal,Tiruchengode,11.427111,77.686922,2019-01-15 08:30:00,0.05,216.42956446275926,7.223042438704239,299.9552007299087,7.031120889602514,,229.2288975630992,,,,144.7132756546063,,47.97309028932923,,3.077121059194719,,,,,2019,1
1683,1683,RIVER CAUVERY AT KUMBAKONAM D/S,586,Thanjavur,KUMBAKONAM,10.964811,79.351278,2019-01-15 08:30:00,,39.72223290855503,5.138966692261677,402.1435355566192,6.932302715504867,,196.22674009434658,,,,123.86905239042011,,29.62402296956543,,2.53921554194979,,,,,2019,1
1684,1684,RIVER CAUVERY AT MAYILADUTHURAI D/S,579,Nagapattinam,Mayiladuthurai,11.105488,79.647969,2019-01-15 08:30:00,,103.16448924482049,5.990897942465498,490.58755439243544,7.829657659916757,,294.7207720623443,,,,107.87743078404273,,13.007869793635884,,1.1996530972651118,,,,,2019,1
1685,1685,RIVER CAUVERY AT PALLIPALAYAM D/S,580,Namakkal,Tiruchengode,11.365347,77.741652,2019-01-15 08:30:00,,106.97327683591163,9.306587529833894,633.6638622686257,7.835613323238357,,164.32020137456186,,,,54.57064612891958,,39.543167719736886,,0.9467634374322063,,,,,2019,1
1686,1686,RIVER COOUM AT AMANJIKARAI,568,Chennai,CHENNAI,13.068081,80.231405,2019-01-15 08:30:00,,176.6253056510521,6.113516210175626,779.4490575009595,6.971004444468555,,171.33679266561293,,,,113.85324033047002,,75.08425650646043,,0.01,,,,,2019,1
1687,1687,RIVER COOUM AT ANNA NAGAR,568,Chennai,CHENNAI,13.07865,80.207011,2019-01-15 08:30:00,,141.0428145454323,6.8851229051850416,549.1316328814091,7.639567405083526,,130.33585892425043,,,,105.64539864351772,,62.53790279129271,,1.147751430662084,,,,,2019,1
1688,1688,RIVER COOUM AT ARUMBAKKAM,568,Chennai,CHENNAI,13.074866,80.221849,2019-01-15 08:30:00,,123.91288784139766,4.999111158949937,707.0843092419416,7.030054915018393,,218.26982886939933,,,,76.60197872871036,,52.289069391382235,,1.7654310697551654,,,0.01,,2019,1
1689,1689,RIVER COOUM AT COLLAGE ROAD,568,Chennai,CHENNAI,13.070824,80.249921,2019-01-15 08:30:00,0.43735467512618603,167.84221922645028,8.180366968849134,426.43025417845786,7.08147146641014,,243.52646828590917,,,0.3857368419127166,115.91212360393102,,5.741365694689748,,0.7348306856275517,,,,,2019,1
1690,1690,RIVER COOUM AT NAPIER BRIDGE,568,Chennai,CHENNAI,13.069423,80.284355,2019-01-15 08:30:00,,54.71486492065901,5.131900878771868,225.46249108915947,6.491067566256272,,254.93621959628894,,,,132.93929409535596,,29.727965056346058,,0.8637157387387792,,,0.120086401751923,,2019,1
1691,1691,RIVER COOUM AT POONAMALLE,589,Tiruvallur,TIRUVALLUR,13.065634,80.113691,2019-01-15 08:30:00,,107.79640418903055,7.458126471179064,40.0,7.76291399975102,,147.14138045213122,,,0.2836934982656434,130.56967273453154,,29.4838675997986,,2.307280024712083,,,,,2019,1
1692,1692,RIVER COOUM NEAR CENTRAL JAIL,589,Tiruvallur,TIRUVALLUR,13.169913,80.21808,2019-01-15 08:30:00,,123.50436452857717,6.531714687440592,179.9446666195539,7.796818226090299,,310.714985253882,,,0.23675799053239258,72.33168270696342,,5.122378695359778,,2.205787968539422,,,0.07487430333071464,,2019,1
1693,1693,RIVER LOCATIONS AT KUMARAPALAYAM,580,Namakkal,Tiruchengode,11.447221,77.691963,2019-01-15 08:30:00,,159.9210953690499,5.446727197612518,345.717963261289,7.3646437936300435,,131.81269838555448,,,,22.69844380734871,,18.92283594213388,,0.9855351128916016,,,,,2019,1
1694,1694,RIVER TAMRABARANI AT TIRUNELVELI D/S,592,Tirunelveli,TIRUNELVELI,8.78198,77.79011,2019-01-15 08:30:00,0.12053255371552768,258.0414845403577,4.89541734699057,962.9269403625041,8.099188348578336,,56.42298489228058,,,,82.78303752070312,,28.036862756242897,,1.3129329995103936,,,,,2019,1
1695,1695,RIVER VAIGAI AT MADURAI D/S,578,Madurai,MADURAI SOUTH,9.92812,78.125036,2019-01-15 08:30:00,0.15741555936486507,77.14282936003602,5.810109405553156,907.1944557642064,7.30834461444244,,190.91418691577712,,,0.5455275691295767,99.11000901035487,,42.72359126499678,,1.5527048091155804,,,,,2019,1
1696,1696,RIVER VAIGAI AT MADURAI U/S,578,Madurai,MADURAI SOUTH,9.927433,78.121013,2019-01-15 08:30:00,,63.26880986925638,6.440767199948186,760.3276877301093,7.574771979607338,,226.9200247168481,,,,97.71363830099615,,45.07935632496471,,1.0649342414563838,,,0.16599979641590262,,2019,1
1697,1697,RIVER VENNAR AT THANJAVUR D/S,586,Thanjavur,THANJAVUR,10.816856,79.140224,2019-01-15 08:30:00,0.30515596246026866,240.89509656811518,5.662993354826857,480.170533003069,7.2358317174444355,,224.95488081946638,,,,89.49749304448717,,71.60705338789325,,1.180111438178271,,,,,2019,1
1698,1698,SAKTHI NAGAR NEAR MUNICIPALITY SEWAGE TREATMENT PLANT KOMPURANKADU METTUR,574,Kancheepuram,SRIPERUMBUDUR,13.00996,80.162403,2019-01-15 08:30:00,0.3187316493633641,10.0,7.917317512646093,589.3895670480606,7.396894222580381,,65.14871978903975,,,0.019402003748123512,118.59968665481543,,44.79937515543705,,1.7862874260374704,,,,,2019,1
1699,1699,SARABANGA AT SALEM D/S OF TEXTILE DYEING INDUSTRIES EFFLUENT TAMILNADU,584,Salem,SALEM,11.649094,78.148011,2019-01-15 08:30:00,,45.84921341710559,5.246676563830665,299.5104420911791,7.3355751498640105,,282.43924689985056,,,,10.0,,59.66250028648202,,0.15462162463043416,,,,,2019,1
1700,1700,SRIVAIKUNDAM - BLOCK DEVELOPMENT OFFICE - OPEN WELL,594,Thoothukudi,Thoothukudi,8.625282,77.907778,2019-01-15 08:30:00,,97.03565591056658,5.9907257218285865,363.2952774891904,7.9349105787781475,,181.2721612166249,,,,147.84066625793585,,48.17631076814676,,2.9741962852387838,,,,,2019,1
1701,1701,SRIVAIKUNDAM - TNEB SUB STATION 33 KVA OPPOSITE TO TIRUNELVELI MAIN ROAD OPEN WELL,592,Tirunelveli,NANGUNERI,8.575329,77.769134,2019-01-15 08:30:00,0.3058659588628751,98.06051932188424,6.925827848309333,338.3130731738645,7.629697990100447,,159.11514647112114,,,,101.92939210072507,,5.0,,0.8422314107643585,,,,,2019,1
1702,1702,SURIYAMPALAYAM BOREWELL (HAND PUMP) OWNED BY ERODE CORPORATION LOATED OPPOSITE TO M/S. PIONEER PROC,573,Erode,ERODE,11.408563,77.685422,2019-01-15 08:30:00,,130.3202206411027,5.925140031755408,451.29443112708213,7.197322501633048,0.0017194248209943853,228.9660278604216,,,,73.40004462612163,,69.79333715843362,,0.01,,,,,2019,1
1703,1703,TAMBIRAPARANI AT ARUMUGANERI TAMILNADU,594,Thoothukudi,Thoothukudi,8.624431,78.068808,2019-01-15 08:30:00,0.5497992017674477,83.68931209207422,5.362251264280949,751.40580280277,7.66609407225823,,225.76831933421397,,,0.01461412733291682,149.30469547297787,,42.49513265739014,,0.48050143892648267,,,,,2019,1
1704,1704,TAMBIRAPARANI AT BDG.NR. MADURA COATS LTD.PAPAVINASAM TAMILNADU,592,Tirunelveli,AMBASAMUDRAM,8.663294,77.422222,2019-01-15 08:30:00,0.09664274640397993,81.14516450503187,4.530790164562493,590.4875030167592,7.6334530905103,,157.46269579834453,,,0.2409621711687214,92.7814823239776,,37.60495234421226,,2.9675734318423634,,,,,2019,1
1705,1705,TAMBIRAPARANI AT CHERANMADEVI CAUSE WAY TAMILNADU,592,Tirunelveli,AMBASAMUDRAM,8.700586,77.56595,2019-01-15 08:30:00,1.0364678554264661,10.0,6.785163683612893,467.9641494500104,7.336253361034007,,299.9778150786077,,,,55.00896499872757,,73.06178232142344,,0.9308515379103948,,,,,2019,1
1706,1706,TAMBIRAPARANI AT ERAL THOTHUKUDI TAMILNADU,594,Thoothukudi,Thoothukudi,8.620606,78.022839,2019-01-15 08:30:00,0.2991117136380761,204.89054055590395,8.229678932386111,314.80354538182263,7.280647061498884,,90.1381190643742,,,0.3188531044037076,161.05538662345265,,34.786931367674164,,0.09836784845035318,,,,,2019,1
1707,1707,TAMBIRAPARANI AT KALLIDAI KURICHI TIRUNELVELI TAMILNADU,592,Tirunelveli,AMBASAMUDRAM,8.69375,77.462681,2019-01-15 08:30:00,0.07107158838499615,137.5316270925878,8.118389165111573,703.9158116927206,7.907507055732705,,235.12492490748383,,,,67.32595641996095,,36.89510385394946,,0.8319484884275548,,,0.11885884083765484,,2019,1
1708,1708,TAMBIRAPARANI AT MURAPPANADU TAMILNADU,594,Thoothukudi,Thoothukudi,8.721606,77.832797,2019-01-15 08:30:00,1.2122023796243773,136.71354187822035,6.17824756324658,465.21735446791627,7.44570019352461,,88.5966674422976,,,,10.0,,57.80927837129991,,0.6879202786264744,,,,,2019,1
1709,1709,TAMBIRAPARANI AT PAPPANKULAM TAMILNADU,592,Tirunelveli,AMBASAMUDRAM,8.758606,77.424597,2019-01-15 08:30:00,0.30617135220912417,10.0,6.9610782998229075,514.5197025975547,6.618966105865242,,149.9832785700324,,,0.7644240224744535,52.71647761049674,,28.99837325091657,,1.4876168497123776,,,,,2019,1
1710,1710,TAMBIRAPARANI AT RAIL BDG. NR. AMBASAMUDAM TAMILNADU,592,Tirunelveli,AMBASAMUDRAM,8.729581,77.467289,2019-01-15 08:30:00,0.8928598144463015,72.95670030805996,3.635719950491651,87.9869128247978,7.142984896831652,,233.95357787797948,,,,25.175832882371296,,43.13907345124483,,0.9556037485866857,,,,,2019,1
1711,1711,TAMBIRAPARANI AT SIVALAPERI CONFLUENCE POINT OF KUTTRALAM FALLS D/S OF PALAYAMKOTTAI TIRUNELVELI TA,592,Tirunelveli,PALAYAMKOTTAI,8.700031,77.690869,2019-01-15 08:30:00,0.05,271.35645694421095,8.618193081487252,758.0593594128875,7.643554019304861,,135.6110484826384,,,,10.0,,12.630718102229153,,1.3928025314606354,,,,,2019,1
1712,1712,TAMBIRAPARANI AT SRIVAIKUNTAM D/S OF SK ANAICUT TIRUNELVELI TAMILNADU,594,Thoothukudi,Thoothukudi,8.627358,77.909,2019-01-15 08:30:00,0.11277462096887834,123.27623277409748,6.907485112163261,492.85817755507736,7.043711079273244,,144.77733837982504,,,,128.83957824981462,,13.331864128478848,,1.8282348856280386,,,,,2019,1
1713,1713,TAMBIRAPARANI AT TIRUNELVELI COLLECTORATE TAMILNADU.,592,Tirunelveli,TIRUNELVELI,8.734125,77.716764,2019-01-15 08:30:00,0.20971949348269575,49.01259938292954,5.987190065379457,49.025205288167456,7.720286887988845,,217.21529242730577,,,,89.69148964940717,,6.89371501015324,,0.12390453511195698,,,,,2019,1
1714,1714,TAMBIRAPARANI AT VELLAKOIL TIRUNELVELI TAMILNADU,592,Tirunelveli,TIRUNELVELI,8.718019,77.703531,2019-01-15 08:30:00,,10.0,6.878686878632501,567.1068309044448,7.55760194437466,,260.6574537976783,,,,58.125419695216024,,20.35607646843198,,0.9793441344334933,,,0.2675649458370105,,2019,1
1715,1715,THALAVAIPETTAI BHAVANI,573,Erode,BHAVANI,11.456295,77.615817,2019-01-15 08:30:00,,214.82517412789906,5.802173265537555,40.0,7.454662900477517,,191.18113813386861,,,,81.23309841778195,,29.191293802368143,,1.6051367558224223,,,,,2019,1
1716,1716,THANJAVUR,586,Thanjavur,THANJAVUR,10.786359,79.157779,2019-01-15 08:30:00,,79.27242795411942,8.188519146993336,666.1365427603597,7.135039295021225,,222.54312801051782,,,,122.41075020976795,,25.403529180684316,,0.8533156470634897,,,,,2019,1
1717,1717,THENPENNAIYAR AT CHOKKARASANAHALLI BRIDGE (BANGALORE),571,Dharmapuri,DHARMAPURI,12.863435,77.831855,2019-01-15 08:30:00,,83.94520390935295,5.941971337876904,785.8623322544565,7.1859529592396845,,299.87156703630285,,,,42.30846346389174,,23.755568620206137,,1.4022786009847399,,,,,2019,1
1718,1718,THIRUKKANUR,596,Viluppuram,Viluppuram,11.991116,79.639712,2019-01-15 08:30:00,0.3512780747144863,172.15467208240227,5.893460574373383,210.2433302832746,8.109797283672712,,21.052397423384434,,,,111.49385279013146,,73.3124198330288,,1.338249823817027,,,,,2019,1
1719,1719,THIRUMANIMUTHAR AT SALEM D/S OF SAGO & TEXTILE DYING INDUSTRIES TAMILNADU,584,Salem,SALEM,11.645876,78.120341,2019-01-15 08:30:00,0.05,186.4440232264107,6.626600899755535,756.2390535847874,7.8456738064751095,,267.0158076080321,,,,68.88227725561983,,36.201076212227115,,2.5617178588017415,,,0.03185351316176087,,2019,1
1720,1720,TIRCHIRAPPALLLI-SRIRANGAM,591,Tiruchirappalli,TIRUCHIRAPPALLI,10.822062,78.688706,2019-01-15 08:30:00,,154.93326801299986,5.489813836171731,710.5426113471638,7.013042780070134,,115.96386999661216,,,,10.0,,28.240491323562985,,0.01,,,,,2019,1
1721,1721,TIRUNELVELI,592,Tirunelveli,PALAYAMKOTTAI,8.707446,77.742528,2019-01-15 08:30:00,2.371939185200902,228.22193406033983,7.637780014162533,470.36333577771563,7.522072863549182,,239.6450409361653,,,0.05379337349050923,133.9992563222354,,17.167156615014303,,2.48415841216762,,,,,2019,1
1722,1722,UDHAGAMADALEM LAKE (OOTY) TAMILNADU,587,Nilgiris,Pandalur,11.400623,76.690453,2019-01-15 08:30:00,0.3890339760174311,78.64573913102653,7.26318456963855,516.0161710268048,7.357606137429728,,196.8208710818032,,,,47.93043848798571,,27.31614978192733,,0.6094847449287392,,,0.043014411999619424,,2019,1
1723,1723,VASISTA AT SALEM D/S OF SAGO INDUSRIES EFFLUENT TAMILNADU,584,Salem,SALEM,11.647853,78.138125,2019-01-15 08:30:00,0.1551851166119211,10.0,5.6276084088579,285.63442257282355,7.024468314992537,,247.09930887690035,,,0.6390421250195418,116.85240331414144,,30.275056511706417,,1.4734642574768848,,0.03544043242053947,,,2019,1
1724,1724,VEERANAM LAKE AT CUDDALORE TAMILNADU,570,Cuddalore,KATTUMANNARKOIL,11.341111,79.523058,2019-01-15 08:30:00,,160.7944993085436,7.293607956970751,426.79321922528914,6.697605032083637,,150.6936172571537,,,0.5054442055084198,10.0,,43.6592666511939,,2.6735024016729922,,,,,2019,1
1725,1725,WELL AT KATTERIKUPPAM,596,Viluppuram,Viluppuram,12.001161,79.700722,2019-01-15 08:30:00,,62.27022470165079,6.138401766315941,774.8858205667641,6.974025540404804,,20.0,,,0.01,25.726179956748197,,37.8353149519904,,1.253335804331028,,,,,2019,1
1726,1726,WELL AT KOTHAPURINATHAM THIRUVANDARKOIL,596,Viluppuram,Viluppuram,11.930541,79.661783,2019-01-15 08:30:00,,67.70474504029944,5.038636033612898,544.6170826408468,7.828889624746623,,185.16982892313544,,,0.23088384590433064,74.92883703429528,,43.60061323284892,,1.37843041986118,,,,,2019,1
1727,1727,WELL AT MUSIRI TAMIL NADU,591,Tiruchirappalli,MUSIRI,10.954883,78.443933,2019-01-15 08:30:00,0.06046905830098825,35.58512442950618,5.3130295039032545,373.11632765817717,7.499919596665733,,135.5750846359479,,,,115.83132591925023,,47.109085599620414,,1.1681236617753714,,,0.02608617173326492,,2019,1
1728,1728,WELL AT VADAMATTAM KARAIKAL,589,Tiruvallur,TIRUVALLUR,10.963617,79.678261,2019-01-15 08:30:00,1.068284441156524,138.3063487343175,5.506989592970812,538.8398266465324,7.909933436332629,,20.0,,,,116.21867154587206,,33.92909060335151,,1.452591650856635,,,,,2019,1
1729,1729,YERCAUD LAKE SALEM TAMILNADU,584,Salem,YERCAUD,11.783642,78.211153,2019-01-15 08:30:00,0.5880740247182829,86.07996077854344,6.434847538973714,487.72410189847824,7.22623608931766,0.0076384985100893974,155.411771921252,,,0.15224649755365677,45.80595044933676,,45.71423982769551,,1.9543491262058068,,,,,2019,1
1730,1730,ALWARTHIRUNAGARI - VETERINARY DISPENSARY WEST CAR STREET NEAR OVER HEAD TANK OF BORE WELL,594,Thoothukudi,Thoothukudi,8.605592,77.944361,2019-02-15 08:30:00,,59.922584175741534,6.94817918035656,697.6846463804305,7.51603357231321,,156.71656010692746,,,0.08784829631455739,65.69450515462394,,22.026207562127368,,2.546255657939488,,,,,2019,2
1731,1731,AMRAVATI AT 1KM D/S FROM EFF.DIS. PT. AT MADHUTHUKKULAM,572,Dindigul,PALANI,10.541244,77.368656,2019-02-15 08:30:00,2.000452432560919,10.0,5.5309210223274405,440.285219145921,7.684366885532822,,168.74697956926286,,,0.44201257887064554,107.29721149885017,,31.779458075835915,,1.8283013675041881,,,,,2019,2
1732,1732,ARIYAPPAMPALAYAM SATHYAMANGALAM,573,Erode,SATHYAMANGALAM,11.488793,77.241248,2019-02-15 08:30:00,0.05,10.0,6.812065418552936,648.0452437591088,6.914602653036252,,269.31644496498893,,,0.2147570594519327,85.05413209862567,,20.088654069702173,,3.2109147745671223,,,0.024598055807574147,,2019,2
1733,1733,AUTHOR - MUKKANI AGRAGARAM STREET INFRONT OF THIRU N. SAMUTHRAPANDI HOUSE BORE WELL,594,Thoothukudi,Thoothukudi,8.634908,78.07465,2019-02-15 08:30:00,1.8224318253308107,175.3009992807044,6.003679142809679,532.8777065312589,6.8184068768299495,,146.94062279910645,,,0.01,143.42226542334183,,55.91435515330481,,0.5974140186683041,,,,,2019,2
1734,1734,BAHOUR LAKE,570,Cuddalore,CUDDALORE,11.819442,79.729208,2019-02-15 08:30:00,0.6689133819585202,128.4089581696298,11.0,553.0580612333373,7.293079602918369,,140.90552305126573,,,,62.825173352691685,,49.40663624526182,,1.7935793622654859,,,,,2019,2
1735,1735,BHAVANI AT BHAVANI SAGAR TAMILNADU,573,Erode,SATHYAMANGALAM,11.485294,77.134603,2019-02-15 08:30:00,0.3257540700856453,51.91379058593442,7.364377310209317,565.8482554158634,7.548333872687881,,204.09266069208172,,,,97.74061155122712,,15.264050409061774,,1.6118055182110602,,,0.10364102659524173,,2019,2
1736,1736,BHAVANI AT BHAVANI TAMILNADU,573,Erode,BHAVANI,11.454094,77.679567,2019-02-15 08:30:00,,128.3429057785759,6.489452573452667,391.9862055079227,6.909848978657032,,276.7883248220995,,,0.26836391631279777,90.9187552253105,,19.177696049034502,,0.7642429703042299,,,,,2019,2
1737,1737,BHAVANI AT D/S OF BHAVANISAGAR SATHYAMANGALAM ERODE TAMILNADU,573,Erode,SATHYAMANGALAM,11.503881,77.247036,2019-02-15 08:30:00,0.1537968019373617,126.72174087464745,6.310104353070061,340.85492444765714,8.025398882894354,,131.04477858273657,,,,62.8550674349743,,28.405288749203645,,1.1324505709155748,,,,,2019,2
1738,1738,BHAVANI AT D/S OF KALINGARAYAN CANAL (B10) ERODE TAMILNADU,573,Erode,BHAVANI,11.438223,77.681462,2019-02-15 08:30:00,0.6442948143318677,263.39606585108737,6.695161363880213,40.0,7.674737777394197,,122.42473842713935,,,0.7324654950526256,83.86533982281618,,14.314699386734016,,1.7472671830208928,,,,,2019,2
1739,1739,BHAVANI AT PATHIRAKALIAMMAN KOIL TAMILNADU,589,Tiruvallur,TIRUVALLUR,11.469259,77.296165,2019-02-15 08:30:00,2.1334253567247448,153.29913392118445,8.382508682302912,466.3364121109918,7.741615779438999,,41.17421243112193,,,0.11962399619256804,102.78815848911967,,56.919312865598755,,3.0633981625360804,,,,,2019,2
1740,1740,BHAVANI AT SIRUMUGAI TAMILNADU,569,Coimbatore,Mettupalayam,11.319948,77.011429,2019-02-15 08:30:00,0.4681505878362632,119.5818722029744,6.229864927177861,785.4288834264648,8.153160813794603,,177.42687325706558,,,,63.7262550875509,,30.139011833402385,,1.4700849779783776,,,,,2019,2
1741,1741,BHAVANI AT U/S OF KALINGARAYAN CANAL (B5) ERODE TAMILNADU,573,Erode,ERODE,11.442818,77.676045,2019-02-15 08:30:00,1.2659824128630324,167.36254475156926,8.311975532498586,726.688935127705,6.914744843403791,,280.1288900095602,,,,21.474802960178238,,73.55568752266285,,0.6897567460179718,,,,,2019,2
1742,1742,BOREWELL AT PASUPATHY PUDUR VILLAGE PALANI TALUK DINDIGUL DIST.,572,Dindigul,PALANI,10.448726,77.517259,2019-02-15 08:30:00,,161.6822951465123,5.031596873527075,489.80632194087985,7.946961743935905,,92.97199116990001,,,,128.02000084522547,,37.18790149013278,,1.4166052188398746,,,,,2019,2
1743,1743,BORE WELL AT VANNIARVALASU VILLAGE NEAR ELEMENTARY SCHOOL THOPPAMPATTI PANCHAYAT UNION PALANI TALUK,572,Dindigul,PALANI,10.576266,77.529657,2019-02-15 08:30:00,,76.66169711385999,6.740772304246419,466.47014576726525,8.209607828835736,,124.12408484931031,,,0.2630313670232069,46.87903826110158,,43.09320507971181,,0.9088843195130825,,,,,2019,2
1744,1744,BOREWELL LOCATED AT M/S. PHOENIX TEXTILE PROCESSORS VENDIPALAYAM ERODE,573,Erode,ERODE,11.327414,77.745903,2019-02-15 08:30:00,0.11389355593885843,10.0,6.7929560490007175,390.66838891275853,6.898474728500368,,137.9235317290802,,,,126.00194038002218,,31.481075349413974,,1.5773043296062814,,,,,2019,2
1745,1745,BOREWELL NEAR KAMBARASAMPETTAI INTAKE WELL (TRICHY UPSTREAM),591,Tiruchirappalli,TIRUCHIRAPPALLI,10.787066,78.690243,2019-02-15 08:30:00,,99.64879754862402,6.381899235550199,416.947158460138,7.414673142245642,,253.1714131756929,,,0.01687492489378603,119.43119321782825,,35.416926541522436,,0.4276581257041533,,,,,2019,2
1746,1746,BOREWELL NEAR THOGUR INTAKE WELL (TRICHY DOWNSTREAM),591,Tiruchirappalli,TIRUCHIRAPPALLI,10.786916,78.690657,2019-02-15 08:30:00,,91.64760133276613,7.209260694991066,204.38436999788598,7.966436445839758,,152.95141068811603,,,0.011249087967726331,57.266799907449744,,48.00336502332407,,2.384296599988538,,,,,2019,2
1747,1747,CAUVERY AT 1KM. D/S OF BHAVANI RIVER CONFL. TAMILNADU,573,Erode,BHAVANI,11.445663,77.677626,2019-02-15 08:30:00,,56.267551216160825,7.1729418429529135,442.054463385838,7.273902164458591,,53.56881168779273,,,0.2580390229222747,40.792697669614945,,46.31081084704189,,0.6455104340333062,,,,,2019,2
1748,1748,CAUVERY AT COLEROON TAMILNADU,579,Nagapattinam,NAGAPATTINAM,11.326822,79.702981,2019-02-15 08:30:00,0.2962516392353212,161.20956232873124,7.36755050751013,130.7950075023599,7.925342633318356,,247.5431921673965,,,,91.03956100833993,,21.496849388298244,,1.6412630933854846,,,,,2019,2
1749,1749,CAUVERY AT ERODE NEAR CHIRAPALAYAM TAMILNADU,573,Erode,ERODE,11.335795,77.753762,2019-02-15 08:30:00,,210.74499071298354,7.886656715441859,815.749705821934,8.167910310708562,,204.75037137526115,,,0.2736948786237861,109.13976804256394,,10.802527887962995,,0.45728175074094257,,,,,2019,2
1750,1750,CAUVERY AT KOMARAPALAYAM NAMAKAL TAMILNADU,580,Namakkal,Tiruchengode,11.423503,77.685261,2019-02-15 08:30:00,,128.13966333778555,7.512151875570344,369.8982816253134,7.331990339855455,,269.48213668624385,,,,114.78462329412254,,20.23865830984569,,0.686321785209611,,,,,2019,2
1751,1751,CAUVERY AT KUMBAKONAM THANJAVUR TAMILNADU,586,Thanjavur,KUMBAKONAM,10.968137,79.378248,2019-02-15 08:30:00,0.9239137639311094,10.0,4.388057688713444,214.33199093764398,7.801210305512803,,193.9535784113409,,,0.029436155378461042,161.65817284065412,,51.4488798106199,,1.3656970216566988,,,0.14295575440738406,,2019,2
1752,1752,CAUVERY AT MAYILADUTHURAI NAGAPATTINAM TAMILNADU,579,Nagapattinam,Mayiladuthurai,11.104894,79.651871,2019-02-15 08:30:00,,36.53779247114264,7.086543768538879,244.7338464149218,7.187414535151246,,181.84694914175978,,,0.48243000342109743,37.88654579694786,,27.35460098232186,,0.30737223089161203,,,,,2019,2
1753,1753,CAUVERY AT METTUR,584,Salem,METTUR,11.796255,77.806971,2019-02-15 08:30:00,,80.05675273555512,6.5859575321314034,504.3151183370987,7.173059584923058,,224.28392255885433,,,,130.59426417446812,,33.53116536175292,,1.8294880549881256,,,,,2019,2
1754,1754,CAUVERY AT MOHANUR NEAR PATTAIPALAYAM TAMILNADU,580,Namakkal,NAMAKKAL,11.064392,78.120358,2019-02-15 08:30:00,0.41807643242838904,35.78090282630026,7.325110227979041,532.7682893668955,7.1178425638776455,,314.4713292161565,,,0.1507148759609476,58.59695866226434,,22.089345873559072,,1.6531592403394815,,,,,2019,2
1755,1755,CAUVERY AT MUSIRI,591,Tiruchirappalli,MUSIRI,10.955345,78.443949,2019-02-15 08:30:00,0.1402998246330215,39.07437794364874,7.038761066684256,393.36528469561375,7.428195265221109,,130.98005361137467,,,0.30082154513051906,62.68898549924948,,14.57046503181337,,0.32401550551017366,,,,,2019,2
1756,1756,CAUVERY AT PALLIPPALAYAM,580,Namakkal,Tiruchengode,11.368215,77.741107,2019-02-15 08:30:00,0.6240787124224522,142.13696997555667,7.7432773164794195,429.89561738742213,7.866886179077956,,176.58684949723047,,,,55.253476066016134,,40.07003425716992,,1.1224160000844237,,,,,2019,2
1757,1757,CAUVERY AT PETTAIVAITHALAI TRICHY TAMILNADU,591,Tiruchirappalli,SRIRANGAM,10.906389,78.489697,2019-02-15 08:30:00,,233.8750338755387,7.557295191503589,286.259563827705,7.576453061999384,,26.343447866466647,,,0.01,69.42039584997451,,45.38024625039679,,1.0069975050276727,,,0.03649162306750027,,2019,2
1758,1758,CAUVERY AT PITCHAVARAM TAMILNADU,570,Cuddalore,CHIDAMBARAM,11.418828,79.772375,2019-02-15 08:30:00,0.560761736480353,151.70143332524026,6.529733295796113,504.14590047908894,6.901392622708655,,218.6929672735521,,,0.1211073823122464,62.092153957667485,,18.0475508181508,,1.3782911969682345,,,,,2019,2
1759,1759,CAUVERY AT PUGALUR KARUR TAMILNADU,576,Karur,KARUR,10.974467,78.180075,2019-02-15 08:30:00,0.06752085929305622,202.4599533082055,7.779192123158835,248.5634008736799,7.295130801640131,,203.5335279870836,,,,78.39484743329712,,23.348837376202916,,2.045463687358971,,,,,2019,2
1760,1760,CAUVERY AT THANJAVUR TAMILNADU,610,Ariyalur,Sendurai,11.34,79.24,2019-02-15 08:30:00,0.5530837335596855,10.0,5.314349285298849,490.85637389149684,7.087266165475361,,248.51854321607723,,,,139.38192665965823,,25.50993000911669,,2.1622978889813735,,,,,2019,2
1761,1761,CAUVERY AT THIRUMUKKUDAL-CONFL. PT.OF R. AMRAVATI TAMILNADU,576,Karur,KARUR,11.050024,78.120645,2019-02-15 08:30:00,0.21689987391100157,10.0,6.253971839874321,214.45004597745597,7.453855572439677,,20.0,,,,50.20044076574418,,60.54312522306468,,0.4611525434548015,,,,,2019,2
1762,1762,CAUVERY AT TIRUCHIRAPPALLI D/S TAMILNADU,591,Tiruchirappalli,SRIRANGAM,10.766809,78.665272,2019-02-15 08:30:00,,141.6673689196719,6.408235253783045,748.7935920526338,8.207448141826262,,20.0,,,0.01,40.407900530114134,,47.23550346397225,,0.8314774895778366,,,,,2019,2
1763,1763,CAUVERY AT TIRUCHIRAPPALLI U/S TAMILNADU,591,Tiruchirappalli,TIRUCHIRAPPALLI,10.833263,78.718224,2019-02-15 08:30:00,,171.12866603985208,6.606041623705125,368.2303254922746,7.588017041827679,,180.84301753957715,,,,115.80426313413412,,21.92536137103164,,0.6467756727293457,,,0.17364523040158564,,2019,2
1764,1764,CAUVERY AT TRICHY GRAND ANAICUT TAMILNADU,586,Thanjavur,Thiruvaiyaru,10.830327,78.81177,2019-02-15 08:30:00,0.05,147.26981977694317,6.919469185021027,336.00820544283647,7.603476219451215,,242.64543059314855,,,,120.82805199404933,,25.88513876126216,,0.01,,,,,2019,2
1765,1765,CAUVERY AT URRACHIKOTTAI ERODE TAMILNADU,580,Namakkal,Tiruchengode,11.354178,77.750436,2019-02-15 08:30:00,3.221542248485834,350.9063104974017,7.4708734651579345,519.9317449218186,7.53853374849065,,235.1531666215864,0.01,,0.6743534920611696,112.96753514611649,,36.561659944926426,,2.198869983373203,,0.023988129798992383,,,2019,2
1766,1766,CAUVERY AT VAIRAPALAYAM NAMAKAL TAMILNADU,580,Namakkal,Tiruchengode,11.361583,77.742411,2019-02-15 08:30:00,0.9259059459340855,179.88936256395553,5.366085563224638,285.4115165674733,7.193004161558761,,113.42317553632145,,,0.44831062037978986,110.80594565588686,,37.767971243972475,,3.337508698794644,,,,,2019,2
1767,1767,CAUVERY AT VELORE NEAR KATTIPALAYAM TAMILNADU,580,Namakkal,Paramathivellur,11.18,78.01,2019-02-15 08:30:00,0.6041981793786473,72.05804173878843,7.958391164571748,40.0,7.884837424483479,,191.21912141780143,,,0.26400972868319433,10.0,,5.0,,0.3846635029584766,,,0.08126153235180911,,2019,2
1768,1768,CHENNAI-1 NESAPAKKAM (ZONE-IV),568,Chennai,CHENNAI,13.035832,80.193265,2019-02-15 08:30:00,0.09584439439281636,36.25136332333298,6.723937791288283,500.0326789462974,7.11540011357121,,146.5742445073943,,,,125.69686679235603,,37.06842907468664,,2.221586447250442,,,0.148635044240892,,2019,2
1769,1769,CHENNAI-2 PERUNGADI(ZONE-V),574,Kancheepuram,KANCHEEPURAM,12.9566,80.23435,2019-02-15 08:30:00,1.7965396906736084,293.9128921348447,7.8196097712730595,40.0,6.198455009434988,,181.05576159985733,,,,94.20066951019832,,41.567321976724116,,0.04366860241902071,,0.06448410535147239,,,2019,2
1770,1770,CHENNAI-3KODUNGAIYUR (ZONE I&II),568,Chennai,CHENNAI,13.138808,80.260799,2019-02-15 08:30:00,0.1348727797729508,101.48735986773943,5.5586696975105045,544.9752727707256,7.433137501823108,0.001,171.47797991105776,,,0.12296430363230468,50.559075740469645,,7.354435924420812,,1.9442333674316947,,,,,2019,2
1771,1771,CHENNAI-4 KOYAMBEDU (ZONE-III),568,Chennai,CHENNAI,13.0642,80.200156,2019-02-15 08:30:00,0.2422359311735047,169.67003327253977,8.765061620307016,794.4805307007049,7.4132447151889975,,166.6335740574108,,,0.8422429113641452,96.96658268753914,,29.57275439830349,,2.3595310151974944,,,,,2019,2
1772,1772,CHENNAI WATERWAYS AT BUCKINGHAM CANAL (ICE HOUSE),568,Chennai,CHENNAI,13.050823,80.278958,2019-02-15 08:30:00,,54.503671725814755,6.430207164196299,362.8593116507635,7.2154898112510235,0.001,168.8590288394672,,0.02,,81.42242038557794,,5.0,,1.6916426977933727,,0.0014023277291376234,,,2019,2
1773,1773,CHENNAI WATERWAYS AT BUCKINGHAM CANAL (TIDAL PARK),568,Chennai,CHENNAI,12.988133,80.25192,2019-02-15 08:30:00,0.5521094512695498,107.0984399521617,6.037141557153911,427.72286853956757,8.03996381519664,,255.6564053763033,,,,46.779249263230504,,30.742630722696745,,0.01,,,,,2019,2
1774,1774,CHENNAI WATERWAYS AT BUCKINGHAM CANAL X OTTERI NULLAH CONFLUENCE (GMR VASAVI INDUSTRIES),568,Chennai,CHENNAI,13.10524,80.271091,2019-02-15 08:30:00,0.4321904037918712,106.57316540956555,5.238641917068598,366.57390341615724,7.702027111573225,0.001,54.40727807445697,,,,64.58005764945617,,59.37718759251973,,0.5136841941256207,,,,,2019,2
1775,1775,CHENNAI WATERWAYS AT CAPTAIN COTTON CANAL (ERUKANJERI),568,Chennai,CHENNAI,13.126266,80.256935,2019-02-15 08:30:00,1.939825950738422,203.08760925452594,7.658930884546464,685.5853176289652,6.970557691482958,0.011429563924113366,213.48875750334892,,,0.5830285498725011,102.24838227339887,,37.40467838417463,,1.8328404443522912,,0.011873745165750555,,,2019,2
1776,1776,CHENNAI WATERWAYS AT CC X BC CONFLUENCE (KODUNGAIYUR),568,Chennai,CHENNAI,13.136803,80.249192,2019-02-15 08:30:00,0.20599650304306147,68.12426773024629,7.221299285729317,672.6940996836391,7.50555650897144,,177.18458989708185,,0.02,0.4235484744065456,71.81027364520529,,49.1452354368107,,0.27593950323188854,,0.001,0.02641074346499151,,2019,2
1777,1777,CHENNAI WATERWAYS AT MAMBALAM DRAIN (GOLF COURSE),568,Chennai,CHENNAI,13.022221,80.233657,2019-02-15 08:30:00,0.5761659137490226,72.78732753704575,5.657075118748965,445.81575189044787,7.599241811174965,,284.2295911863902,,,0.10246765440598322,82.72253154607755,,10.320286647750429,,1.4260467523886717,,,,,2019,2
1778,1778,CHENNAI WATERWAYS AT MAMBALAM DRAIN (USMAN ROAD),568,Chennai,CHENNAI,13.028381,80.227747,2019-02-15 08:30:00,,65.9297308518151,7.58872842175005,561.0518994013156,7.86054505500403,0.006501787901978112,141.4966884364013,0.01,,,43.76738890199735,,28.902625788114605,,1.3361622596908311,,,,,2019,2
1779,1779,CHENNAI WATERWAYS AT OTTERI NULLAH (KILPAUK GARDEN),568,Chennai,CHENNAI,13.086538,80.234507,2019-02-15 08:30:00,0.6411379529386206,34.85020716526404,4.569288140665275,387.26512336583875,7.696410866257529,0.001,128.00429070576325,,,0.0675888273069872,69.89580187768246,,54.10092918272931,,1.0535976963008766,,,,,2019,2
1780,1780,CHENNAI WATERWAYS AT OTTERI NULLAH (ORIGIN),568,Chennai,CHENNAI,13.099796,80.196273,2019-02-15 08:30:00,0.11632041574485157,10.0,6.2692660246262655,249.70811168266079,7.865402003302144,0.004090356758906347,53.332374857720325,,,,87.33841827336103,,51.133583344015875,,0.4410387722694664,,,,,2019,2
1781,1781,COLLECTOR WELL AT THIRUPUVANAM FOR MADURAI WAT. SUPPLY SCHEME TAMILNADU,585,Sivaganga,Sivagangai,9.826111,78.257297,2019-02-15 08:30:00,0.4821462511046851,129.89434169560948,5.923295964906523,779.3831571283322,7.451912709259953,,207.62452489909833,,,,10.0,,43.10208513647357,,0.01,,,,,2019,2
1782,1782,ERAL - CHARMAM ARUNACHALA SWAMY TEMPLE WEST OF BORE WELL,594,Thoothukudi,Thoothukudi,8.621439,78.016285,2019-02-15 08:30:00,,76.89922996072313,7.263068479679522,391.2950807994599,7.9733743762669835,,208.10129635718667,,,0.37212750163548053,68.3294689111336,,38.02126104940009,,0.4746088293570909,,,,,2019,2
1783,1783,ERODE-1,573,Erode,ERODE,11.333111,77.747343,2019-02-15 08:30:00,,121.30096277512915,7.339479937821852,538.5806895199627,7.57783127880801,,300.6910608475499,,,,119.19965628890924,,31.51484986950614,,1.8697106701744954,,,,,2019,2
1784,1784,ERODE-2,573,Erode,ERODE,11.338655,77.74513,2019-02-15 08:30:00,,215.88589366930017,5.849461055980541,1244.4970138194471,7.612853579735333,,153.5276826943347,,,0.26793068385563246,59.993368468438426,,29.962896634827093,,1.9466738433658022,,,,,2019,2
1785,1785,HOUSE OF THIRU MURUGAN S/O. ESAKKI NO.16B MEENAKSHIPURAM ANNA NAGAR TIRUNELVELI,592,Tirunelveli,TIRUNELVELI,8.727206,77.709638,2019-02-15 08:30:00,0.47387744891569733,91.07904220396246,4.863756963526361,165.40238206189537,7.560651991384804,,224.62566015812098,,,0.40218231808581634,130.2671414800487,,8.173703465705646,,1.7862734455981064,,,,,2019,2
1786,1786,KAKKADAVU KERALA,569,Coimbatore,POLLACHI,10.742228,77.060508,2019-02-15 08:30:00,,156.24359336968152,9.401950184637167,380.71242769141537,7.558771969007346,,151.42029351292368,,,0.6536514621717453,71.3442250301172,,57.25226070995784,,0.7194366917594462,,,0.015349972129855078,,2019,2
1787,1787,KARUR,576,Karur,KARUR,10.955411,78.055554,2019-02-15 08:30:00,,114.23486315995889,7.372735251124591,446.46374504434357,7.256718391675658,,181.73745600465742,,,,137.7640410978395,,37.80035202965403,,0.41046989839734693,,,,,2019,2
1788,1788,KODAI KANAL LAKE TAMILNADU,572,Dindigul,KODAIKANAL,10.233619,77.485653,2019-02-15 08:30:00,0.5393873095102703,10.0,6.035092879856483,78.28649952557976,6.652787901588482,,203.52829349710592,,,0.14219023261865193,48.554979072304896,,41.49989644825578,,1.0161606607577667,,,,,2019,2
1789,1789,KOMBUPALLAM SATHYAMANGALAM,573,Erode,SATHYAMANGALAM,11.509621,77.230116,2019-02-15 08:30:00,0.7630372226116532,154.13054287814376,4.916325612621195,421.04930192406835,7.614935475954448,,220.4129027652822,,,,57.26680381592473,,5.0,,1.0522192704164133,,,,,2019,2
1790,1790,KUMBAKONAM,586,Thanjavur,THANJAVUR,10.78627,79.15819,2019-02-15 08:30:00,0.44934575075789923,159.02934669568077,4.1375814342999355,836.4285219685703,7.737874449206068,,238.51668559510767,,,,62.878199691322564,,40.40748979192284,,0.43845692185899743,,,,,2019,2
1791,1791,LOCATED ADJACENT TO KARU MSW DUMP SITE AND ON THE NORTHERN BANK OF RIVER AMARAVATHI AND DOWNSTREAM,576,Karur,KARUR,10.951185,78.035374,2019-02-15 08:30:00,0.05,64.3017295702256,6.925808186684357,139.20994525847942,7.876147528098216,,206.83908008284914,,,,124.9911831807009,,31.183202377394164,,3.0689168796796995,,,,,2019,2
1792,1792,LOCATED ON THE SOUTHERN BANK OF RIVER AMARAVATHI AND DOWNSTREAM SIDE OF KARUR DYEING CLUSTER,576,Karur,KARUR,10.917543,78.009517,2019-02-15 08:30:00,0.8103582037888393,122.05639056223256,7.349461417294677,366.2480483974696,6.948503544145686,0.001008203349975593,203.47875366140397,,,0.49928068335525383,130.86316245261483,,15.223475328766426,,1.3879384403977686,,,,,2019,2
1793,1793,MADUKARAI,596,Viluppuram,Viluppuram,11.871427,79.603728,2019-02-15 08:30:00,1.0910564260272333,37.96241244813916,7.08019364235715,621.6870308087407,7.3553957663795195,,217.4625597726678,,,,105.78011256773705,,5.08350719581037,,2.6670597831999796,,,,,2019,2
1794,1794,MAYILADUTHURAI,589,Tiruvallur,TIRUVALLUR,10.812621,79.608435,2019-02-15 08:30:00,0.23012132088714146,30.492278549490095,5.681313206270801,338.90478829839424,6.955553751680702,,279.577339719875,,,,77.16833195439779,,27.93032140248451,,2.2321280190127943,,,,,2019,2
1795,1795,M. KALIAPPAN SANGILIMUNIYAPPAN KOVIL ERIKKADU METTUR,584,Salem,Sankari,11.478265,77.881114,2019-02-15 08:30:00,0.20979425612560562,135.98209774680757,7.021149753578877,829.3720393341792,7.347446963400621,,193.44888758698522,,,,27.99869972385308,,8.957768231062435,,1.3563439328212148,,,,,2019,2
1796,1796,MUNICIPAL CORPORATION BORE WELL LOCATED IN PERUMALPURAM STREET NARANAMMALPURAM TIRUNELVELI,592,Tirunelveli,PALAYAMKOTTAI,8.698363,77.738123,2019-02-15 08:30:00,,107.90420914423028,6.334811745832787,824.4637455023609,7.153771428135305,,181.89342218112247,,,,155.20334423046148,,25.949155059158915,,0.5709620757001133,,,,,2019,2
1797,1797,OVER HEAD TANK AT TIRUR VILLAGE TIRUVALLUR TALUK TIRUVALLUR PANCHAYAT UN,589,Tiruvallur,TIRUVALLUR,13.106545,79.960588,2019-02-15 08:30:00,,236.99809731153402,7.260401529498269,253.48878762412775,6.654467695634974,,141.26107995932975,,,,66.14034798085126,,37.70343506879347,,0.9048539272207756,,,,,2019,2
1798,1798,PALAR AT VANIYAMBADI WATER SUPPLY HEAD WORK TAMILNADU,595,Vellore,VANIYAMBADI,12.679231,78.595417,2019-02-15 08:30:00,,227.09423793864434,7.133912912797325,648.8180394309824,7.823786984913967,,90.94453838597386,,,,37.7614552861192,,5.0,,0.9554799239287355,,,,,2019,2
1799,1799,PARAMASIVAM WATER SERVICE STATION BLOCK NO.13 BSNL EXCHANGE OPPOSITE METTUR DAM - 636 402.,584,Salem,METTUR,11.803279,77.804723,2019-02-15 08:30:00,,54.523386134876674,7.3210452885568,230.28029567639058,7.3222951983368025,,110.45248388061012,,,,98.69100565842305,,57.30659593034299,,2.144767599083359,,,,,2019,2
1800,1800,PERUR CHETTIPALAYM PANCHAYAT LOCATED ADJACENT TO NOYYAL RIVER AT PERUR-VEDAPATTY ROAD (OPP VINAYGAR,573,Erode,ERODE,11.128875,77.39572,2019-02-15 08:30:00,,116.0145335275198,7.203949859140186,548.0054184312559,7.484159048462272,,210.91655201740855,,,0.19817977545621937,80.26448650623088,,67.49638026426663,,0.8602853368672714,,,,,2019,2
1801,1801,POONDI LAKE AT THIRUVALLUR TAMILNADU,589,Tiruvallur,TIRUVALLUR,13.169731,79.888236,2019-02-15 08:30:00,0.20436861727572112,45.309262672844554,8.193326010934562,362.8503615195758,7.984744046781705,,198.9321567911835,,,0.017682340219087787,177.15137236869973,,44.70369387659184,,0.35080188703505,,,,,2019,2
1802,1802,PORUR LAKE AT THIRUVALLUR TAMILNADU,589,Tiruvallur,TIRUVALLUR,13.033945,80.148344,2019-02-15 08:30:00,0.35266245757363845,74.7354031011669,5.851039169953319,622.4734717723579,6.893467799574426,,138.14554797620497,,,,37.63208813453608,,56.499313821576635,,1.5712228313445455,,,0.0843082017255404,,2019,2
1803,1803,PULICATE LAKE AT THIRUVALLUR TAMILNADU,589,Tiruvallur,TIRUVALLUR,13.427023,80.292679,2019-02-15 08:30:00,0.40578850107426345,99.59826089750385,6.560848704636409,502.31541989059303,7.419432879297548,,264.4374134258813,,,0.13253816340217314,81.64356404863987,,34.4561709178829,,1.2695081119022493,,,,,2019,2
1804,1804,REDD HILLS AT THIRUVALLUR TAMILNADU,589,Tiruvallur,TIRUVALLUR,13.193092,80.172867,2019-02-15 08:30:00,0.4205844841535134,231.62888574266364,5.633088802734541,231.36606550573995,7.716587531026927,,134.90860666012944,,,,10.0,,46.16609438139382,,1.3358302175197554,,,,,2019,2
1805,1805,RIVER ADYAR AT EKKATTUTHANGAL,574,Kancheepuram,KANCHEEPURAM,13.026747,80.192542,2019-02-15 08:30:00,0.05,63.40479358219618,8.007135158525983,506.86330391997996,7.534378760185216,,156.5787649402609,,,0.3519714247238988,92.20117146550866,,48.51210014780083,,2.2382130873796737,,,,,2019,2
1806,1806,RIVER ADYAR AT JAFERKHANPET,574,Kancheepuram,KANCHEEPURAM,13.02849,80.20247,2019-02-15 08:30:00,,163.64885307046626,6.744430734171751,653.274353516871,7.790894326296483,,253.54224442436515,,,0.04941759425983784,105.68110579299031,,50.45392646186081,,1.5170220319094974,,,,,2019,2
1807,1807,RIVER ADYAR AT KOTTURPURAM BRIDGE,568,Chennai,CHENNAI,13.025906,80.243554,2019-02-15 08:30:00,0.7865484772018874,79.41238432127712,5.405672063826003,243.01222349192014,6.6776733009013105,,168.1828533334667,,,,94.6706755953724,,39.91975360121469,,2.449795368510633,,,,,2019,2
1808,1808,RIVER ADYAR AT MARAIMALAI BRIDGE,574,Kancheepuram,KANCHEEPURAM,13.02724,80.208104,2019-02-15 08:30:00,0.21217731326693443,218.63274992495036,8.112926832505346,554.4084403326677,7.911440685098646,,167.0547564287383,,,,132.14896346342488,,43.77711815420836,,1.3421287971751914,,,,,2019,2
1809,1809,RIVER ADYAR AT NANDAMBAKKAM,574,Kancheepuram,KANCHEEPURAM,12.965867,80.109983,2019-02-15 08:30:00,1.4760606172823556,112.89342873240696,6.103011772730954,646.4609610039367,7.306178316040874,,229.64546880530997,,,,53.68227682910462,,41.92731016427963,,1.5111668288322317,,,,,2019,2
1810,1810,RIVER ADYAR BEFORE GOLF COURSE,574,Kancheepuram,Tambaram,12.938473,80.094802,2019-02-15 08:30:00,1.3169978073761008,200.9524466999817,5.504638718503655,674.7074904448876,7.602458999974053,,345.7221489143147,,,0.2966621977688571,129.26501236549137,,47.724721732451044,,0.9165421278007211,,,,,2019,2
1811,1811,RIVER ADYAR NEAR BOAT CLUB,568,Chennai,CHENNAI,13.023184,80.247552,2019-02-15 08:30:00,1.1877100138487489,283.8915055333559,7.1168716170475035,209.17253926808613,7.619072432649996,,20.0,,,,10.0,,40.851381377334846,,0.8197259659688956,,,0.07216768003227941,,2019,2
1812,1812,RIVER CAUVERY AT BHAWANI D/S,573,Erode,ERODE,11.422026,77.679686,2019-02-15 08:30:00,,19.584150806733547,5.016341445912253,587.4825021025185,7.493387725038541,,101.30889232446265,,,,77.99100133477818,,28.655851336318563,,0.4483075349767789,,,,,2019,2
1813,1813,RIVER CAUVERY AT ERODE U/S,573,Erode,ERODE,11.369068,77.727294,2019-02-15 08:30:00,0.0947017348446652,56.42877804877804,5.34889976347847,389.2395669125449,6.828667957116986,,73.72938935554492,,,0.041394057870132644,80.23732864379531,,53.19146109372973,,1.959727486889951,,,0.15768160133427872,,2019,2
1814,1814,RIVER CAUVERY AT KARUR U/S,576,Karur,KARUR,11.008673,78.159341,2019-02-15 08:30:00,,154.72097730309963,4.223615227401177,699.9015044385173,7.941512892601186,,301.0923570567695,,,,132.3380810888924,,49.65515186032816,,1.5785127243327424,,,,,2019,2
1815,1815,RIVER CAUVERY AT KUMARAPALAYAM U/S,580,Namakkal,Tiruchengode,11.427111,77.686922,2019-02-15 08:30:00,1.1686446061827112,19.96571639675247,7.820470188866559,48.83159828909106,7.27178113161057,,206.52596966292782,,,,30.69470220204372,,32.717793470013056,,1.0588743570973378,,,0.24226259751443313,,2019,2
1816,1816,RIVER CAUVERY AT KUMBAKONAM D/S,586,Thanjavur,KUMBAKONAM,10.964811,79.351278,2019-02-15 08:30:00,0.78726210727189,76.19668828439158,6.373544306627411,290.1443260142788,7.428474658959559,,238.4801908278967,,,,66.51609324045197,,33.10047154282536,,2.4682906977429706,,,,,2019,2
1817,1817,RIVER CAUVERY AT MAYILADUTHURAI D/S,579,Nagapattinam,Mayiladuthurai,11.105488,79.647969,2019-02-15 08:30:00,,335.3402636696785,6.389011938184325,902.6058300029961,7.3858343232308,,129.21540668865947,,,,112.16064304175305,,5.0,,1.7137317479905838,,,,,2019,2
1818,1818,RIVER CAUVERY AT PALLIPALAYAM D/S,580,Namakkal,Tiruchengode,11.365347,77.741652,2019-02-15 08:30:00,0.9289453059067903,110.23522437047812,8.782915856565438,155.3117241465921,6.921030006092916,,299.96775915529423,,,0.6370929706128097,101.05129664708821,,37.465515612776024,,0.01,,,,,2019,2
1819,1819,RIVER COOUM AT AMANJIKARAI,568,Chennai,CHENNAI,13.068081,80.231405,2019-02-15 08:30:00,0.5011196682122987,158.49331266388958,5.399129617684064,479.8887269016353,6.683255077710126,,141.44858143566586,,,0.15267408447176167,48.80024026023469,,25.157065290004542,,2.2057026466087795,,,0.037298244763777126,,2019,2
1820,1820,RIVER COOUM AT ANNA NAGAR,568,Chennai,CHENNAI,13.07865,80.207011,2019-02-15 08:30:00,,93.8693278449929,6.927788350140218,674.2833835064872,6.779486580556715,,137.88318639197368,,,0.30032650979113623,97.14174588011724,,26.33220335850111,,1.6907325617986986,,,,,2019,2
1821,1821,RIVER COOUM AT ARUMBAKKAM,568,Chennai,CHENNAI,13.074866,80.221849,2019-02-15 08:30:00,1.2809953076384988,148.24062501063472,5.730789747753808,418.7423444963933,6.293236370954837,,95.56794450599519,,,,134.0512165367082,,53.95864030394466,,0.8177548206398292,,,,,2019,2
1822,1822,RIVER COOUM AT COLLAGE ROAD,568,Chennai,CHENNAI,13.070824,80.249921,2019-02-15 08:30:00,0.1673768647660622,10.0,6.718100648910315,303.24708071874704,7.5377756444440065,,237.49168469686074,,,,121.6866934295346,,34.204677250819636,,0.9827566297835835,,,,,2019,2
1823,1823,RIVER COOUM AT NAPIER BRIDGE,568,Chennai,CHENNAI,13.069423,80.284355,2019-02-15 08:30:00,0.674763698230637,14.577772965630885,8.355736418857912,798.469476667724,7.360192799366438,,362.5421835040156,,,,57.463267122671546,,64.15530348291765,,0.850193693424224,,,,,2019,2
1824,1824,RIVER COOUM AT POONAMALLE,589,Tiruvallur,TIRUVALLUR,13.065634,80.113691,2019-02-15 08:30:00,,183.90651474187874,6.0004876837404195,249.66443650499536,7.199364890525081,,167.74496619390774,,,0.43553494717738517,150.37887593229323,,45.70172013354108,,0.01,,,,,2019,2
1825,1825,RIVER COOUM NEAR CENTRAL JAIL,589,Tiruvallur,TIRUVALLUR,13.169913,80.21808,2019-02-15 08:30:00,0.1800639453556597,36.82866090398653,7.920987775186792,477.672142968722,6.952662652475643,,139.9830789186682,,,0.7651601945752745,186.50236442624143,,45.78256304459171,,1.7011088264802336,,,,,2019,2
1826,1826,RIVER LOCATIONS AT KUMARAPALAYAM,580,Namakkal,Tiruchengode,11.447221,77.691963,2019-02-15 08:30:00,,79.63515742111115,8.422280941723846,405.16673472831474,7.4687520651951065,,85.15145457851159,,,0.02936153640035651,121.97187729232448,,11.587187589344307,,1.7074023011771406,,,0.18352205213795447,,2019,2
1827,1827,RIVER TAMRABARANI AT TIRUNELVELI D/S,592,Tirunelveli,TIRUNELVELI,8.78198,77.79011,2019-02-15 08:30:00,,91.93088217876351,6.735460533603417,545.1825676183767,7.186382970947833,,205.27615339510297,,,,100.63316872797489,,9.210679866244394,,0.01,,,,,2019,2
1828,1828,RIVER VAIGAI AT MADURAI D/S,578,Madurai,MADURAI SOUTH,9.92812,78.125036,2019-02-15 08:30:00,1.7691649525709898,53.97835638430385,5.658406279834204,505.12594759647175,8.055053685856262,,77.66695808615545,,,0.12652043284272943,67.06038276534275,,51.16934368170886,,0.01,,,,,2019,2
1829,1829,RIVER VAIGAI AT MADURAI U/S,578,Madurai,MADURAI SOUTH,9.927433,78.121013,2019-02-15 08:30:00,0.05,267.24539001104876,7.043984599701838,269.09441530734193,7.485573437513979,,238.24891823943304,,,0.03276371513214748,113.71956565233181,,6.860466724806685,,1.5847549106204286,,,,,2019,2
1830,1830,RIVER VENNAR AT THANJAVUR D/S,586,Thanjavur,THANJAVUR,10.816856,79.140224,2019-02-15 08:30:00,,119.48861439521703,4.966874211132729,480.8798394785855,6.845659150629526,,153.26581600830735,,,,30.282584556346308,,45.60743250699511,,0.21126226119264557,,,,,2019,2
1831,1831,SAKTHI NAGAR NEAR MUNICIPALITY SEWAGE TREATMENT PLANT KOMPURANKADU METTUR,574,Kancheepuram,SRIPERUMBUDUR,13.00996,80.162403,2019-02-15 08:30:00,0.3989460409782412,71.69454734233724,4.418780799213417,569.9826290913096,6.569214781494318,,185.463120347675,,,,14.67135987181831,,27.661302147855984,,0.8856747058350746,,,,,2019,2
1832,1832,SARABANGA AT SALEM D/S OF TEXTILE DYEING INDUSTRIES EFFLUENT TAMILNADU,584,Salem,SALEM,11.649094,78.148011,2019-02-15 08:30:00,,29.152793622270096,7.446655497349054,449.6051885096115,6.985868757201139,0.001,244.9698271220792,,0.02,0.7753481139856601,116.07981946391016,,25.634966115376233,,0.6936470426008872,,,0.026787032172014526,,2019,2
1833,1833,SRIVAIKUNDAM - BLOCK DEVELOPMENT OFFICE - OPEN WELL,594,Thoothukudi,Thoothukudi,8.625282,77.907778,2019-02-15 08:30:00,0.910182366861781,73.88053304572077,7.055411094883724,301.2652086586834,7.819299769486308,,167.9034874744349,,,0.18030938328831528,73.81906013184204,,28.66481487339692,,1.1767600379882692,,,,,2019,2
1834,1834,SRIVAIKUNDAM - TNEB SUB STATION 33 KVA OPPOSITE TO TIRUNELVELI MAIN ROAD OPEN WELL,592,Tirunelveli,NANGUNERI,8.575329,77.769134,2019-02-15 08:30:00,,134.15673997918665,5.396227264218911,40.0,7.3771041567602085,,275.31091722426845,,,0.01,129.66257076455193,,39.42085070704248,,3.0802712961234424,,,,,2019,2
1835,1835,SURIYAMPALAYAM BOREWELL (HAND PUMP) OWNED BY ERODE CORPORATION LOATED OPPOSITE TO M/S. PIONEER PROC,573,Erode,ERODE,11.408563,77.685422,2019-02-15 08:30:00,,94.1394437561114,5.8047913165090215,295.6199837489048,7.743129761343799,,126.17733060212532,,,0.03792797779787987,85.55488288703904,,24.951003268255043,,0.914396408439188,,,,,2019,2
1836,1836,TAMBIRAPARANI AT ARUMUGANERI TAMILNADU,594,Thoothukudi,Thoothukudi,8.624431,78.068808,2019-02-15 08:30:00,0.24054964622779057,216.35263649045174,4.804186589761039,841.1307708613376,7.656033973176351,,120.95927341612025,,,0.024671748419340972,93.07759613341928,,8.945679373511126,,0.8043783324381766,,,0.01239138784672942,,2019,2
1837,1837,TAMBIRAPARANI AT BDG.NR. MADURA COATS LTD.PAPAVINASAM TAMILNADU,592,Tirunelveli,AMBASAMUDRAM,8.663294,77.422222,2019-02-15 08:30:00,,28.939029203352092,8.028736075369936,121.06927513354566,7.123366722746953,,92.87644607721441,,,0.15070324630565032,36.98718191210733,,37.22038625972895,,1.589308764915849,,,,,2019,2
1838,1838,TAMBIRAPARANI AT CHERANMADEVI CAUSE WAY TAMILNADU,592,Tirunelveli,AMBASAMUDRAM,8.700586,77.56595,2019-02-15 08:30:00,0.1329512174292523,131.16505222570697,5.466003555952712,40.0,7.08506454815401,,167.38183473521102,,,0.10752339927928528,64.5158040660574,,31.2828549434021,,0.2022480063096569,,,,,2019,2
1839,1839,TAMBIRAPARANI AT ERAL THOTHUKUDI TAMILNADU,594,Thoothukudi,Thoothukudi,8.620606,78.022839,2019-02-15 08:30:00,,182.24775721185517,5.196320136078057,343.8124081727646,7.860077976563831,,96.68935321833419,,,0.1800816719079882,106.07784876137279,,14.322884692232595,,1.8254746505948574,,,,,2019,2
1840,1840,TAMBIRAPARANI AT KALLIDAI KURICHI TIRUNELVELI TAMILNADU,592,Tirunelveli,AMBASAMUDRAM,8.69375,77.462681,2019-02-15 08:30:00,,24.643481068394024,8.922296389533825,314.0891444549726,7.074418386043193,,178.69644503087696,,,0.09735670210066281,89.47937292752488,,40.57139149217712,,0.4809134623139022,,,,,2019,2
1841,1841,TAMBIRAPARANI AT MURAPPANADU TAMILNADU,594,Thoothukudi,Thoothukudi,8.721606,77.832797,2019-02-15 08:30:00,,257.68832772825607,5.403315843204765,538.3636432183201,7.830723098100081,,117.02420653678598,,,0.44423537006725033,44.02869535616392,,28.91621734485413,,0.561390233408698,,,,,2019,2
1842,1842,TAMBIRAPARANI AT PAPPANKULAM TAMILNADU,592,Tirunelveli,AMBASAMUDRAM,8.758606,77.424597,2019-02-15 08:30:00,0.677645729110262,193.26824466512664,5.900341194001152,403.5977297345548,7.68077809304447,,307.57593079025435,,,0.07140924284194386,140.19206212751652,,22.938925654423883,,2.465410962369184,,,,,2019,2
1843,1843,TAMBIRAPARANI AT RAIL BDG. NR. AMBASAMUDAM TAMILNADU,592,Tirunelveli,AMBASAMUDRAM,8.729581,77.467289,2019-02-15 08:30:00,0.7120513642088047,89.83513462543647,6.2970380471936425,257.76776483616874,7.123513033882455,,180.42909608243417,,,,94.49647796043759,,16.92603067028986,,0.10644867313431239,,,,,2019,2
1844,1844,TAMBIRAPARANI AT SIVALAPERI CONFLUENCE POINT OF KUTTRALAM FALLS D/S OF PALAYAMKOTTAI TIRUNELVELI TA,592,Tirunelveli,PALAYAMKOTTAI,8.700031,77.690869,2019-02-15 08:30:00,,108.53037880224255,6.1874137606239765,622.2689996030175,7.426974300228726,,305.3038722133186,,,,102.42499518028743,,30.426043191229546,,0.24502497418501834,,,0.10614119043753943,,2019,2
1845,1845,TAMBIRAPARANI AT SRIVAIKUNTAM D/S OF SK ANAICUT TIRUNELVELI TAMILNADU,594,Thoothukudi,Thoothukudi,8.627358,77.909,2019-02-15 08:30:00,0.15726712079123673,160.58399885038014,6.689233063955372,350.97283587534383,6.757014523747954,,134.64736086771882,,,,151.51484394256232,,57.156417635878455,,0.6078544603149773,,,,,2019,2
1846,1846,TAMBIRAPARANI AT TIRUNELVELI COLLECTORATE TAMILNADU.,592,Tirunelveli,TIRUNELVELI,8.734125,77.716764,2019-02-15 08:30:00,,63.34543496807905,7.888114378957174,433.79655422329347,6.0,,108.81617787900088,,,,57.80256220966339,,14.711613493726816,,0.3942602114338798,,,0.26990570436808414,,2019,2
1847,1847,TAMBIRAPARANI AT VELLAKOIL TIRUNELVELI TAMILNADU,592,Tirunelveli,TIRUNELVELI,8.718019,77.703531,2019-02-15 08:30:00,,114.69041286319566,6.560108178284956,572.2884193414084,7.545527234779559,,217.08306926202044,,,,44.8124288450034,,46.639057435800815,,0.15465653548416647,,,,,2019,2
1848,1848,THALAVAIPETTAI BHAVANI,573,Erode,BHAVANI,11.456295,77.615817,2019-02-15 08:30:00,,52.358128673169745,6.198275897031807,475.2298550364323,7.170597417498033,,111.98810024235587,,,,14.791201023961833,,44.73100167131515,,1.088210494260983,,,,,2019,2
1849,1849,THANJAVUR,586,Thanjavur,THANJAVUR,10.786359,79.157779,2019-02-15 08:30:00,0.2710899248110645,10.0,5.790023121781098,376.7393461630119,7.709496123708518,,145.3725963309312,,,,110.69601690188456,,5.0,,0.5627795398717221,,,,,2019,2
1850,1850,THENPENNAIYAR AT CHOKKARASANAHALLI BRIDGE (BANGALORE),571,Dharmapuri,DHARMAPURI,12.863435,77.831855,2019-02-15 08:30:00,1.321181353956284,10.0,7.381876331046,641.267378517334,7.975629099806686,,122.00429361666016,,,0.8409473587603858,64.62244223119076,,22.350011012143938,,2.4099645806777716,,,,,2019,2
1851,1851,THIRUKKANUR,596,Viluppuram,Viluppuram,11.991116,79.639712,2019-02-15 08:30:00,,151.80992746978964,5.1131104716788105,722.336724273319,6.343217467037336,,249.81636537638627,,,0.6361760335509149,103.71404677280061,,37.654442640492476,,1.5711993032398814,,,,,2019,2
1852,1852,THIRUMANIMUTHAR AT SALEM D/S OF SAGO & TEXTILE DYING INDUSTRIES TAMILNADU,584,Salem,SALEM,11.645876,78.120341,2019-02-15 08:30:00,,28.088554555184828,8.209872411966598,514.0957814451143,7.055808619254636,,76.06600076961071,,0.02,,88.43583782597936,,28.181519466487053,,1.0451319386371998,,,,,2019,2
1853,1853,TIRCHIRAPPALLLI-SRIRANGAM,591,Tiruchirappalli,TIRUCHIRAPPALLI,10.822062,78.688706,2019-02-15 08:30:00,0.6262823038951718,125.21346728665614,6.420632537544232,837.2096283296686,7.59001137444126,,239.02159230710237,,,0.01828304965237348,33.28505071181881,,31.944851228860614,,2.027734481402349,,,,,2019,2
1854,1854,TIRUNELVELI,592,Tirunelveli,PALAYAMKOTTAI,8.707446,77.742528,2019-02-15 08:30:00,,91.97631103647987,5.583381604719249,178.22007941787592,7.847580088673748,,91.73390096763333,,,0.029778871139602963,117.8302044345464,,33.33437551048651,,3.181124985108211,,,,,2019,2
1855,1855,UDHAGAMADALEM LAKE (OOTY) TAMILNADU,587,Nilgiris,Pandalur,11.400623,76.690453,2019-02-15 08:30:00,0.15353352865788972,143.18954348340512,7.383971647959157,203.80979678525472,7.021482104398572,,108.46460650810099,,,,55.49115769234359,,41.01078476654876,,1.244620412088069,,,,,2019,2
1856,1856,VASISTA AT SALEM D/S OF SAGO INDUSRIES EFFLUENT TAMILNADU,584,Salem,SALEM,11.647853,78.138125,2019-02-15 08:30:00,0.20676747119646083,109.52883949575089,8.227042717183314,566.3982559805473,7.390297046950085,0.0061920928869925,148.5727324383981,,,0.2766309442406986,48.19023876393487,,20.66144682345344,,0.3345266973012371,,,,,2019,2
1857,1857,VEERANAM LAKE AT CUDDALORE TAMILNADU,570,Cuddalore,KATTUMANNARKOIL,11.341111,79.523058,2019-02-15 08:30:00,0.2752612536785557,57.869187204640546,5.472578655146065,702.6794633051047,7.425150175793,,210.25847175092238,,,,84.12507449821274,,69.90095835144285,,3.4778990822760054,,,0.0382134402444906,,2019,2
1858,1858,WELL AT KATTERIKUPPAM,596,Viluppuram,Viluppuram,12.001161,79.700722,2019-02-15 08:30:00,0.2739107623375762,165.9797543300404,7.793447691877763,590.0516430519067,7.517614583951109,,276.5099139544426,,,0.17252687339217526,72.3489382723633,,29.774541162766567,,1.3611938585066194,,,,,2019,2
1859,1859,WELL AT KOTHAPURINATHAM THIRUVANDARKOIL,596,Viluppuram,Viluppuram,11.930541,79.661783,2019-02-15 08:30:00,0.5847836046690675,283.68913581347454,7.241273890521195,587.7538170411003,7.015046729703995,,80.26253771576941,,,,74.1981622177585,,18.62622173562833,,2.6257409725345946,,,,,2019,2
1860,1860,WELL AT MUSIRI TAMIL NADU,591,Tiruchirappalli,MUSIRI,10.954883,78.443933,2019-02-15 08:30:00,0.5131926141416971,214.06513787325076,7.5133279379034645,540.0868007343915,7.115660927833398,,171.25130648332075,,,,100.76459897658437,,30.12109694835421,,0.8631498003351923,,,,,2019,2
1861,1861,WELL AT VADAMATTAM KARAIKAL,589,Tiruvallur,TIRUVALLUR,10.963617,79.678261,2019-02-15 08:30:00,,80.4483145533788,5.897248795907507,641.1638437025913,8.366389909750994,,271.70445075639475,,,,83.0340084984578,,58.11197000147228,,0.3763257117948332,,,,,2019,2
1862,1862,YERCAUD LAKE SALEM TAMILNADU,584,Salem,YERCAUD,11.783642,78.211153,2019-02-15 08:30:00,0.05,151.59770253523726,6.895550637409689,249.79418176034952,7.524899286571938,,127.50143248474717,,,0.40989749150240073,116.49500552895972,,21.014158189516202,,0.9862303810442834,,0.002695283946116049,0.054009296283824185,,2019,2
1863,1863,ALWARTHIRUNAGARI - VETERINARY DISPENSARY WEST CAR STREET NEAR OVER HEAD TANK OF BORE WELL,594,Thoothukudi,Thoothukudi,8.605592,77.944361,2019-03-15 08:30:00,1.3761597273779451,112.94840648284658,8.213803119479943,756.1396983365787,7.467597386414075,,154.66731636817275,,,,95.64587905808798,,20.965266033845438,,2.266675141989424,,,,,2019,3
1864,1864,AMRAVATI AT 1KM D/S FROM EFF.DIS. PT. AT MADHUTHUKKULAM,572,Dindigul,PALANI,10.541244,77.368656,2019-03-15 08:30:00,1.0953047903057695,173.87624866527582,5.140842906428098,559.806102587992,6.5047898598234735,,149.6616624510665,,,,93.34568071192561,,22.38152779255425,,2.103469433730479,,,,,2019,3
1865,1865,ARIYAPPAMPALAYAM SATHYAMANGALAM,573,Erode,SATHYAMANGALAM,11.488793,77.241248,2019-03-15 08:30:00,1.501419491008636,134.63661307141783,6.19842539571141,796.5540334892012,7.930337841203919,,123.44399139500933,,,0.06199933835522125,171.68068289938344,,52.834683994832695,,1.3288698951417452,,,0.013019943845709559,,2019,3
1866,1866,AUTHOR - MUKKANI AGRAGARAM STREET INFRONT OF THIRU N. SAMUTHRAPANDI HOUSE BORE WELL,594,Thoothukudi,Thoothukudi,8.634908,78.07465,2019-03-15 08:30:00,,234.85186283349339,6.841343189153997,453.99316855537154,7.800936736028124,,55.88424083594643,,,0.09009869217926308,53.16009133522583,,37.736752593774945,,0.5449037443508793,,,0.06947826033227109,,2019,3
1867,1867,BAHOUR LAKE,570,Cuddalore,CUDDALORE,11.819442,79.729208,2019-03-15 08:30:00,0.9377543424511228,187.68095507366132,6.523392827932228,40.0,7.15406547768114,,100.12368380890194,,,,47.386712499617275,,42.935838168274685,,2.6463462711619763,,,,,2019,3
1868,1868,BHAVANI AT BHAVANI SAGAR TAMILNADU,573,Erode,SATHYAMANGALAM,11.485294,77.134603,2019-03-15 08:30:00,,45.65403294066982,5.697384448557468,383.11095818627035,6.9365305638596935,,185.59005001666827,,,0.37532497269723436,93.6014324854892,,9.368353991222591,,0.5776754206603478,,,,,2019,3
1869,1869,BHAVANI AT BHAVANI TAMILNADU,573,Erode,BHAVANI,11.454094,77.679567,2019-03-15 08:30:00,,225.9009650268232,7.2369772328452795,265.86967126625746,7.154956468570228,,206.4562206469135,,,0.16051241495415777,77.4956342142288,,16.69589874372318,,0.5606910393148281,,,,,2019,3
1870,1870,BHAVANI AT D/S OF BHAVANISAGAR SATHYAMANGALAM ERODE TAMILNADU,573,Erode,SATHYAMANGALAM,11.503881,77.247036,2019-03-15 08:30:00,1.0566284126761838,62.512127812197434,8.151090103158769,726.7024628508052,7.006229887507414,,145.1315193332983,,,,31.662714182017254,,17.921026310779826,,0.9004360682388965,,,0.021355549873341678,,2019,3
1871,1871,BHAVANI AT D/S OF KALINGARAYAN CANAL (B10) ERODE TAMILNADU,573,Erode,BHAVANI,11.438223,77.681462,2019-03-15 08:30:00,0.16803066919657855,91.75126780532464,5.624031925907943,202.64681511691373,7.501182224917385,,105.11921699725127,,,,31.13565492442376,,27.07243770366181,,1.3228815358922592,,,0.15670515575887298,,2019,3
1872,1872,BHAVANI AT PATHIRAKALIAMMAN KOIL TAMILNADU,589,Tiruvallur,TIRUVALLUR,11.469259,77.296165,2019-03-15 08:30:00,,22.002079437615336,5.863986435150336,245.41614582878455,6.943510269522387,,185.58842888222503,,,0.23874217548388696,62.09445922303187,,29.17695195035049,,0.7250404584101942,,,,,2019,3
1873,1873,BHAVANI AT SIRUMUGAI TAMILNADU,569,Coimbatore,Mettupalayam,11.319948,77.011429,2019-03-15 08:30:00,1.3216022945205557,156.53132218463563,6.8943913978067775,587.6845046578561,7.5196323418287285,,359.358949713907,,,0.6302066128058322,33.601250147921824,,24.44448898720595,,1.2229829539770432,,,,,2019,3
1874,1874,BHAVANI AT U/S OF KALINGARAYAN CANAL (B5) ERODE TAMILNADU,573,Erode,ERODE,11.442818,77.676045,2019-03-15 08:30:00,,229.24854130005482,8.110956526595178,705.6738537882159,7.860238997901791,0.0025166648710683633,150.7400735916239,,0.02,0.34196658946086744,10.0,,15.826974816829487,,0.8003619715606335,,,0.12652947132673104,,2019,3
1875,1875,BOREWELL AT PASUPATHY PUDUR VILLAGE PALANI TALUK DINDIGUL DIST.,572,Dindigul,PALANI,10.448726,77.517259,2019-03-15 08:30:00,0.160067113772114,196.81974259723307,6.90364087132023,261.2845560194195,7.558683542679233,,259.8401885422794,,,0.11195547974301885,10.0,,18.711435377267314,,0.08077176272755349,,,,,2019,3
1876,1876,BORE WELL AT VANNIARVALASU VILLAGE NEAR ELEMENTARY SCHOOL THOPPAMPATTI PANCHAYAT UNION PALANI TALUK,572,Dindigul,PALANI,10.576266,77.529657,2019-03-15 08:30:00,0.05,98.38719147102607,6.64154020507105,408.32258894424064,7.748553486972106,,277.1397132675576,,,,85.5045133740897,,12.154012453642036,,0.6895495925470959,,,0.07344788186976875,,2019,3
1877,1877,BOREWELL LOCATED AT M/S. PHOENIX TEXTILE PROCESSORS VENDIPALAYAM ERODE,573,Erode,ERODE,11.327414,77.745903,2019-03-15 08:30:00,0.510997686219646,196.58859640894218,7.146752337245082,563.5954601196925,6.875962028264665,,175.5981635303014,,,,29.675485953790755,,24.832159158954436,,1.8818347602405383,,,,,2019,3
1878,1878,BOREWELL NEAR KAMBARASAMPETTAI INTAKE WELL (TRICHY UPSTREAM),591,Tiruchirappalli,TIRUCHIRAPPALLI,10.787066,78.690243,2019-03-15 08:30:00,0.30221283894465206,50.58589696705333,5.053790575419533,143.70983715063312,6.464604387638788,,150.19372799711587,,,0.4391221608487498,105.55276895105561,,5.0,,1.0221218493043858,,,0.20891124831810162,,2019,3
1879,1879,BOREWELL NEAR THOGUR INTAKE WELL (TRICHY DOWNSTREAM),591,Tiruchirappalli,TIRUCHIRAPPALLI,10.786916,78.690657,2019-03-15 08:30:00,0.30484993734561144,67.593264457956,8.497694879267247,536.5158207461834,8.032030313790528,,369.57888592863975,,,0.5231032684489659,63.77741715453382,,67.99106045652351,,1.339889873995906,,,0.1541897364623001,,2019,3
1880,1880,CAUVERY AT 1KM. D/S OF BHAVANI RIVER CONFL. TAMILNADU,573,Erode,BHAVANI,11.445663,77.677626,2019-03-15 08:30:00,0.19355984133193407,11.134733893037748,6.103112496215482,390.37319553899476,7.656495007309346,,277.6706893308575,,,0.057116637826365294,154.77538472703964,,20.220559825142928,,1.7859912331248897,,,,,2019,3
1881,1881,CAUVERY AT COLEROON TAMILNADU,579,Nagapattinam,NAGAPATTINAM,11.326822,79.702981,2019-03-15 08:30:00,,54.97516083505707,6.409142715670691,94.11396298072765,7.40334431109785,,197.87830536308732,,,,77.97615461348191,,67.63202395893666,,2.9641498401272797,,,,,2019,3
1882,1882,CAUVERY AT ERODE NEAR CHIRAPALAYAM TAMILNADU,573,Erode,ERODE,11.335795,77.753762,2019-03-15 08:30:00,0.47496810951041657,96.68130297906231,7.765340272582991,69.12168504719182,7.24203717311842,0.0034581317574515426,171.79319521520506,0.01,,0.347587556067538,45.90744046094915,,73.55143498310962,,1.0301948626611115,,,,,2019,3
1883,1883,CAUVERY AT KOMARAPALAYAM NAMAKAL TAMILNADU,580,Namakkal,Tiruchengode,11.423503,77.685261,2019-03-15 08:30:00,0.3924978406431422,344.849433939699,4.936618862896173,288.93425877713514,8.23095724263248,,20.0,,,0.20482390958326255,125.75728071134395,,16.584135084527905,,1.7365627670708843,,,,,2019,3
1884,1884,CAUVERY AT KUMBAKONAM THANJAVUR TAMILNADU,586,Thanjavur,KUMBAKONAM,10.968137,79.378248,2019-03-15 08:30:00,,101.96106635183045,7.476427960448874,803.3963486966684,8.124718130895442,,188.65769305509843,,,,71.77787250532447,,46.93569238412619,,0.7123404481814972,,,,,2019,3
1885,1885,CAUVERY AT MAYILADUTHURAI NAGAPATTINAM TAMILNADU,579,Nagapattinam,Mayiladuthurai,11.104894,79.651871,2019-03-15 08:30:00,0.05,172.63769446399272,7.7811772540599815,397.40612249076366,7.871475979559094,,258.3448085533852,,,,111.08005823410994,,58.315701708888845,,2.833483269490479,,,,,2019,3
1886,1886,CAUVERY AT METTUR,584,Salem,METTUR,11.796255,77.806971,2019-03-15 08:30:00,0.06560676595972113,192.18279998975413,8.321497143467614,434.16470718217454,8.156369075282377,,175.91669317889816,,,,104.16966479418363,,8.92796871821474,,0.96155163142864,,,,,2019,3
1887,1887,CAUVERY AT MOHANUR NEAR PATTAIPALAYAM TAMILNADU,580,Namakkal,NAMAKKAL,11.064392,78.120358,2019-03-15 08:30:00,0.40509192270713873,137.5989574625207,7.453896874051095,392.62703877807337,6.8662503750223385,,133.7516922160495,,,0.1135012784374564,89.70281753923797,,10.479531550476807,,1.0109001408990599,,,,,2019,3
1888,1888,CAUVERY AT MUSIRI,591,Tiruchirappalli,MUSIRI,10.955345,78.443949,2019-03-15 08:30:00,0.23368399809728044,160.10693017446903,5.571618905758731,197.25338100333107,7.358521663976013,,363.3735975499801,,,,67.65148373235911,,28.65220123644665,,2.043920574077891,,,,,2019,3
1889,1889,CAUVERY AT PALLIPPALAYAM,580,Namakkal,Tiruchengode,11.368215,77.741107,2019-03-15 08:30:00,0.6360245102725488,180.6710970408915,7.6430177103150765,534.3031532658497,6.994010860862176,,39.17063520673449,,,0.2343328518230485,50.001399332793206,,47.37980114020208,,0.4937852173288696,,,,,2019,3
1890,1890,CAUVERY AT PETTAIVAITHALAI TRICHY TAMILNADU,591,Tiruchirappalli,SRIRANGAM,10.906389,78.489697,2019-03-15 08:30:00,,133.7443592572803,4.930862191774373,780.9477605945228,7.224327155265369,,320.424063053979,,,0.010088528429704003,60.75723283614413,,14.843782243961947,,0.48555415625367393,,,,,2019,3
1891,1891,CAUVERY AT PITCHAVARAM TAMILNADU,570,Cuddalore,CHIDAMBARAM,11.418828,79.772375,2019-03-15 08:30:00,,145.33437278319866,5.117225225693836,505.3278076258124,7.860057810048396,,83.42296396009421,,,,77.21874343219139,,59.72458596807362,,1.411934669780689,,,,,2019,3
1892,1892,CAUVERY AT PUGALUR KARUR TAMILNADU,576,Karur,KARUR,10.974467,78.180075,2019-03-15 08:30:00,0.05,105.38481866549435,3.5435790513133245,566.7397360237921,7.273713134308945,,196.1648984845562,,,0.10999762207344706,114.42434281262193,,56.42069755772678,,2.1455171622175486,,,,,2019,3
1893,1893,CAUVERY AT THANJAVUR TAMILNADU,610,Ariyalur,Sendurai,11.34,79.24,2019-03-15 08:30:00,,152.33477135344904,6.032106568304015,425.752199003767,8.146386234927462,,190.650232892737,,,0.04340778952214945,49.65023966158672,,27.618616904913612,,2.1339689517690963,,,,,2019,3
1894,1894,CAUVERY AT THIRUMUKKUDAL-CONFL. PT.OF R. AMRAVATI TAMILNADU,576,Karur,KARUR,11.050024,78.120645,2019-03-15 08:30:00,1.1969246188456577,174.39117397648644,6.354106978697214,424.6478405078611,7.937067041868334,,183.14903439008137,,,0.5042500815274822,145.2128690407794,,33.85099720292669,,0.11011197289161334,,,,,2019,3
1895,1895,CAUVERY AT TIRUCHIRAPPALLI D/S TAMILNADU,591,Tiruchirappalli,SRIRANGAM,10.766809,78.665272,2019-03-15 08:30:00,,109.53714251980475,7.198775462629379,285.4546031868538,8.033244959665279,,67.67791004478698,,,,69.32185327285565,,28.826632943958607,,2.191084827246699,,,,,2019,3
1896,1896,CAUVERY AT TIRUCHIRAPPALLI U/S TAMILNADU,591,Tiruchirappalli,TIRUCHIRAPPALLI,10.833263,78.718224,2019-03-15 08:30:00,,158.68286991485343,6.064015448833261,633.1972388246718,7.145384095272143,,222.06293985661495,,,,80.74637527772636,,38.71819902508904,,1.084367823641286,,,,,2019,3
1897,1897,CAUVERY AT TRICHY GRAND ANAICUT TAMILNADU,586,Thanjavur,Thiruvaiyaru,10.830327,78.81177,2019-03-15 08:30:00,0.385414856026291,163.55530669352095,7.626811854226206,342.910988749947,7.596222983649174,,85.58470827223103,,,0.9777659460955299,99.22679491354495,,49.95180244331735,,2.465403326061986,,,,,2019,3
1898,1898,CAUVERY AT URRACHIKOTTAI ERODE TAMILNADU,580,Namakkal,Tiruchengode,11.354178,77.750436,2019-03-15 08:30:00,0.20641370509345044,146.16767643140795,7.448564878201909,639.8634767123312,7.4186337203629895,,47.40257956409869,,,0.02295627210616976,69.56202560413553,,35.39267091000806,,0.01,,0.02312991556076327,,,2019,3
1899,1899,CAUVERY AT VAIRAPALAYAM NAMAKAL TAMILNADU,580,Namakkal,Tiruchengode,11.361583,77.742411,2019-03-15 08:30:00,0.14231230494983274,205.9109132918456,6.214272509011201,304.5597931109125,7.069909814908909,,283.60089511584056,,,,180.6731087856806,,7.079838670239262,,0.26206434986247296,,,,,2019,3
1900,1900,CAUVERY AT VELORE NEAR KATTIPALAYAM TAMILNADU,580,Namakkal,Paramathivellur,11.18,78.01,2019-03-15 08:30:00,,195.8989019542185,5.644614782186919,468.0362905221817,7.479144767863611,,102.1009189853941,,,0.12974201432095014,131.59546514156173,,60.00262415986757,,1.1373479117630658,,,,,2019,3
1901,1901,CHENNAI-1 NESAPAKKAM (ZONE-IV),568,Chennai,CHENNAI,13.035832,80.193265,2019-03-15 08:30:00,,43.52539032759117,7.7786953333826805,299.5269701618681,7.133542636141391,,266.34597664706274,,,,63.55475343974711,,44.1700814133926,,2.0183075332551894,,,,,2019,3
1902,1902,CHENNAI-2 PERUNGADI(ZONE-V),574,Kancheepuram,KANCHEEPURAM,12.9566,80.23435,2019-03-15 08:30:00,,111.77347949445674,6.403260362221902,326.66252543745577,7.646467786923415,,90.58069432546576,,,,68.51373779232733,,21.468615835630615,,2.0639865357073615,,,,,2019,3
1903,1903,CHENNAI-3KODUNGAIYUR (ZONE I&II),568,Chennai,CHENNAI,13.138808,80.260799,2019-03-15 08:30:00,,10.74616520011638,6.871945312816131,911.6720063075683,7.183010730287369,,221.09270947501102,,,,87.53391710580448,,12.817815338046117,,1.2709019702147206,,,,,2019,3
1904,1904,CHENNAI-4 KOYAMBEDU (ZONE-III),568,Chennai,CHENNAI,13.0642,80.200156,2019-03-15 08:30:00,0.06377088485221552,83.94662777403008,7.670567546805362,478.85359518304375,6.706389055244835,,162.3056361686095,,,,113.70122065602716,,17.139145163696092,,1.8078852040475677,,,,,2019,3
1905,1905,CHENNAI WATERWAYS AT BUCKINGHAM CANAL (ICE HOUSE),568,Chennai,CHENNAI,13.050823,80.278958,2019-03-15 08:30:00,,104.0760573913236,6.457961721016581,40.0,8.06843023560669,,162.54199674801208,,0.02,0.2597724999550248,98.45354246662124,,26.415621303248205,,1.2259408942579437,,,,,2019,3
1906,1906,CHENNAI WATERWAYS AT BUCKINGHAM CANAL (TIDAL PARK),568,Chennai,CHENNAI,12.988133,80.25192,2019-03-15 08:30:00,2.931591158139655,208.20215651648115,5.075335508308533,341.62736835748956,7.584812891199888,,328.5147256267192,,,,91.83136590400831,,24.00491595899266,,1.7900854115815703,,,,,2019,3
1907,1907,CHENNAI WATERWAYS AT BUCKINGHAM CANAL X OTTERI NULLAH CONFLUENCE (GMR VASAVI INDUSTRIES),568,Chennai,CHENNAI,13.10524,80.271091,2019-03-15 08:30:00,0.15221349791736252,10.0,5.639808070510263,423.84667210924016,6.766101529508634,,26.013411761437112,,,0.26152141028512754,111.78350763592712,,11.729432781293081,,1.815193229075934,,,,,2019,3
1908,1908,CHENNAI WATERWAYS AT CAPTAIN COTTON CANAL (ERUKANJERI),568,Chennai,CHENNAI,13.126266,80.256935,2019-03-15 08:30:00,1.2807779804029027,128.58858540697892,6.532493645899086,926.3180878356131,7.220883527419007,,202.34275247429514,,,0.2707871591082288,32.46771685525311,,22.110633764140093,,0.8445254869437686,,,,,2019,3
1909,1909,CHENNAI WATERWAYS AT CC X BC CONFLUENCE (KODUNGAIYUR),568,Chennai,CHENNAI,13.136803,80.249192,2019-03-15 08:30:00,0.6258024134006493,172.8944792474175,5.104619596806803,547.9463933610937,7.1790427385528615,,159.64956260804928,,0.02,0.3535497780697139,95.18137204147791,,23.295804447872857,,1.734028875835305,,,,,2019,3
1910,1910,CHENNAI WATERWAYS AT MAMBALAM DRAIN (GOLF COURSE),568,Chennai,CHENNAI,13.022221,80.233657,2019-03-15 08:30:00,1.3748337619686006,198.35442818798575,5.909648485430189,255.49103434441426,7.477006081278407,,188.04325112970338,,,,49.789374420918705,,32.139410144791654,,0.6666154035785116,,,,,2019,3
1911,1911,CHENNAI WATERWAYS AT MAMBALAM DRAIN (USMAN ROAD),568,Chennai,CHENNAI,13.028381,80.227747,2019-03-15 08:30:00,0.24512534999833463,190.04993758297294,6.9199170079812315,538.0305579369061,6.997663167537885,0.0013631525793897726,191.9102948477663,,,0.1931606566161964,88.15564551052569,,47.16184167955922,,1.4624502965887838,,,,,2019,3
1912,1912,CHENNAI WATERWAYS AT OTTERI NULLAH (KILPAUK GARDEN),568,Chennai,CHENNAI,13.086538,80.234507,2019-03-15 08:30:00,0.45516178995794654,62.07735192113704,4.83106327588008,416.7129947707873,6.378065624392565,0.001602604882792193,181.71967290769243,,,0.08404592780790364,108.29224194011458,,35.22509027618532,,0.6036947326713119,,,,,2019,3
1913,1913,CHENNAI WATERWAYS AT OTTERI NULLAH (ORIGIN),568,Chennai,CHENNAI,13.099796,80.196273,2019-03-15 08:30:00,0.463303090679176,165.74271121991382,8.430857342603035,77.89841897953852,7.5811908883144845,,84.70803697962428,,,0.01295938418351773,77.8234980002829,,39.9639593707782,,2.174290812001778,,,0.024187859831542008,,2019,3
1914,1914,COLLECTOR WELL AT THIRUPUVANAM FOR MADURAI WAT. SUPPLY SCHEME TAMILNADU,585,Sivaganga,Sivagangai,9.826111,78.257297,2019-03-15 08:30:00,0.8775634018140247,44.15088252398451,7.167745403308571,494.17554107528304,7.4897709493808415,,64.40614319719913,,,,10.0,,6.847064119149664,,0.40615187069121006,,,0.2788170514593743,,2019,3
1915,1915,ERAL - CHARMAM ARUNACHALA SWAMY TEMPLE WEST OF BORE WELL,594,Thoothukudi,Thoothukudi,8.621439,78.016285,2019-03-15 08:30:00,0.07171155878627726,49.38569422715227,4.660398105675884,239.6430267448527,8.234493905232489,,302.934909594715,,,,41.78989753687684,,60.46541608342796,,1.9478413301565236,,,,,2019,3
1916,1916,ERODE-1,573,Erode,ERODE,11.333111,77.747343,2019-03-15 08:30:00,0.7744583937585368,39.43753081179793,6.1218100324216715,534.6936158903334,7.349999278667278,0.0014153914166982718,212.84041087120167,,,,138.68141323902915,,34.58935350713739,,0.49302136145052666,,,,,2019,3
1917,1917,ERODE-2,573,Erode,ERODE,11.338655,77.74513,2019-03-15 08:30:00,0.20281502877194316,100.91001622253995,7.739812569642776,704.7102646398611,7.535071089401172,,300.59519501977684,,,,44.253428135643645,,24.056716288382837,,1.6474574998589426,,,,,2019,3
1918,1918,HOUSE OF THIRU MURUGAN S/O. ESAKKI NO.16B MEENAKSHIPURAM ANNA NAGAR TIRUNELVELI,592,Tirunelveli,TIRUNELVELI,8.727206,77.709638,2019-03-15 08:30:00,0.4313802908688619,10.0,8.5150395979245,362.04308365167407,7.35398264581876,,220.68358850409717,,,,88.76171163977436,,45.22493881361564,,2.171017822904661,,,0.09084136179476614,,2019,3
1919,1919,KAKKADAVU KERALA,569,Coimbatore,POLLACHI,10.742228,77.060508,2019-03-15 08:30:00,1.0071746876135321,174.09506172626772,7.589270623650439,546.9055554251877,8.218836457225207,,70.2841622394428,,,0.1074516953435796,86.65984344891442,,41.5752258942603,,1.065594554840346,,,,,2019,3
1920,1920,KARUR,576,Karur,KARUR,10.955411,78.055554,2019-03-15 08:30:00,1.3542910036188351,178.1295371242584,8.828011291089123,589.3644412106286,6.989500174431744,,101.50091855060687,,,,10.0,,33.86848106865122,,2.1035504400149887,,,,,2019,3
1921,1921,KODAI KANAL LAKE TAMILNADU,572,Dindigul,KODAIKANAL,10.233619,77.485653,2019-03-15 08:30:00,0.36371448783299754,131.74232101831905,5.765162675926538,194.93630086449244,6.869333899867049,,227.507417018907,,,0.3659535520917513,45.9408821813348,,39.59624397941229,,0.7619348747095616,,,,,2019,3
1922,1922,KOMBUPALLAM SATHYAMANGALAM,573,Erode,SATHYAMANGALAM,11.509621,77.230116,2019-03-15 08:30:00,0.5330564570096471,10.388980579208578,7.558709011529691,136.48530946824837,6.87914977143532,,263.38900265974684,,,,167.94656701735022,,28.33614744905761,,2.7711993887907473,,,,,2019,3
1923,1923,KUMBAKONAM,586,Thanjavur,THANJAVUR,10.78627,79.15819,2019-03-15 08:30:00,0.257240925973194,32.4109206106518,6.75663467939474,215.2908348342929,6.996761885953978,,172.86304863857885,,,,122.4882508232674,,27.35159461850884,,1.5148576089236743,,,,,2019,3
1924,1924,LOCATED ADJACENT TO KARU MSW DUMP SITE AND ON THE NORTHERN BANK OF RIVER AMARAVATHI AND DOWNSTREAM,576,Karur,KARUR,10.951185,78.035374,2019-03-15 08:30:00,0.8299987301728018,67.34978195546518,7.008264075242565,271.35452759815803,7.13843482251101,,164.27234202783353,,,0.1785089825436312,155.8974617318361,,10.217801150771173,,0.7052364876964681,,,,,2019,3
1925,1925,LOCATED ON THE SOUTHERN BANK OF RIVER AMARAVATHI AND DOWNSTREAM SIDE OF KARUR DYEING CLUSTER,576,Karur,KARUR,10.917543,78.009517,2019-03-15 08:30:00,0.05,49.07930081033767,8.074323892041921,185.23322682345184,6.954246042809426,,234.55600143885493,,,0.21428370913727168,10.0,,52.871319473160824,,0.01,,,0.2266670841460338,,2019,3
1926,1926,MADUKARAI,596,Viluppuram,Viluppuram,11.871427,79.603728,2019-03-15 08:30:00,0.31762231407863567,308.88039496002875,7.2973993814582725,566.1611634033517,7.941704895499232,,121.65185758221725,,,0.07166616239344208,37.43476793764896,,42.79338651526747,,0.8175646632928563,,,,,2019,3
1927,1927,MAYILADUTHURAI,589,Tiruvallur,TIRUVALLUR,10.812621,79.608435,2019-03-15 08:30:00,0.8391099582467021,18.953947957926317,6.482430375436018,799.5283491105604,7.703465503541775,,173.083413140444,,,,54.92573024120264,,35.110135954552455,,0.7374691015505095,,,,,2019,3
1928,1928,M. KALIAPPAN SANGILIMUNIYAPPAN KOVIL ERIKKADU METTUR,584,Salem,Sankari,11.478265,77.881114,2019-03-15 08:30:00,0.2674334339114517,154.50657490824375,5.7236686164942,544.6029436051886,7.551992143970891,,112.41357430244344,,,0.6355844670288509,105.465722538783,,35.42128119339435,,0.4104644934141348,,,,,2019,3
1929,1929,MUNICIPAL CORPORATION BORE WELL LOCATED IN PERUMALPURAM STREET NARANAMMALPURAM TIRUNELVELI,592,Tirunelveli,PALAYAMKOTTAI,8.698363,77.738123,2019-03-15 08:30:00,,74.04955927050511,7.408289266391833,207.15510627623473,7.1606486290981675,,181.89577598613522,,,0.21877967299906745,42.72743276738438,,36.41710790665162,,2.1805785615244266,,,,,2019,3
1930,1930,OVER HEAD TANK AT TIRUR VILLAGE TIRUVALLUR TALUK TIRUVALLUR PANCHAYAT UN,589,Tiruvallur,TIRUVALLUR,13.106545,79.960588,2019-03-15 08:30:00,0.18107058711144983,191.4440788109886,6.259902008469488,455.0476993629608,7.454000334401733,,197.9421150429374,,,0.4615672951243705,140.29320321217523,,55.35689826611332,,1.5620874797158157,,,,,2019,3
1931,1931,PALAR AT VANIYAMBADI WATER SUPPLY HEAD WORK TAMILNADU,595,Vellore,VANIYAMBADI,12.679231,78.595417,2019-03-15 08:30:00,0.6479362486288406,25.84294359525404,7.491354360587542,865.1765335676746,7.512679413775688,,155.22274031297766,,,0.03973892164532358,122.4139927709893,,34.25802661937389,,2.110328139843667,,,,,2019,3
1932,1932,PARAMASIVAM WATER SERVICE STATION BLOCK NO.13 BSNL EXCHANGE OPPOSITE METTUR DAM - 636 402.,584,Salem,METTUR,11.803279,77.804723,2019-03-15 08:30:00,,131.3232976672183,6.328483509932094,591.455700613698,7.460353814651141,,103.05963588007867,,,0.012539681399076732,33.87472480217623,,36.27130091657014,,1.4289255071196367,,,0.16454948186803708,,2019,3
1933,1933,PERUR CHETTIPALAYM PANCHAYAT LOCATED ADJACENT TO NOYYAL RIVER AT PERUR-VEDAPATTY ROAD (OPP VINAYGAR,573,Erode,ERODE,11.128875,77.39572,2019-03-15 08:30:00,0.4081576885706753,89.98610201315549,5.768214539927241,256.03367182188185,7.4302344539723,,281.759976411861,,,0.42357253837018427,81.9214185423826,,18.051506603586354,,2.113230128188091,,,,,2019,3
1934,1934,POONDI LAKE AT THIRUVALLUR TAMILNADU,589,Tiruvallur,TIRUVALLUR,13.169731,79.888236,2019-03-15 08:30:00,,186.2453587666837,6.906877650142467,399.46914199584376,7.8646328629403515,,147.310066048947,,,0.06454746133191433,141.36351334199637,,43.23317548105177,,1.5392059427202518,,,,,2019,3
1935,1935,PORUR LAKE AT THIRUVALLUR TAMILNADU,589,Tiruvallur,TIRUVALLUR,13.033945,80.148344,2019-03-15 08:30:00,,150.14831079326495,5.908861959673016,615.6479115566668,8.281512480837055,,323.38601924200117,,,,124.89264324735467,,50.04387302919457,,1.7751596616074847,,,,,2019,3
1936,1936,PULICATE LAKE AT THIRUVALLUR TAMILNADU,589,Tiruvallur,TIRUVALLUR,13.427023,80.292679,2019-03-15 08:30:00,2.049960453326576,129.33205200124857,3.6823986387147873,551.6395652146804,7.383223451891185,,123.74297568837702,,,,24.771613504827698,,38.03625546938917,,2.125134217197951,,,,,2019,3
1937,1937,REDD HILLS AT THIRUVALLUR TAMILNADU,589,Tiruvallur,TIRUVALLUR,13.193092,80.172867,2019-03-15 08:30:00,0.38548273080182605,150.34602912244912,6.081913004594702,685.9959229688368,7.3374872883612845,,309.2913657317074,,,0.3991709256327548,74.24369295139962,,45.04016102995094,,0.977602302603844,,,0.024111386572255457,,2019,3
1938,1938,RIVER ADYAR AT EKKATTUTHANGAL,574,Kancheepuram,KANCHEEPURAM,13.026747,80.192542,2019-03-15 08:30:00,0.8303432067186833,256.1060085165323,7.515012613621625,456.1767598455576,7.93979202739156,,147.1364160601988,,,,29.78606585064248,,27.529751567661737,,1.8983885130740552,,,,,2019,3
1939,1939,RIVER ADYAR AT JAFERKHANPET,574,Kancheepuram,KANCHEEPURAM,13.02849,80.20247,2019-03-15 08:30:00,,69.77450032373451,5.086828796150584,155.46417345252195,7.202380099723936,,237.8545826167737,,,,47.065835735133014,,20.433033451029683,,1.493289795435217,,,,,2019,3
1940,1940,RIVER ADYAR AT KOTTURPURAM BRIDGE,568,Chennai,CHENNAI,13.025906,80.243554,2019-03-15 08:30:00,,54.35512456777569,5.223338523798374,74.26342231348781,7.831730695553703,,185.8032245714603,,,,19.605390537802123,,9.564170448813776,,1.1665582017986962,,,,,2019,3
1941,1941,RIVER ADYAR AT MARAIMALAI BRIDGE,574,Kancheepuram,KANCHEEPURAM,13.02724,80.208104,2019-03-15 08:30:00,0.05,274.81218146122535,7.117118710897831,349.1008725936198,7.569692627349055,,184.36229242291975,,,,76.25679183648299,,25.08738412458938,,0.01,,,,,2019,3
1942,1942,RIVER ADYAR AT NANDAMBAKKAM,574,Kancheepuram,KANCHEEPURAM,12.965867,80.109983,2019-03-15 08:30:00,0.2927028897343092,87.83231164027758,4.558265818627401,386.52637545697564,6.815576164254781,,171.85336515828683,,,,64.09990632468728,,31.1766663712723,,1.0423705117785378,,,,,2019,3
1943,1943,RIVER ADYAR BEFORE GOLF COURSE,574,Kancheepuram,Tambaram,12.938473,80.094802,2019-03-15 08:30:00,0.6000727554370323,111.82126320935903,5.611302151754117,455.42114466034826,7.074295044898754,,158.73930063342664,,,0.9499985489915646,56.20745796026918,,42.23106147907089,,0.8324316876998318,,,,,2019,3
1944,1944,RIVER ADYAR NEAR BOAT CLUB,568,Chennai,CHENNAI,13.023184,80.247552,2019-03-15 08:30:00,0.3757692861757616,77.44308340846094,7.968718818639351,260.6257151745539,7.109935878274862,,171.01207223354675,,,0.026741422215320606,112.4793474694562,,30.14970364160897,,2.3469521854699633,,,,,2019,3
1945,1945,RIVER CAUVERY AT BHAWANI D/S,573,Erode,ERODE,11.422026,77.679686,2019-03-15 08:30:00,0.3247298167209678,136.69018243885185,5.356438088801115,635.4930819712281,7.034327407785978,,252.90390096929184,,,,55.751480418545285,,50.12615924408188,,2.6772824576648424,,,,,2019,3
1946,1946,RIVER CAUVERY AT ERODE U/S,573,Erode,ERODE,11.369068,77.727294,2019-03-15 08:30:00,0.08328746723244951,74.19133795159146,5.606402117102103,265.1446117838939,7.041910215322366,,314.70331561996386,,0.02,0.08055215217377942,31.79241937785985,,57.74323477099669,,1.88535349626019,,,,,2019,3
1947,1947,RIVER CAUVERY AT KARUR U/S,576,Karur,KARUR,11.008673,78.159341,2019-03-15 08:30:00,0.12450076927361678,184.2372547046009,5.542086885361115,423.5542983449433,7.150716179587684,,225.22183394725414,,,,116.76366156665837,,31.53584812830345,,1.0824116571026214,,,0.08624605595531536,,2019,3
1948,1948,RIVER CAUVERY AT KUMARAPALAYAM U/S,580,Namakkal,Tiruchengode,11.427111,77.686922,2019-03-15 08:30:00,0.701524604539175,179.12949222185608,6.881770777635647,440.7212565707391,7.534617937830851,,145.95759141548535,,,,129.21193011499463,,25.45031027073172,,1.0512516670896501,,,0.024277915787669926,,2019,3
1949,1949,RIVER CAUVERY AT KUMBAKONAM D/S,586,Thanjavur,KUMBAKONAM,10.964811,79.351278,2019-03-15 08:30:00,0.17650108180969495,200.7757376202802,6.70385531016131,885.9253295901802,7.14045634971279,,167.760798392931,,,0.10972773910838905,69.94435980913995,,9.600787594872266,,1.1391541368585067,,,,,2019,3
1950,1950,RIVER CAUVERY AT MAYILADUTHURAI D/S,579,Nagapattinam,Mayiladuthurai,11.105488,79.647969,2019-03-15 08:30:00,,13.50240091942949,5.587181912136918,597.1193911599453,7.563228304954687,,80.20733628598889,,,0.24764627282198207,102.38442862195693,,46.6792557312437,,0.7688702667115137,,,,,2019,3
1951,1951,RIVER CAUVERY AT PALLIPALAYAM D/S,580,Namakkal,Tiruchengode,11.365347,77.741652,2019-03-15 08:30:00,0.14829152277216845,105.60355606557002,6.210638066734516,783.719177733894,6.640516366344037,,134.44430642428983,,,0.30116827486068526,59.77230697289697,,73.5255580370581,,0.01,,,0.052251202861106086,,2019,3
1952,1952,RIVER COOUM AT AMANJIKARAI,568,Chennai,CHENNAI,13.068081,80.231405,2019-03-15 08:30:00,0.3436851009047829,107.89234122805755,7.791890378293111,654.1541782324097,6.8899431624272935,,146.45841529021126,,,,34.39657607607066,,52.60337023399858,,2.1113490506806176,,,,,2019,3
1953,1953,RIVER COOUM AT ANNA NAGAR,568,Chennai,CHENNAI,13.07865,80.207011,2019-03-15 08:30:00,0.6004514680660578,64.01738046363229,8.383561405493257,597.1209807881623,7.335479222822012,,140.39395199224907,,,0.10346005421137984,55.46341180788487,,39.272266150811554,,0.4359858371684171,,,0.015731162604148582,,2019,3
1954,1954,RIVER COOUM AT ARUMBAKKAM,568,Chennai,CHENNAI,13.074866,80.221849,2019-03-15 08:30:00,1.4786716855522772,131.6005053889093,6.4149993109696934,40.0,7.021634239298098,,73.14405679903648,,,,104.33712922589845,,24.00174166830986,,2.1403525159646923,,,0.0857615412747318,,2019,3
1955,1955,RIVER COOUM AT COLLAGE ROAD,568,Chennai,CHENNAI,13.070824,80.249921,2019-03-15 08:30:00,,70.91392644872425,7.1984564966928986,473.85679774004404,7.763765343526066,,282.32258771203396,,,0.010996901850218815,92.0132958907387,,27.883863564505095,,1.4206387272648264,,,,,2019,3
1956,1956,RIVER COOUM AT NAPIER BRIDGE,568,Chennai,CHENNAI,13.069423,80.284355,2019-03-15 08:30:00,,41.53800638786822,4.837851931178474,370.8102292515619,7.769630136285249,,273.4860000958183,,,,110.63518549025903,,5.0,,1.1028110955736128,,,,,2019,3
1957,1957,RIVER COOUM AT POONAMALLE,589,Tiruvallur,TIRUVALLUR,13.065634,80.113691,2019-03-15 08:30:00,,120.9923986517269,8.352740725713375,213.96417454271813,7.236949493776312,,291.3045414915523,,,0.6454867372494798,116.1117900688564,,54.69032512938438,,1.6639812615658072,,,0.12716329019083714,,2019,3
1958,1958,RIVER COOUM NEAR CENTRAL JAIL,589,Tiruvallur,TIRUVALLUR,13.169913,80.21808,2019-03-15 08:30:00,,109.95698560871011,7.790681525599994,416.10773746144554,6.818483408614364,,20.0,,,0.03957665575859043,108.00788262606156,,17.02900979674523,,0.8655074603203832,,,,,2019,3
1959,1959,RIVER LOCATIONS AT KUMARAPALAYAM,580,Namakkal,Tiruchengode,11.447221,77.691963,2019-03-15 08:30:00,,36.76281288983347,6.228924999485333,344.1997990541295,7.020496176771201,,119.89196968882084,,,0.05046849041811362,107.48296024979933,,47.0282949483103,,2.1382965950844772,,,,,2019,3
1960,1960,RIVER TAMRABARANI AT TIRUNELVELI D/S,592,Tirunelveli,TIRUNELVELI,8.78198,77.79011,2019-03-15 08:30:00,0.7621534406191641,99.53664182182604,6.209152006251113,550.8655693050904,7.637246517806802,,179.11926359838264,,,,79.71620092175007,,41.11113983071029,,2.093756931473437,,,,,2019,3
1961,1961,RIVER VAIGAI AT MADURAI D/S,578,Madurai,MADURAI SOUTH,9.92812,78.125036,2019-03-15 08:30:00,0.41454946985670055,65.71631505533605,5.546269196997754,368.3113567763479,7.419723116458389,,142.70668953380607,,,,106.20828056420325,,25.517078492746286,,1.7585740406429995,,,,,2019,3
1962,1962,RIVER VAIGAI AT MADURAI U/S,578,Madurai,MADURAI SOUTH,9.927433,78.121013,2019-03-15 08:30:00,,123.43879144738841,6.4789022616341185,586.5769196043071,7.289206185424031,,93.42543754782963,,,0.709000800765055,97.06274114345459,,40.90941588284165,,1.3961576721454705,,,,,2019,3
1963,1963,RIVER VENNAR AT THANJAVUR D/S,586,Thanjavur,THANJAVUR,10.816856,79.140224,2019-03-15 08:30:00,0.11537481953446738,68.85441361659747,4.346024117932013,206.03123040504786,6.92361111314654,,332.19390458690106,,,,48.62228213244482,,33.48453696130914,,2.0579248691974614,,,,,2019,3
1964,1964,SAKTHI NAGAR NEAR MUNICIPALITY SEWAGE TREATMENT PLANT KOMPURANKADU METTUR,574,Kancheepuram,SRIPERUMBUDUR,13.00996,80.162403,2019-03-15 08:30:00,0.6235374315759614,67.69674541034763,6.3283753382067784,720.6556559958253,7.12048525445477,,277.7266972578181,,,0.1842893121446484,104.89172728532873,,14.068039217790812,,0.01,,,,,2019,3
1965,1965,SARABANGA AT SALEM D/S OF TEXTILE DYEING INDUSTRIES EFFLUENT TAMILNADU,584,Salem,SALEM,11.649094,78.148011,2019-03-15 08:30:00,,187.84697270407395,6.886065646418959,418.65245262015725,7.499815016748933,,239.11350068588578,,,0.4356776406575923,122.7799941449664,,42.71218426808589,,1.389632979090421,,,,,2019,3
1966,1966,SRIVAIKUNDAM - BLOCK DEVELOPMENT OFFICE - OPEN WELL,594,Thoothukudi,Thoothukudi,8.625282,77.907778,2019-03-15 08:30:00,0.05,246.51007753371468,5.5129764269819805,554.4823722346371,7.004326492063695,,167.21428882637278,,,0.19413673663312053,103.53121367161552,,49.04385149960435,,0.01,,,0.070757190024802,,2019,3
1967,1967,SRIVAIKUNDAM - TNEB SUB STATION 33 KVA OPPOSITE TO TIRUNELVELI MAIN ROAD OPEN WELL,592,Tirunelveli,NANGUNERI,8.575329,77.769134,2019-03-15 08:30:00,,192.06915524391954,6.56957953590662,183.20268332425286,7.109134548344314,,206.83657968899234,,,0.1674092273326515,72.46525474859705,,45.55571302986229,,1.103645709887059,,,,,2019,3
1968,1968,SURIYAMPALAYAM BOREWELL (HAND PUMP) OWNED BY ERODE CORPORATION LOATED OPPOSITE TO M/S. PIONEER PROC,573,Erode,ERODE,11.408563,77.685422,2019-03-15 08:30:00,,200.6025121990832,8.735474663736618,516.6579884664604,7.696808280832996,,330.97168870754865,,,,109.22744844516771,,34.107118799141965,,0.01,,,,,2019,3
1969,1969,TAMBIRAPARANI AT ARUMUGANERI TAMILNADU,594,Thoothukudi,Thoothukudi,8.624431,78.068808,2019-03-15 08:30:00,0.2562021385052599,122.60320810297972,6.068723556927446,94.06797393401138,7.78508454960057,,161.29892246298968,,,0.07405806812787842,77.31581773800417,,50.218681114614014,,0.5190786452291227,,,,,2019,3
1970,1970,TAMBIRAPARANI AT BDG.NR. MADURA COATS LTD.PAPAVINASAM TAMILNADU,592,Tirunelveli,AMBASAMUDRAM,8.663294,77.422222,2019-03-15 08:30:00,1.0549895948139534,10.0,6.028925987170892,327.9782962298781,7.440051849749067,,233.6417451061314,,,,119.00982077475544,,26.51996557535659,,0.7476902327039063,,,,,2019,3
1971,1971,TAMBIRAPARANI AT CHERANMADEVI CAUSE WAY TAMILNADU,592,Tirunelveli,AMBASAMUDRAM,8.700586,77.56595,2019-03-15 08:30:00,0.27975189004939666,10.0,6.052395529686711,182.90580492403262,7.948216065178877,,210.3563144247271,,,,57.09235423815181,,16.041587117590314,,0.8834271112998855,,,0.04841936621965591,,2019,3
1972,1972,TAMBIRAPARANI AT ERAL THOTHUKUDI TAMILNADU,594,Thoothukudi,Thoothukudi,8.620606,78.022839,2019-03-15 08:30:00,0.7441068388209557,128.17269047597998,4.861568903172364,362.2373383882421,7.700139086107411,,193.67044569181584,,,0.26968109607458784,72.01725341618123,,5.0,,0.01,,,,,2019,3
1973,1973,TAMBIRAPARANI AT KALLIDAI KURICHI TIRUNELVELI TAMILNADU,592,Tirunelveli,AMBASAMUDRAM,8.69375,77.462681,2019-03-15 08:30:00,0.2237321819662028,54.77757364871022,6.19433745201693,344.03536076799367,7.598413472513762,,95.84751220328125,,,,70.38329115599113,,6.145289280161393,,0.06882469327430907,,,,,2019,3
1974,1974,TAMBIRAPARANI AT MURAPPANADU TAMILNADU,594,Thoothukudi,Thoothukudi,8.721606,77.832797,2019-03-15 08:30:00,,111.08271337764671,4.522100337544366,664.6344808216008,8.422208506507053,,188.17152879531054,,,0.18875002794381013,10.110197510189693,,36.71828841605891,,1.8280376183302494,,,,,2019,3
1975,1975,TAMBIRAPARANI AT PAPPANKULAM TAMILNADU,592,Tirunelveli,AMBASAMUDRAM,8.758606,77.424597,2019-03-15 08:30:00,0.14310754538506726,207.16035676504447,5.101364732508426,601.935854872036,7.702394483061424,,179.29713311094267,,,0.0493008204146121,49.25647500406334,,31.108275479900136,,1.4028545825102767,,,,,2019,3
1976,1976,TAMBIRAPARANI AT RAIL BDG. NR. AMBASAMUDAM TAMILNADU,592,Tirunelveli,AMBASAMUDRAM,8.729581,77.467289,2019-03-15 08:30:00,1.2129285008982449,108.82036684260031,5.21602765445133,426.37269268125954,7.225901164487807,,235.54861191018253,,,0.15900138582385118,100.53357144876045,,41.50518148278665,,1.8042900926947776,,,,,2019,3
1977,1977,TAMBIRAPARANI AT SIVALAPERI CONFLUENCE POINT OF KUTTRALAM FALLS D/S OF PALAYAMKOTTAI TIRUNELVELI TA,592,Tirunelveli,PALAYAMKOTTAI,8.700031,77.690869,2019-03-15 08:30:00,,104.36322740908572,5.734918489612549,222.7808299081964,7.6902297428123285,,109.67941652645176,,,0.2751663830110497,108.65730397284271,,25.754317721920906,,0.10991977620042959,,,0.0807458422260312,,2019,3
1978,1978,TAMBIRAPARANI AT SRIVAIKUNTAM D/S OF SK ANAICUT TIRUNELVELI TAMILNADU,594,Thoothukudi,Thoothukudi,8.627358,77.909,2019-03-15 08:30:00,0.20500215344016692,147.12167930610602,8.317376357309918,525.6352475735893,7.826959732413988,,269.80519585489117,,,,105.74937743505934,,9.899479587080286,,2.613606901307833,,,,,2019,3
1979,1979,TAMBIRAPARANI AT TIRUNELVELI COLLECTORATE TAMILNADU.,592,Tirunelveli,TIRUNELVELI,8.734125,77.716764,2019-03-15 08:30:00,1.0365137300926173,167.85766504708482,5.4042253123121915,575.8794644194223,7.559253752001402,,205.16517405727032,,,0.8241923655318519,73.2351091949856,,31.18951538772386,,1.6733941235048648,,,,,2019,3
1980,1980,TAMBIRAPARANI AT VELLAKOIL TIRUNELVELI TAMILNADU,592,Tirunelveli,TIRUNELVELI,8.718019,77.703531,2019-03-15 08:30:00,,97.22683596517834,6.683083098489121,495.47596152238833,7.249640042520488,,128.99507765587595,,,,138.30582074783734,,46.27170010938042,,1.741520990155486,,,,,2019,3
1981,1981,THALAVAIPETTAI BHAVANI,573,Erode,BHAVANI,11.456295,77.615817,2019-03-15 08:30:00,,214.27575083002571,6.305181318916658,822.3237932616387,7.0713449841254965,,245.16625200664393,,,,83.2710930524507,,41.18748712950957,,0.73552815932222,,,,,2019,3
1982,1982,THANJAVUR,586,Thanjavur,THANJAVUR,10.786359,79.157779,2019-03-15 08:30:00,,141.6515909007971,6.689575247246312,189.63178587731903,7.438281538424327,,90.6529420586239,,,,121.782421874513,,50.08136830582049,,1.2059710713000267,,,,,2019,3
1983,1983,THENPENNAIYAR AT CHOKKARASANAHALLI BRIDGE (BANGALORE),571,Dharmapuri,DHARMAPURI,12.863435,77.831855,2019-03-15 08:30:00,0.8483013193555693,25.405137618456664,7.492023225329495,194.979936673242,7.440358969979484,,97.49754915169584,,,,33.95709272117716,,35.11008920615198,,1.1359527520955923,,,0.1767978823548387,,2019,3
1984,1984,THIRUKKANUR,596,Viluppuram,Viluppuram,11.991116,79.639712,2019-03-15 08:30:00,0.25020290341246915,214.6700644666447,5.088968275295306,665.6201564435504,8.564348552949856,,131.2263453845194,,,0.14598319873529422,151.58672121070506,,5.0,,1.5942271791388216,,,,,2019,3
1985,1985,THIRUMANIMUTHAR AT SALEM D/S OF SAGO & TEXTILE DYING INDUSTRIES TAMILNADU,584,Salem,SALEM,11.645876,78.120341,2019-03-15 08:30:00,,10.0,6.410984432187937,661.6098227432398,7.492956356065057,,237.1728349185229,,,0.10654114321211657,27.562933716931852,,30.12643715199743,,0.027110736100757427,,0.0015474955609573267,,,2019,3
1986,1986,TIRCHIRAPPALLLI-SRIRANGAM,591,Tiruchirappalli,TIRUCHIRAPPALLI,10.822062,78.688706,2019-03-15 08:30:00,0.5137572880169299,113.79990489698278,8.513822454678692,40.0,7.694740907261227,,68.21505044596113,,,,39.80096516862336,,41.83411140231928,,0.4237213204691196,,,,,2019,3
1987,1987,TIRUNELVELI,592,Tirunelveli,PALAYAMKOTTAI,8.707446,77.742528,2019-03-15 08:30:00,0.28510061226550737,166.4447246725196,4.83634511334106,184.5049049871589,7.292823705930813,,224.0674196576498,,,,70.70028610913089,,49.22953214165641,,1.3553447244755361,,,0.01,,2019,3
1988,1988,UDHAGAMADALEM LAKE (OOTY) TAMILNADU,587,Nilgiris,Pandalur,11.400623,76.690453,2019-03-15 08:30:00,0.3258770291911735,137.20616170528234,7.3170746467529755,453.8030880285672,7.371299646367357,,178.1833463845437,,,,63.70505533318432,,42.92584398027315,,2.5804497488880775,,,,,2019,3
1989,1989,VASISTA AT SALEM D/S OF SAGO INDUSRIES EFFLUENT TAMILNADU,584,Salem,SALEM,11.647853,78.138125,2019-03-15 08:30:00,0.7777656811712881,113.84199611031883,7.621728132692778,565.7738884787833,7.12629270504304,,148.161394161656,,,,118.97363616236197,,49.26575215268596,,1.2663728549054687,,0.001,,,2019,3
1990,1990,VEERANAM LAKE AT CUDDALORE TAMILNADU,570,Cuddalore,KATTUMANNARKOIL,11.341111,79.523058,2019-03-15 08:30:00,,182.21123503807536,6.346196995680208,442.5455545809377,7.68931909959019,,267.6174449264596,,,,107.04387933239354,,45.738901044656984,,1.820802287947781,,,,,2019,3
1991,1991,WELL AT KATTERIKUPPAM,596,Viluppuram,Viluppuram,12.001161,79.700722,2019-03-15 08:30:00,0.9377280312584961,107.56240759970967,7.086569689284019,1042.6992577743472,7.614606541513198,,249.20656637661182,,,,83.99774400350627,,23.342833987785212,,0.7768288102812867,,,,,2019,3
1992,1992,WELL AT KOTHAPURINATHAM THIRUVANDARKOIL,596,Viluppuram,Viluppuram,11.930541,79.661783,2019-03-15 08:30:00,,266.77745795969497,7.01795118327016,266.65367685273475,7.874502983605518,,124.70039617351614,,,,131.68106762535115,,61.95609453584679,,0.4740961155297917,,,,,2019,3
1993,1993,WELL AT MUSIRI TAMIL NADU,591,Tiruchirappalli,MUSIRI,10.954883,78.443933,2019-03-15 08:30:00,0.35251767764193437,132.99551241632602,6.825421046052653,420.9642022792499,6.896024628240254,,407.8711210216371,,,0.2525891384678306,19.662503544055653,,52.710310795992626,,2.5209871773654866,,,,,2019,3
1994,1994,WELL AT VADAMATTAM KARAIKAL,589,Tiruvallur,TIRUVALLUR,10.963617,79.678261,2019-03-15 08:30:00,,215.6067911707186,9.054433751663161,805.1455288017592,7.796028973613853,,127.02447166755016,,,,49.88614487920978,,32.28822982535217,,0.651839815769141,,,,,2019,3
1995,1995,YERCAUD LAKE SALEM TAMILNADU,584,Salem,YERCAUD,11.783642,78.211153,2019-03-15 08:30:00,0.05646703942165916,68.26505175492869,5.561911433330558,223.8897380589522,6.690011047489912,,150.36449185303397,,,0.44788233120893683,56.470034876641094,,41.76104978862183,,0.1392927384370486,,0.0014991492243072268,,,2019,3
1996,1996,ALWARTHIRUNAGARI - VETERINARY DISPENSARY WEST CAR STREET NEAR OVER HEAD TANK OF BORE WELL,594,Thoothukudi,Thoothukudi,8.605592,77.944361,2019-04-15 08:30:00,0.27555078920780957,94.1176750751039,4.388356881619443,432.2405135711527,7.716621740635432,,73.1241012433237,,,0.018675749654218622,85.49922821943758,,41.17371814446392,,1.679305681099914,,,0.05411437518352487,,2019,4
1997,1997,AMRAVATI AT 1KM D/S FROM EFF.DIS. PT. AT MADHUTHUKKULAM,572,Dindigul,PALANI,10.541244,77.368656,2019-04-15 08:30:00,0.12995170081597293,10.0,7.172545103539769,212.53804721905598,7.482124690000715,,87.79850713394138,,,,50.38710695808788,,51.781010386874726,,1.2676046446054314,,,,,2019,4
1998,1998,ARIYAPPAMPALAYAM SATHYAMANGALAM,573,Erode,SATHYAMANGALAM,11.488793,77.241248,2019-04-15 08:30:00,0.9077700697412948,22.83546861418472,7.2451058682669975,496.6336058429963,7.085885822911567,,321.1351374480112,,,,36.100830987297684,,44.49853705940221,,0.01,,,,,2019,4
1999,1999,AUTHOR - MUKKANI AGRAGARAM STREET INFRONT OF THIRU N. SAMUTHRAPANDI HOUSE BORE WELL,594,Thoothukudi,Thoothukudi,8.634908,78.07465,2019-04-15 08:30:00,,88.36327226363767,6.952033818411663,769.2147910489966,6.751995258655986,,232.311081810839,,,0.06352309539582252,57.562109843810134,,39.94069233731158,,0.7554236302805086,,,,,2019,4
2000,2000,BAHOUR LAKE,570,Cuddalore,CUDDALORE,11.819442,79.729208,2019-04-15 08:30:00,,207.40006434047828,8.615782537579975,582.9972477022104,7.3930078285685665,,262.1952110705681,,,0.18501786036400406,110.5608190187594,,8.007270261931382,,0.4650445112639512,,,,,2019,4
2001,2001,BHAVANI AT BHAVANI SAGAR TAMILNADU,573,Erode,SATHYAMANGALAM,11.485294,77.134603,2019-04-15 08:30:00,2.47402638906336,93.55317292333345,6.681929682373475,425.9895113339338,7.642569165978175,,91.30729586035156,,,,119.91687929428814,,35.277613476001704,,3.173270407473245,,,,,2019,4
2002,2002,BHAVANI AT BHAVANI TAMILNADU,573,Erode,BHAVANI,11.454094,77.679567,2019-04-15 08:30:00,0.46930180483373585,10.0,5.785411511831776,439.6744483161668,6.773180313085122,,107.71792193163508,,,,26.9311616794579,,15.552480755089334,,1.6051060307904466,,,,,2019,4
2003,2003,BHAVANI AT D/S OF BHAVANISAGAR SATHYAMANGALAM ERODE TAMILNADU,573,Erode,SATHYAMANGALAM,11.503881,77.247036,2019-04-15 08:30:00,,65.54428646705674,7.224717114416399,572.0601172645625,7.242442322817098,,226.66057302754794,,,0.17429827509083365,107.09508772037377,,29.87054884181261,,0.11374079469336462,,0.022263036506475004,,,2019,4
2004,2004,BHAVANI AT D/S OF KALINGARAYAN CANAL (B10) ERODE TAMILNADU,573,Erode,BHAVANI,11.438223,77.681462,2019-04-15 08:30:00,0.09504509204399934,116.00475085745965,7.674453333408808,614.4258788904795,7.7711268709578905,0.001,69.91400306258086,,,,147.03765197387833,,48.35850062085137,,2.1582287503577935,,0.012912602576425894,,,2019,4
2005,2005,BHAVANI AT PATHIRAKALIAMMAN KOIL TAMILNADU,589,Tiruvallur,TIRUVALLUR,11.469259,77.296165,2019-04-15 08:30:00,1.788578138132625,289.7986728549671,7.157587387190697,428.4054252809426,6.934876014375449,,114.70356468362847,,,0.7916475143424284,85.4810233916777,,46.97020452378764,,0.01,,,,,2019,4
2006,2006,BHAVANI AT SIRUMUGAI TAMILNADU,569,Coimbatore,Mettupalayam,11.319948,77.011429,2019-04-15 08:30:00,0.07023920104599389,145.21373631139926,7.615374874512247,529.4204281589623,7.201406448019957,,62.67522551631801,,,0.08085815839769717,64.94455643690837,,40.08740941267806,,0.7007038217064486,,,,,2019,4
2007,2007,BHAVANI AT U/S OF KALINGARAYAN CANAL (B5) ERODE TAMILNADU,573,Erode,ERODE,11.442818,77.676045,2019-04-15 08:30:00,0.10764569335603742,10.0,5.810949235493859,374.68212575228324,7.2444243469294864,,20.0,,,,104.04826680007528,,11.709462006812537,,2.8195581020528317,,,,,2019,4
2008,2008,BOREWELL AT PASUPATHY PUDUR VILLAGE PALANI TALUK DINDIGUL DIST.,572,Dindigul,PALANI,10.448726,77.517259,2019-04-15 08:30:00,,36.22440064930473,4.946120131387913,497.2355498458275,6.901375449216844,,93.46623937356637,,,0.07256494954423962,106.67203309268004,,62.80414424209228,,2.2309697558427146,,,0.14540840285296566,,2019,4
2009,2009,BORE WELL AT VANNIARVALASU VILLAGE NEAR ELEMENTARY SCHOOL THOPPAMPATTI PANCHAYAT UNION PALANI TALUK,572,Dindigul,PALANI,10.576266,77.529657,2019-04-15 08:30:00,0.8616447025829087,162.80968070396256,6.4903596757288735,40.0,7.640586439686861,,112.30351564715751,,,,22.224103154535648,,62.72039934663846,,1.2780865129021983,,,,,2019,4
2010,2010,BOREWELL LOCATED AT M/S. PHOENIX TEXTILE PROCESSORS VENDIPALAYAM ERODE,573,Erode,ERODE,11.327414,77.745903,2019-04-15 08:30:00,,209.9845045358301,6.94002412862609,367.57429200412116,7.7441056289458565,0.001,193.20716161731372,,,0.026645435359045955,86.40233671484455,,35.91741891679426,,1.87839802717028,,,,,2019,4
2011,2011,BOREWELL NEAR KAMBARASAMPETTAI INTAKE WELL (TRICHY UPSTREAM),591,Tiruchirappalli,TIRUCHIRAPPALLI,10.787066,78.690243,2019-04-15 08:30:00,0.8367719184845598,39.73684071234446,6.135759191938702,110.51429194154707,7.463838484193209,,181.92371618918236,,,1.5234365012916864,94.17767611682268,,68.05688695891553,,1.203772768733833,,,,,2019,4
2012,2012,BOREWELL NEAR THOGUR INTAKE WELL (TRICHY DOWNSTREAM),591,Tiruchirappalli,TIRUCHIRAPPALLI,10.786916,78.690657,2019-04-15 08:30:00,0.19542414668289404,10.0,7.275797558715192,283.79864155576837,7.820145470643004,,22.731436558111568,,,0.4307960727034206,45.35930655577807,,19.262834770393084,,1.0595775499223614,,,,,2019,4
2013,2013,CAUVERY AT 1KM. D/S OF BHAVANI RIVER CONFL. TAMILNADU,573,Erode,BHAVANI,11.445663,77.677626,2019-04-15 08:30:00,,79.38786626061321,6.568867417624704,398.6363979314732,7.362321252646157,,139.02755155824883,,,,130.58135049492637,,5.0,,1.200404721375969,,,,,2019,4
2014,2014,CAUVERY AT COLEROON TAMILNADU,579,Nagapattinam,NAGAPATTINAM,11.326822,79.702981,2019-04-15 08:30:00,,160.52977359613976,5.1586904620204255,661.5775113129084,7.646496399208814,,232.3501190632899,,,0.0663012338665904,70.63199648933377,,37.73453954762256,,1.5046597566703277,,,,,2019,4
2015,2015,CAUVERY AT ERODE NEAR CHIRAPALAYAM TAMILNADU,573,Erode,ERODE,11.335795,77.753762,2019-04-15 08:30:00,,188.16430254480196,6.02966251136688,287.91918274628426,7.248413742819737,,167.13681308315688,,,0.06857850670651314,131.6535884624501,,51.364328346791936,,0.26223470571550955,,0.0346277637576422,,,2019,4
2016,2016,CAUVERY AT KOMARAPALAYAM NAMAKAL TAMILNADU,580,Namakkal,Tiruchengode,11.423503,77.685261,2019-04-15 08:30:00,,174.1755198826551,4.386191122662411,619.8901823114296,6.989007622487834,,20.0,,,0.21283505342673764,77.9114518367817,,46.331656571423544,,1.5815800149317447,,,0.01,,2019,4
2017,2017,CAUVERY AT KUMBAKONAM THANJAVUR TAMILNADU,586,Thanjavur,KUMBAKONAM,10.968137,79.378248,2019-04-15 08:30:00,,10.0,7.291729710370133,697.8792000912996,6.7821286049007306,,100.16115201877207,,,,102.22118446708137,,28.54968321760006,,1.0550792986149802,,,,,2019,4
2018,2018,CAUVERY AT MAYILADUTHURAI NAGAPATTINAM TAMILNADU,579,Nagapattinam,Mayiladuthurai,11.104894,79.651871,2019-04-15 08:30:00,0.474637314804893,169.77081492252483,7.156615377144362,385.9158069400532,7.602165990235493,,239.6457607529253,,,,42.27666241570453,,69.00289447003426,,1.049569988128318,,,,,2019,4
2019,2019,CAUVERY AT METTUR,584,Salem,METTUR,11.796255,77.806971,2019-04-15 08:30:00,0.12566686670465976,166.00682483517068,7.710643403320569,210.82320154240978,8.044629418920145,,220.35287729436874,,,,86.84143240450662,,21.869178006294682,,0.639325611570989,,,0.03354772567004302,,2019,4
2020,2020,CAUVERY AT MOHANUR NEAR PATTAIPALAYAM TAMILNADU,580,Namakkal,NAMAKKAL,11.064392,78.120358,2019-04-15 08:30:00,2.7188340713825556,10.0,5.097534906118009,512.8071275038166,7.879526866868741,,171.9371834656462,,,,162.46719049143053,,7.171954204045814,,1.549086074728895,,,0.0481455341214281,,2019,4
2021,2021,CAUVERY AT MUSIRI,591,Tiruchirappalli,MUSIRI,10.955345,78.443949,2019-04-15 08:30:00,0.7519158878981532,93.95136910608521,8.062151319974504,202.86841476834434,6.628106329017937,,347.20984821842507,,,,92.27884367515429,,10.61710218515146,,2.3450500903210956,,,0.08564060461083178,,2019,4
2022,2022,CAUVERY AT PALLIPPALAYAM,580,Namakkal,Tiruchengode,11.368215,77.741107,2019-04-15 08:30:00,,67.53621508241662,5.182548454094379,570.9752900184437,7.464314956560481,,202.90520114200694,,,0.2404059380795789,10.0,,6.028961769948879,,1.127211089568611,,,,,2019,4
2023,2023,CAUVERY AT PETTAIVAITHALAI TRICHY TAMILNADU,591,Tiruchirappalli,SRIRANGAM,10.906389,78.489697,2019-04-15 08:30:00,1.409827929798659,135.88823601443588,7.001106057971348,438.7532064787303,7.226447331295159,,194.5196117460696,,,0.6597670163033383,129.20356347341777,,24.780532109944424,,0.6385132878061979,,,0.06049432074460323,,2019,4
2024,2024,CAUVERY AT PITCHAVARAM TAMILNADU,570,Cuddalore,CHIDAMBARAM,11.418828,79.772375,2019-04-15 08:30:00,,90.52120691386389,6.783316753058091,555.2767827998474,7.946118903036012,,228.02528331972536,,,0.17790546702401666,88.10833840100024,,32.79223389941586,,2.4567091791960207,,,,,2019,4
2025,2025,CAUVERY AT PUGALUR KARUR TAMILNADU,576,Karur,KARUR,10.974467,78.180075,2019-04-15 08:30:00,,123.48701311534266,8.40957057342161,426.3953324445464,7.935502057901455,,160.17379358521762,,,0.2989853762304764,105.65623793564595,,33.46276848077118,,1.6156243460127642,,,,,2019,4
2026,2026,CAUVERY AT THANJAVUR TAMILNADU,610,Ariyalur,Sendurai,11.34,79.24,2019-04-15 08:30:00,0.05,158.71295539035776,6.253618826237495,873.7040105104975,7.7646025245360955,,122.92927645747713,,,1.0174195635605634,81.11712719405784,,37.05883569264745,,1.3978352427894651,,,,,2019,4
2027,2027,CAUVERY AT THIRUMUKKUDAL-CONFL. PT.OF R. AMRAVATI TAMILNADU,576,Karur,KARUR,11.050024,78.120645,2019-04-15 08:30:00,0.15928469659161343,80.56534741751469,5.594487717159919,445.96040023895756,7.537041829332181,,48.62799977780688,,,0.5389883458234406,86.05864358462702,,33.06446345945445,,1.0362988157214754,,,,,2019,4
2028,2028,CAUVERY AT TIRUCHIRAPPALLI D/S TAMILNADU,591,Tiruchirappalli,SRIRANGAM,10.766809,78.665272,2019-04-15 08:30:00,,90.91998045075954,7.684790882543689,428.5827812560689,7.617480723393061,,184.40029525272283,,,,44.33302495915541,,61.552405826592576,,2.6019392031328312,,,,,2019,4
2029,2029,CAUVERY AT TIRUCHIRAPPALLI U/S TAMILNADU,591,Tiruchirappalli,TIRUCHIRAPPALLI,10.833263,78.718224,2019-04-15 08:30:00,,171.8765196767016,6.462428288676,261.5785996708207,8.11107388446405,,184.40819631910907,,,0.934048223609692,141.3542123267149,,25.258517314088806,,0.9626207896051866,,,,,2019,4
2030,2030,CAUVERY AT TRICHY GRAND ANAICUT TAMILNADU,586,Thanjavur,Thiruvaiyaru,10.830327,78.81177,2019-04-15 08:30:00,0.6369529276162186,209.71896260648978,5.279916478243794,549.6980266361957,7.244923723616153,,224.84453100181892,,,,66.69644378961995,,47.39049096555676,,1.7014451203350696,,,0.2999386817907183,,2019,4
2031,2031,CAUVERY AT URRACHIKOTTAI ERODE TAMILNADU,580,Namakkal,Tiruchengode,11.354178,77.750436,2019-04-15 08:30:00,0.07519529463632856,10.0,6.802374573087253,329.35736368043854,7.922784035227595,,78.82872414615214,,,,25.440499894482976,,34.62683249571753,,1.2686456799387105,,,,,2019,4
2032,2032,CAUVERY AT VAIRAPALAYAM NAMAKAL TAMILNADU,580,Namakkal,Tiruchengode,11.361583,77.742411,2019-04-15 08:30:00,0.3351509502711236,139.23289709349248,5.123297610590418,413.9765955959327,7.251930067140927,,211.90564720639387,,,0.2306166967320386,30.545685150091856,,14.980806828866768,,0.5390640364886576,,,,,2019,4
2033,2033,CAUVERY AT VELORE NEAR KATTIPALAYAM TAMILNADU,580,Namakkal,Paramathivellur,11.18,78.01,2019-04-15 08:30:00,0.05,108.74474648924722,7.10301402132505,436.43213792368874,7.320704415904892,,159.78077707937055,,,0.04673797262904476,23.81323895122457,,56.55803749779403,,0.665624486586842,,,,,2019,4
2034,2034,CHENNAI-1 NESAPAKKAM (ZONE-IV),568,Chennai,CHENNAI,13.035832,80.193265,2019-04-15 08:30:00,0.1122110602312233,78.73727459840799,7.146934478302437,301.30630405626016,7.030798189952563,,313.8772343710081,,,,60.300547556799614,,35.927939913789736,,0.550273309158745,,,,,2019,4
2035,2035,CHENNAI-2 PERUNGADI(ZONE-V),574,Kancheepuram,KANCHEEPURAM,12.9566,80.23435,2019-04-15 08:30:00,0.13849308096136245,153.94329061235703,6.58385166031578,40.0,7.672921681771433,,161.52941914368452,0.01,,2.025617484020253,10.0,,43.88459274573547,,0.8869356758169085,,0.020634590362168036,,,2019,4
2036,2036,CHENNAI-3KODUNGAIYUR (ZONE I&II),568,Chennai,CHENNAI,13.138808,80.260799,2019-04-15 08:30:00,1.1942307253125393,190.07923060634317,4.934257098249767,676.8486956297152,7.670194884528951,,150.50368975396415,,,0.3447878052776043,28.919975062875523,,27.968474326049765,,1.5746863383709837,,,,,2019,4
2037,2037,CHENNAI-4 KOYAMBEDU (ZONE-III),568,Chennai,CHENNAI,13.0642,80.200156,2019-04-15 08:30:00,0.5655458084430327,192.64387684049484,6.110080718777667,510.32682000788435,7.050250527703962,0.011519888741933963,270.9506859690802,,0.02,,16.903858407601874,,19.917865541021644,,0.7796607685767107,,,,,2019,4
2038,2038,CHENNAI WATERWAYS AT BUCKINGHAM CANAL (ICE HOUSE),568,Chennai,CHENNAI,13.050823,80.278958,2019-04-15 08:30:00,,108.29210638654422,7.398905429960115,417.2770427441896,7.990366958899063,,159.9258172495835,,,,94.73762856960519,,54.892043778933626,,0.27527217406033655,,,,,2019,4
2039,2039,CHENNAI WATERWAYS AT BUCKINGHAM CANAL (TIDAL PARK),568,Chennai,CHENNAI,12.988133,80.25192,2019-04-15 08:30:00,,62.852921482250224,5.915521146609087,223.19146687110305,7.579437675463035,,175.75723959951208,,,,107.39011502408067,,29.966262070264868,,1.8496312190382591,,,,,2019,4
2040,2040,CHENNAI WATERWAYS AT BUCKINGHAM CANAL X OTTERI NULLAH CONFLUENCE (GMR VASAVI INDUSTRIES),568,Chennai,CHENNAI,13.10524,80.271091,2019-04-15 08:30:00,,124.34431226610661,5.418635131122061,476.90258171968424,7.836538693779792,0.001298422682215554,261.7026216718778,,,,112.83879773125314,,41.35271017922234,,1.956533958307929,,0.007652485751171471,,,2019,4
2041,2041,CHENNAI WATERWAYS AT CAPTAIN COTTON CANAL (ERUKANJERI),568,Chennai,CHENNAI,13.126266,80.256935,2019-04-15 08:30:00,,10.0,6.894933739607876,474.67955155062197,7.056941432747593,,206.79588088052233,,,,125.94029767221485,,35.3336730209356,,0.9437266894744327,,0.01647137335691553,,,2019,4
2042,2042,CHENNAI WATERWAYS AT CC X BC CONFLUENCE (KODUNGAIYUR),568,Chennai,CHENNAI,13.136803,80.249192,2019-04-15 08:30:00,,169.37277385203365,7.421993745024366,434.93508716725205,8.106389607227513,0.003398039429283294,115.93992774131914,0.01,,,71.48704478578841,,58.875930173904194,,1.5179110078251692,,,0.07950872017553773,,2019,4
2043,2043,CHENNAI WATERWAYS AT MAMBALAM DRAIN (GOLF COURSE),568,Chennai,CHENNAI,13.022221,80.233657,2019-04-15 08:30:00,1.0223319372386488,168.3031256585407,5.503291375595268,347.19826356299166,7.508451411948062,,79.05896889299662,,,,85.42788828500922,,52.11659813338099,,0.01,,,0.06902172828503769,,2019,4
2044,2044,CHENNAI WATERWAYS AT MAMBALAM DRAIN (USMAN ROAD),568,Chennai,CHENNAI,13.028381,80.227747,2019-04-15 08:30:00,,106.84649486155855,5.792693332666691,526.6244979894984,7.690952494832611,,141.25743129834478,,,,58.90820818699589,,34.82561135251919,,0.6498039491133141,,,,,2019,4
2045,2045,CHENNAI WATERWAYS AT OTTERI NULLAH (KILPAUK GARDEN),568,Chennai,CHENNAI,13.086538,80.234507,2019-04-15 08:30:00,0.130655630500806,215.28052398005536,5.231580195133571,668.6771745191725,7.503963646584279,0.006793579025865532,157.6466869352635,,0.02,,124.78772605285886,,34.9764643834084,,0.38663923779843856,,,,,2019,4
2046,2046,CHENNAI WATERWAYS AT OTTERI NULLAH (ORIGIN),568,Chennai,CHENNAI,13.099796,80.196273,2019-04-15 08:30:00,1.7251939675128378,111.50294531375,6.855712827189839,346.23499033011143,8.212843367226904,,165.49099257429117,,,0.16487396868664794,138.99320079650442,,36.78074416298798,,1.4284185266557143,,,0.02025183724368498,,2019,4
2047,2047,COLLECTOR WELL AT THIRUPUVANAM FOR MADURAI WAT. SUPPLY SCHEME TAMILNADU,585,Sivaganga,Sivagangai,9.826111,78.257297,2019-04-15 08:30:00,,10.0,5.170228493032058,367.87898844782217,7.9612673837125145,,208.86247521512655,,,0.072810835062391,110.73813247600253,,63.32796048208496,,1.2835673483795254,,,0.031055765497991564,,2019,4
2048,2048,ERAL - CHARMAM ARUNACHALA SWAMY TEMPLE WEST OF BORE WELL,594,Thoothukudi,Thoothukudi,8.621439,78.016285,2019-04-15 08:30:00,0.17513381370803927,120.76211017758418,4.923536786248207,358.37819819861693,7.6719369258657135,,159.10472225813737,,,,38.10847390381312,,34.02787036545335,,1.3871319330987117,,,0.0449455439727003,,2019,4
2049,2049,ERODE-1,573,Erode,ERODE,11.333111,77.747343,2019-04-15 08:30:00,0.3846639398154029,98.93181862428762,7.448737853011116,680.3871636466449,7.103655717980102,0.001,34.33238752434511,,,,10.0,,49.99019969821156,,1.9345127120017018,,,,,2019,4
2050,2050,ERODE-2,573,Erode,ERODE,11.338655,77.74513,2019-04-15 08:30:00,,158.91992133856238,6.972296780402859,677.6246213710059,7.122808395611817,0.011371709996719393,250.3958077270488,,,0.05464170513300164,49.277257739801186,,26.065463669071974,,1.3534125064819937,,,,,2019,4
2051,2051,HOUSE OF THIRU MURUGAN S/O. ESAKKI NO.16B MEENAKSHIPURAM ANNA NAGAR TIRUNELVELI,592,Tirunelveli,TIRUNELVELI,8.727206,77.709638,2019-04-15 08:30:00,0.6343165942520338,21.56934303102213,7.257165140034973,552.3470978958942,6.282988094889899,,224.14192943093693,,,,38.047278427608234,,63.32103133993528,,0.01,,,,,2019,4
2052,2052,KAKKADAVU KERALA,569,Coimbatore,POLLACHI,10.742228,77.060508,2019-04-15 08:30:00,1.8818059650815246,69.106080541236,6.157131624949673,349.0907839649206,6.632326887626631,,189.8482061545844,,,,116.44753765128101,,27.015833948901598,,1.5134339287789873,,,0.05815675736947611,,2019,4
2053,2053,KARUR,576,Karur,KARUR,10.955411,78.055554,2019-04-15 08:30:00,0.05,131.0033463577755,7.23554730099953,756.5689653504551,7.374843185081942,,289.14967011616477,,,0.5024432920252013,139.28736987897085,,28.06479073499821,,1.8254802860663997,,,,,2019,4
2054,2054,KODAI KANAL LAKE TAMILNADU,572,Dindigul,KODAIKANAL,10.233619,77.485653,2019-04-15 08:30:00,,197.50765313334995,6.620815688913184,634.3244223665886,7.4594975116882924,,63.929205234026696,,,,44.258188223122666,,54.52401949116225,,1.4692606363944485,,,,,2019,4
2055,2055,KOMBUPALLAM SATHYAMANGALAM,573,Erode,SATHYAMANGALAM,11.509621,77.230116,2019-04-15 08:30:00,,16.094811338843357,4.8098610312775465,69.62536795494668,6.733087543185046,,283.8928034706104,,,,83.15283149362926,,28.461256295539087,,0.2553072481593517,,,,,2019,4
2056,2056,KUMBAKONAM,586,Thanjavur,THANJAVUR,10.78627,79.15819,2019-04-15 08:30:00,,10.0,4.794350227237777,607.0296017388482,7.2972022242208645,,197.54377442481302,,,,110.9559519586174,,39.09222446345622,,1.218005879480805,,,,,2019,4
2057,2057,LOCATED ADJACENT TO KARU MSW DUMP SITE AND ON THE NORTHERN BANK OF RIVER AMARAVATHI AND DOWNSTREAM,576,Karur,KARUR,10.951185,78.035374,2019-04-15 08:30:00,,144.4826625890808,5.129270415295672,372.09332815098287,8.16685833328978,,228.79537152235574,,,0.01,72.73621901430991,,46.95038589620342,,0.45101263539404135,,,,,2019,4
2058,2058,LOCATED ON THE SOUTHERN BANK OF RIVER AMARAVATHI AND DOWNSTREAM SIDE OF KARUR DYEING CLUSTER,576,Karur,KARUR,10.917543,78.009517,2019-04-15 08:30:00,,213.99465941024326,5.70159703587987,746.7515035207222,8.169796402665943,,193.05420295072656,,,,53.45657152288041,,72.38233853593184,,2.6167057661283524,,,,,2019,4
2059,2059,MADUKARAI,596,Viluppuram,Viluppuram,11.871427,79.603728,2019-04-15 08:30:00,,10.0,6.890191310832567,505.1514871319609,7.594710948273115,,225.98643777177762,,,0.8384441797319524,84.64930865441792,,55.4373995382396,,1.2384067907864038,,,,,2019,4
2060,2060,MAYILADUTHURAI,589,Tiruvallur,TIRUVALLUR,10.812621,79.608435,2019-04-15 08:30:00,0.1864418865109833,62.91323263102338,7.203467209826914,623.0898665833826,6.94878056558732,,146.1882441692151,,,,45.073587970405626,,45.78008018429077,,0.056432239739945045,,,,,2019,4
2061,2061,M. KALIAPPAN SANGILIMUNIYAPPAN KOVIL ERIKKADU METTUR,584,Salem,Sankari,11.478265,77.881114,2019-04-15 08:30:00,0.05,98.02473540661362,6.8307595614604795,40.0,7.056278044338379,,207.117215141714,,,,87.0163031684832,,17.818894726679606,,0.908447197515579,,,,,2019,4
2062,2062,MUNICIPAL CORPORATION BORE WELL LOCATED IN PERUMALPURAM STREET NARANAMMALPURAM TIRUNELVELI,592,Tirunelveli,PALAYAMKOTTAI,8.698363,77.738123,2019-04-15 08:30:00,,185.41165808627125,5.049858927602517,288.3403437217876,6.829945679101756,,40.87563638913312,,,,61.82038824983452,,29.988674210820086,,0.18464070980976288,,,0.014459540546593846,,2019,4
2063,2063,OVER HEAD TANK AT TIRUR VILLAGE TIRUVALLUR TALUK TIRUVALLUR PANCHAYAT UN,589,Tiruvallur,TIRUVALLUR,13.106545,79.960588,2019-04-15 08:30:00,1.1142573046398958,198.35325970028907,7.7025931433503985,409.72729986218656,7.007591508497265,,85.48064657147366,,,0.9138798880943114,10.0,,54.169794656573465,,1.410828746605216,,,,,2019,4
2064,2064,PALAR AT VANIYAMBADI WATER SUPPLY HEAD WORK TAMILNADU,595,Vellore,VANIYAMBADI,12.679231,78.595417,2019-04-15 08:30:00,0.0882666957875805,83.19526062238674,6.1208331375628235,187.04350413559854,7.493702087969104,,177.64033316284767,,,0.8734955031671277,97.0114756635002,,29.905720501320577,,1.8396150792588775,,,,,2019,4
2065,2065,PARAMASIVAM WATER SERVICE STATION BLOCK NO.13 BSNL EXCHANGE OPPOSITE METTUR DAM - 636 402.,584,Salem,METTUR,11.803279,77.804723,2019-04-15 08:30:00,,41.684795205051415,4.625966591840606,610.6413281413163,7.00847654622096,,109.10705210382747,,,0.01,93.88876453593807,,41.96315275160243,,0.01,,,,,2019,4
2066,2066,PERUR CHETTIPALAYM PANCHAYAT LOCATED ADJACENT TO NOYYAL RIVER AT PERUR-VEDAPATTY ROAD (OPP VINAYGAR,573,Erode,ERODE,11.128875,77.39572,2019-04-15 08:30:00,0.7997606012968448,31.628318654267105,7.32034370126064,545.1754429031023,7.781084162029633,,201.1181037099449,,,,106.84506965490297,,16.17851839030429,,0.6791357820301388,,,,,2019,4
2067,2067,POONDI LAKE AT THIRUVALLUR TAMILNADU,589,Tiruvallur,TIRUVALLUR,13.169731,79.888236,2019-04-15 08:30:00,,154.59418246684703,4.944492478308517,476.6454892067447,7.478927933227298,,122.42042146401025,,,,11.038392580635815,,40.26498692692013,,1.5903264718863,,,0.20628795648270992,,2019,4
2068,2068,PORUR LAKE AT THIRUVALLUR TAMILNADU,589,Tiruvallur,TIRUVALLUR,13.033945,80.148344,2019-04-15 08:30:00,0.37690148263528805,202.0013466964022,6.3995330777710135,442.3787183647313,6.971544316033388,,78.54119701407355,,,0.0955572530269784,102.19695386799188,,5.0,,0.01,,,,,2019,4
2069,2069,PULICATE LAKE AT THIRUVALLUR TAMILNADU,589,Tiruvallur,TIRUVALLUR,13.427023,80.292679,2019-04-15 08:30:00,,160.41208563637218,5.5161870577281205,333.1105197482991,7.867234285296321,,186.34650362951615,,,0.10833535931799948,30.47615385678725,,36.796646038789554,,1.453157406865772,,,,,2019,4
2070,2070,REDD HILLS AT THIRUVALLUR TAMILNADU,589,Tiruvallur,TIRUVALLUR,13.193092,80.172867,2019-04-15 08:30:00,0.6391531396254149,204.31883867016592,8.342393280051935,300.09201920608587,7.402946551273269,,192.82830516931128,,,,63.91932050466772,,21.090701546899574,,2.7797218897774476,,,,,2019,4
2071,2071,RIVER ADYAR AT EKKATTUTHANGAL,574,Kancheepuram,KANCHEEPURAM,13.026747,80.192542,2019-04-15 08:30:00,,209.93414280898824,6.441392730648715,255.727873246161,7.867013123687197,,103.45485204140101,,,0.020230570642914107,43.422761483973204,,35.719674816142245,,2.5070962226225637,,,,,2019,4
2072,2072,RIVER ADYAR AT JAFERKHANPET,574,Kancheepuram,KANCHEEPURAM,13.02849,80.20247,2019-04-15 08:30:00,,107.34281513458335,5.542535814204932,619.7966600603195,7.715373094921251,,184.77674665701664,,,0.16521486646813568,10.0,,24.936297702111084,,0.45028758105516575,,,,,2019,4
2073,2073,RIVER ADYAR AT KOTTURPURAM BRIDGE,568,Chennai,CHENNAI,13.025906,80.243554,2019-04-15 08:30:00,,195.61237885334637,6.407889184684724,332.8576133184188,7.997207849975167,,200.1346424900049,,,0.5606813124165649,86.03021403693052,,26.522010426446396,,0.8764402540247112,,,,,2019,4
2074,2074,RIVER ADYAR AT MARAIMALAI BRIDGE,574,Kancheepuram,KANCHEEPURAM,13.02724,80.208104,2019-04-15 08:30:00,0.5000996366357792,10.0,5.947333312214462,374.6472702401203,7.316792022342356,,89.31665332585865,,,0.0370659799794358,110.18874896475697,,33.37236618784471,,1.4264476372071295,,,,,2019,4
2075,2075,RIVER ADYAR AT NANDAMBAKKAM,574,Kancheepuram,KANCHEEPURAM,12.965867,80.109983,2019-04-15 08:30:00,,15.162128471001864,7.215944619658134,515.1767242186438,7.533441124381445,,219.99493162344365,,,0.4670793102831495,10.0,,15.10439993879534,,1.0480730343429203,,,,,2019,4
2076,2076,RIVER ADYAR BEFORE GOLF COURSE,574,Kancheepuram,Tambaram,12.938473,80.094802,2019-04-15 08:30:00,0.05,97.9483530459164,5.931854892127006,382.11381752165335,7.3757851089476025,,163.310201033866,,,0.37081311922841986,39.40391145165255,,29.000184248739444,,0.5323678970368563,,,0.11990766864612833,,2019,4
2077,2077,RIVER ADYAR NEAR BOAT CLUB,568,Chennai,CHENNAI,13.023184,80.247552,2019-04-15 08:30:00,0.2667989089865206,116.40099331806493,7.342347600511773,539.408361248056,7.0117331393573235,,204.5734529214737,,,0.08199486006103957,98.1784699129194,,52.89679044411187,,1.4839825629550003,,,,,2019,4
2078,2078,RIVER CAUVERY AT BHAWANI D/S,573,Erode,ERODE,11.422026,77.679686,2019-04-15 08:30:00,1.0028005623723741,191.19600768608694,6.098544765291653,40.0,7.1320295033798216,,334.64512170027103,,,,43.164646899290545,,37.111822943016925,,2.363107590838509,,,,,2019,4
2079,2079,RIVER CAUVERY AT ERODE U/S,573,Erode,ERODE,11.369068,77.727294,2019-04-15 08:30:00,0.3909061670647156,142.7085831863088,6.476887092711962,289.54479102812627,7.909680105997287,0.0030309826237873818,192.61943267659436,,,0.530295499824005,76.31607750693298,,64.20244685774058,,1.3224042985429318,,0.001069811398353054,,,2019,4
2080,2080,RIVER CAUVERY AT KARUR U/S,576,Karur,KARUR,11.008673,78.159341,2019-04-15 08:30:00,2.729063613066399,54.45782200693483,5.060500741488222,495.3669099008656,7.356722528911566,,229.422590476153,,,0.1831920667686154,126.61443624686163,,44.67871970922351,,1.5527999557641257,,,,,2019,4
2081,2081,RIVER CAUVERY AT KUMARAPALAYAM U/S,580,Namakkal,Tiruchengode,11.427111,77.686922,2019-04-15 08:30:00,,216.48916713556264,8.54034637075759,127.95991148677086,7.778971026370952,,28.703326704076545,,,,104.1436443947897,,46.11717465813263,,2.515504228560996,,,,,2019,4
2082,2082,RIVER CAUVERY AT KUMBAKONAM D/S,586,Thanjavur,KUMBAKONAM,10.964811,79.351278,2019-04-15 08:30:00,3.8557588874531215,124.59231816154488,4.0621072108266585,477.7602945957914,7.933825222054352,,242.13995828426368,,,,117.76912590813026,,27.010575089054917,,2.397164847498055,,,,,2019,4
2083,2083,RIVER CAUVERY AT MAYILADUTHURAI D/S,579,Nagapattinam,Mayiladuthurai,11.105488,79.647969,2019-04-15 08:30:00,,165.91100236553282,5.91782688148623,426.077120134734,7.701310293727288,,203.71779382659014,,,,137.52177547962106,,28.430610527633316,,1.2683058483479923,,,,,2019,4
2084,2084,RIVER CAUVERY AT PALLIPALAYAM D/S,580,Namakkal,Tiruchengode,11.365347,77.741652,2019-04-15 08:30:00,0.42936424740523593,258.11650975029505,6.138188792359847,259.5577601927704,6.948925559922582,,246.73117821105512,,,0.13346632627736674,105.54549556000816,,39.75240408193436,,1.0398594905611906,,,,,2019,4
2085,2085,RIVER COOUM AT AMANJIKARAI,568,Chennai,CHENNAI,13.068081,80.231405,2019-04-15 08:30:00,,140.25752724425246,4.576529881683251,679.2945232706479,7.2058524594574,,143.7012456102547,,,,138.48332710227177,,36.43847188114185,,2.813289938768782,,,,,2019,4
2086,2086,RIVER COOUM AT ANNA NAGAR,568,Chennai,CHENNAI,13.07865,80.207011,2019-04-15 08:30:00,,123.85309529097555,5.893212466185834,585.3082781074297,7.237284290361172,,41.68374720995706,,,0.4678950615661633,119.60137922528372,,31.079135333028734,,1.1134678027723224,,,0.11997334614576721,,2019,4
2087,2087,RIVER COOUM AT ARUMBAKKAM,568,Chennai,CHENNAI,13.074866,80.221849,2019-04-15 08:30:00,1.5216552542531627,10.0,4.371384879512509,704.0551921453775,6.813777661958313,,222.67814688135957,,,0.25327075993057296,150.3864409698495,,23.675313409496688,,1.8074722342416931,,,,,2019,4
2088,2088,RIVER COOUM AT COLLAGE ROAD,568,Chennai,CHENNAI,13.070824,80.249921,2019-04-15 08:30:00,,115.84820905431854,6.303143374222155,177.88349873444292,7.312298234747298,,253.83637518259923,,,,63.253290244986886,,35.54074456138313,,2.6903095196358553,,,,,2019,4
2089,2089,RIVER COOUM AT NAPIER BRIDGE,568,Chennai,CHENNAI,13.069423,80.284355,2019-04-15 08:30:00,,220.75903403407943,6.386130434370692,761.6318254611538,7.308094931270813,,231.6161675625338,,,0.028926934225770286,10.0,,16.92587023077617,,0.7058837128977071,,,,,2019,4
2090,2090,RIVER COOUM AT POONAMALLE,589,Tiruvallur,TIRUVALLUR,13.065634,80.113691,2019-04-15 08:30:00,,157.24882752227217,3.5045839736283604,370.10689573417505,6.911873193218803,,117.59879440197156,,,,27.840330499489248,,28.270220011221365,,1.3974802421241066,,,,,2019,4
2091,2091,RIVER COOUM NEAR CENTRAL JAIL,589,Tiruvallur,TIRUVALLUR,13.169913,80.21808,2019-04-15 08:30:00,0.1657029310910884,138.46148309316857,6.566185468809904,432.7274249524137,7.205472501891516,,224.47676079098105,,,0.01,123.18359362041343,,19.74078386312788,,1.9544776295372754,,,,,2019,4
2092,2092,RIVER LOCATIONS AT KUMARAPALAYAM,580,Namakkal,Tiruchengode,11.447221,77.691963,2019-04-15 08:30:00,,155.33528659088236,7.2009539857510365,624.2542009837438,7.112878323795569,,223.28204309529974,,,0.26232930893089756,81.96900423632157,,42.27070704565216,,1.1741095120733047,,,,,2019,4
2093,2093,RIVER TAMRABARANI AT TIRUNELVELI D/S,592,Tirunelveli,TIRUNELVELI,8.78198,77.79011,2019-04-15 08:30:00,0.05,122.73786557522126,8.362684032697212,587.6164336141005,6.5281678959373854,,179.91378342450915,,,,55.147074361181474,,56.401613390019264,,0.01,,,,,2019,4
2094,2094,RIVER VAIGAI AT MADURAI D/S,578,Madurai,MADURAI SOUTH,9.92812,78.125036,2019-04-15 08:30:00,0.6190012135577267,96.32879027248066,5.726566027237182,660.88987011273,7.510781105227241,,191.3074998143386,,,,117.29496575265244,,60.88455596456835,,0.01,,,,,2019,4
2095,2095,RIVER VAIGAI AT MADURAI U/S,578,Madurai,MADURAI SOUTH,9.927433,78.121013,2019-04-15 08:30:00,0.31404597730193257,172.22559129442698,3.7414828418857398,402.291967849966,7.048444567045159,,277.04804058794707,,,,80.88830001050553,,18.865151881959715,,0.01,,,0.01,,2019,4
2096,2096,RIVER VENNAR AT THANJAVUR D/S,586,Thanjavur,THANJAVUR,10.816856,79.140224,2019-04-15 08:30:00,0.15123898978288838,181.02661133395873,5.786969275353372,415.00093383890504,7.807797141142521,,195.31099533810416,,,,106.40860590438781,,27.247824944716122,,1.0735322976336708,,,,,2019,4
2097,2097,SAKTHI NAGAR NEAR MUNICIPALITY SEWAGE TREATMENT PLANT KOMPURANKADU METTUR,574,Kancheepuram,SRIPERUMBUDUR,13.00996,80.162403,2019-04-15 08:30:00,0.1439831456277256,174.36665195085175,5.549156882983221,40.0,7.7906806728739495,,195.0025621597629,,,0.29935252216549263,95.73172875826143,,24.842421905476932,,1.9421727350000677,,,,,2019,4
2098,2098,SARABANGA AT SALEM D/S OF TEXTILE DYEING INDUSTRIES EFFLUENT TAMILNADU,584,Salem,SALEM,11.649094,78.148011,2019-04-15 08:30:00,,143.24873355691233,4.8443812890485916,1194.093432771736,7.644848444082593,,96.13078915127983,,,0.023647119536291953,57.19407319891737,,8.565520103200015,,1.7840236249649664,,,,,2019,4
2099,2099,SRIVAIKUNDAM - BLOCK DEVELOPMENT OFFICE - OPEN WELL,594,Thoothukudi,Thoothukudi,8.625282,77.907778,2019-04-15 08:30:00,,117.0726859892973,7.993977335377265,304.78911208881823,7.7868258227209255,,199.16796037779008,,,,45.011220711602434,,47.622750650692055,,1.7012362149441171,,,,,2019,4
2100,2100,SRIVAIKUNDAM - TNEB SUB STATION 33 KVA OPPOSITE TO TIRUNELVELI MAIN ROAD OPEN WELL,592,Tirunelveli,NANGUNERI,8.575329,77.769134,2019-04-15 08:30:00,,154.0750488758871,7.389386988901898,309.02943970095225,8.06560754980495,,75.46466655752626,,,0.042390956362637754,44.08887036048991,,34.79896488896844,,2.2137025141797917,,,,,2019,4
2101,2101,SURIYAMPALAYAM BOREWELL (HAND PUMP) OWNED BY ERODE CORPORATION LOATED OPPOSITE TO M/S. PIONEER PROC,573,Erode,ERODE,11.408563,77.685422,2019-04-15 08:30:00,,315.0719476136523,7.860731064367007,344.1903994685461,7.572916161569734,,279.6941722185061,0.01,,,109.89933338246247,,71.1437859164628,,2.7685531485922534,,,,,2019,4
2102,2102,TAMBIRAPARANI AT ARUMUGANERI TAMILNADU,594,Thoothukudi,Thoothukudi,8.624431,78.068808,2019-04-15 08:30:00,0.11848009011402372,126.59656239180676,8.67062783806737,758.5770497320361,7.284160740039827,,240.80695198167527,,,,186.04717796579456,,59.56986263030362,,0.38854625521663055,,,,,2019,4
2103,2103,TAMBIRAPARANI AT BDG.NR. MADURA COATS LTD.PAPAVINASAM TAMILNADU,592,Tirunelveli,AMBASAMUDRAM,8.663294,77.422222,2019-04-15 08:30:00,1.1712778191888813,174.26792241051342,7.836758985957099,840.5972201291634,7.910769969998763,,194.09188498058418,,,0.01,48.77674014213022,,59.66179076038404,,1.1641766211560929,,,,,2019,4
2104,2104,TAMBIRAPARANI AT CHERANMADEVI CAUSE WAY TAMILNADU,592,Tirunelveli,AMBASAMUDRAM,8.700586,77.56595,2019-04-15 08:30:00,,117.47506298941688,5.187212952858365,77.52397215708993,7.338121065006151,,249.58602589290274,,,0.232429538431901,73.75687025919514,,40.554623941097724,,0.4352144671110033,,,,,2019,4
2105,2105,TAMBIRAPARANI AT ERAL THOTHUKUDI TAMILNADU,594,Thoothukudi,Thoothukudi,8.620606,78.022839,2019-04-15 08:30:00,0.769266965976203,127.75469005845915,7.824197001526791,640.7736883889315,7.540636167120468,,204.83069182428676,,,,26.211505413049778,,32.18524140761069,,1.442723736477804,,,,,2019,4
2106,2106,TAMBIRAPARANI AT KALLIDAI KURICHI TIRUNELVELI TAMILNADU,592,Tirunelveli,AMBASAMUDRAM,8.69375,77.462681,2019-04-15 08:30:00,,213.91425978838475,8.860839333309793,269.7655471996929,7.294460333366864,,183.4099894674895,,,0.33834343406577716,57.80608261386196,,44.23075214584806,,2.467791714436096,,,,,2019,4
2107,2107,TAMBIRAPARANI AT MURAPPANADU TAMILNADU,594,Thoothukudi,Thoothukudi,8.721606,77.832797,2019-04-15 08:30:00,0.5251262008814914,173.4910856408864,6.112651758421535,434.7906157246283,7.820048183675847,,157.55047700280866,,,,54.78636721091097,,21.091676779267438,,1.0620104926608516,,,0.09675151425319149,,2019,4
2108,2108,TAMBIRAPARANI AT PAPPANKULAM TAMILNADU,592,Tirunelveli,AMBASAMUDRAM,8.758606,77.424597,2019-04-15 08:30:00,,135.22414318946906,6.537109784808077,590.1468333328203,7.469726852372076,,120.033360150844,,,0.01,152.0630626780658,,92.90570456222339,,0.4223154351600249,,,,,2019,4
2109,2109,TAMBIRAPARANI AT RAIL BDG. NR. AMBASAMUDAM TAMILNADU,592,Tirunelveli,AMBASAMUDRAM,8.729581,77.467289,2019-04-15 08:30:00,0.9662936276468959,118.36783142991646,5.983717597592899,543.4796791575665,8.254534400611226,,146.97882124648402,,,,136.9153781582923,,31.679905879644185,,1.3487848931957669,,,0.024084957875348492,,2019,4
2110,2110,TAMBIRAPARANI AT SIVALAPERI CONFLUENCE POINT OF KUTTRALAM FALLS D/S OF PALAYAMKOTTAI TIRUNELVELI TA,592,Tirunelveli,PALAYAMKOTTAI,8.700031,77.690869,2019-04-15 08:30:00,0.47132754446921726,100.25899689119294,6.326207007127835,375.33270061934405,8.161721044886564,,244.15134052508148,,,,142.90719961884474,,40.64520878871685,,2.4960892840051496,,,0.34975434418850626,,2019,4
2111,2111,TAMBIRAPARANI AT SRIVAIKUNTAM D/S OF SK ANAICUT TIRUNELVELI TAMILNADU,594,Thoothukudi,Thoothukudi,8.627358,77.909,2019-04-15 08:30:00,0.6071283721938948,235.7130390206224,5.263678451381766,486.2749126967934,7.497734288276218,,103.4130183274849,,,0.4122637429788394,51.05595730277893,,11.726062759054692,,2.596556419433334,,,,,2019,4
2112,2112,TAMBIRAPARANI AT TIRUNELVELI COLLECTORATE TAMILNADU.,592,Tirunelveli,TIRUNELVELI,8.734125,77.716764,2019-04-15 08:30:00,2.1571652833817323,260.80660780307824,7.452115591642974,705.865126650548,7.176967546785173,,210.6387048740826,,,0.0644303694467819,46.540432037541414,,16.92940368137304,,0.31537577115223736,,,,,2019,4
2113,2113,TAMBIRAPARANI AT VELLAKOIL TIRUNELVELI TAMILNADU,592,Tirunelveli,TIRUNELVELI,8.718019,77.703531,2019-04-15 08:30:00,0.5248461932964196,49.30660995209054,5.96723401936439,277.20856185459894,7.356426613865782,,90.74262336847043,,,,106.70692305564395,,55.27084471360067,,0.6887583581516601,,,,,2019,4
2114,2114,THALAVAIPETTAI BHAVANI,573,Erode,BHAVANI,11.456295,77.615817,2019-04-15 08:30:00,,118.01443022030975,7.1866824400307365,453.36423896507756,7.599020835061824,,20.0,,,,107.30349622698725,,52.67282791190105,,0.3470900782953248,,,,,2019,4
2115,2115,THANJAVUR,586,Thanjavur,THANJAVUR,10.786359,79.157779,2019-04-15 08:30:00,0.43638571894641015,184.51294098094073,5.701522682818311,249.30670456339362,7.231037324508903,,273.9209959136919,,,,50.819620890802575,,5.0,,1.1089377484300804,,,0.01,,2019,4
2116,2116,THENPENNAIYAR AT CHOKKARASANAHALLI BRIDGE (BANGALORE),571,Dharmapuri,DHARMAPURI,12.863435,77.831855,2019-04-15 08:30:00,,120.85023864500283,8.35081421944142,275.55376897392006,7.488811813321516,,126.44146750019388,,,,87.92368139855525,,52.678121756244686,,1.8069177404750618,,,,,2019,4
2117,2117,THIRUKKANUR,596,Viluppuram,Viluppuram,11.991116,79.639712,2019-04-15 08:30:00,,287.17719705007687,6.418279310789385,410.41558635494596,7.338449509823419,,192.6985292890393,,,0.18580884479075815,68.84395666455173,,49.101761359589844,,0.9033103777559928,,,,,2019,4
2118,2118,THIRUMANIMUTHAR AT SALEM D/S OF SAGO & TEXTILE DYING INDUSTRIES TAMILNADU,584,Salem,SALEM,11.645876,78.120341,2019-04-15 08:30:00,0.3255197465286404,234.66257381761565,6.427111211735479,189.85925160602665,7.260690676889112,,287.30294982304736,,0.02,,130.87917203123817,,45.661711438294304,,1.8853945406750976,,0.014317455612086567,,,2019,4
2119,2119,TIRCHIRAPPALLLI-SRIRANGAM,591,Tiruchirappalli,TIRUCHIRAPPALLI,10.822062,78.688706,2019-04-15 08:30:00,,17.32864184333323,6.480286912722829,788.7196269118723,7.232644972878345,,114.41958277016425,,,0.6583899283075134,152.81950020541285,,78.30357692591863,,1.1310578745731683,,,,,2019,4
2120,2120,TIRUNELVELI,592,Tirunelveli,PALAYAMKOTTAI,8.707446,77.742528,2019-04-15 08:30:00,0.12556564298517583,12.083615652589415,6.329188923024063,468.38178875368345,7.353329186453492,,106.0974491933947,,,0.10964385245491155,70.84599225752893,,35.59725874178714,,1.7282355581434854,,,,,2019,4
2121,2121,UDHAGAMADALEM LAKE (OOTY) TAMILNADU,587,Nilgiris,Pandalur,11.400623,76.690453,2019-04-15 08:30:00,,73.36270245904858,8.753650442539257,513.3183093238014,6.816967247237613,,115.79191197045587,,,,60.62802421974486,,58.69259389259274,,0.4321123158773885,,,,,2019,4
2122,2122,VASISTA AT SALEM D/S OF SAGO INDUSRIES EFFLUENT TAMILNADU,584,Salem,SALEM,11.647853,78.138125,2019-04-15 08:30:00,,155.89561601748443,5.957590792330347,764.7507696342351,6.001883291360366,0.001,150.93616628185862,,0.02,0.6800538675201013,61.13200096643422,,54.26195917381772,,0.34149165866149866,,,,,2019,4
2123,2123,VEERANAM LAKE AT CUDDALORE TAMILNADU,570,Cuddalore,KATTUMANNARKOIL,11.341111,79.523058,2019-04-15 08:30:00,0.44923292954138355,35.94214438445434,6.321614445642389,441.37296093664753,7.485977817776587,,276.0388977627747,,,0.11672711654540595,78.48833273001726,,31.718839284269478,,1.4345088849791112,,,,,2019,4
2124,2124,WELL AT KATTERIKUPPAM,596,Viluppuram,Viluppuram,12.001161,79.700722,2019-04-15 08:30:00,0.20440001362293456,89.72048595108976,7.116690878017076,512.439395794971,6.966698888169106,,249.54751441778512,,,0.08419612246043455,66.08694316626834,,23.78597631392557,,1.562852063213702,,,0.24586883275813143,,2019,4
2125,2125,WELL AT KOTHAPURINATHAM THIRUVANDARKOIL,596,Viluppuram,Viluppuram,11.930541,79.661783,2019-04-15 08:30:00,0.6295883155858026,21.233270450950116,5.828523840716378,966.2188585102372,7.183094330616212,,44.5170247323359,,,0.1538006466331751,111.32710794036458,,83.45230412866084,,1.8253744308939317,,,,,2019,4
2126,2126,WELL AT MUSIRI TAMIL NADU,591,Tiruchirappalli,MUSIRI,10.954883,78.443933,2019-04-15 08:30:00,0.40591887045605207,137.73136743783073,7.805726351120516,879.4370149714921,8.056344244547217,,146.9612291730141,,,,37.48887232805635,,48.80679431975499,,0.49845034743940153,,,,,2019,4
2127,2127,WELL AT VADAMATTAM KARAIKAL,589,Tiruvallur,TIRUVALLUR,10.963617,79.678261,2019-04-15 08:30:00,1.1938288801434915,210.92847092265333,8.505934031192439,184.1846808245466,7.140534083531386,,80.71534165523558,,,,153.22871045512545,,51.61574504712549,,0.7300460452607827,,,,,2019,4
2128,2128,YERCAUD LAKE SALEM TAMILNADU,584,Salem,YERCAUD,11.783642,78.211153,2019-04-15 08:30:00,0.4208393932038623,152.87626645664253,5.385484399458986,144.43308580612796,7.450224885760098,,151.2473381828952,,,0.43842241157500883,76.51948430661832,,14.51328838850528,,2.1265196445276358,,,,,2019,4
2129,2129,ALWARTHIRUNAGARI - VETERINARY DISPENSARY WEST CAR STREET NEAR OVER HEAD TANK OF BORE WELL,594,Thoothukudi,Thoothukudi,8.605592,77.944361,2019-05-15 08:30:00,0.2693727432457754,217.34065906888688,4.529653582454379,386.43198964453507,6.977625015137346,,264.2899871768945,,,,58.825193921025004,,32.05906967509416,,1.7328934701080425,,,,,2019,5
2130,2130,AMRAVATI AT 1KM D/S FROM EFF.DIS. PT. AT MADHUTHUKKULAM,572,Dindigul,PALANI,10.541244,77.368656,2019-05-15 08:30:00,,94.72473193233476,6.218612922556028,211.67924753038233,8.131587241217737,,175.96073691116123,,,0.033011426693928744,61.87857300101673,,45.66184510769388,,1.7027385201952367,,,,,2019,5
2131,2131,ARIYAPPAMPALAYAM SATHYAMANGALAM,573,Erode,SATHYAMANGALAM,11.488793,77.241248,2019-05-15 08:30:00,0.05,107.03676327501614,4.574921966057682,282.2201665971676,7.6153558546217965,,199.04821191421206,,,0.14110946198331703,91.53496539245951,,79.65198004152097,,0.5694162103813721,,,,,2019,5
2132,2132,AUTHOR - MUKKANI AGRAGARAM STREET INFRONT OF THIRU N. SAMUTHRAPANDI HOUSE BORE WELL,594,Thoothukudi,Thoothukudi,8.634908,78.07465,2019-05-15 08:30:00,,30.793836927214898,8.30232625855816,615.7073079197685,8.144521368299708,,213.73369634582644,,,,111.19697793406138,,43.03107699997843,,2.4079791903816083,,,0.02712859385371178,,2019,5
2133,2133,BAHOUR LAKE,570,Cuddalore,CUDDALORE,11.819442,79.729208,2019-05-15 08:30:00,,183.41917514620621,6.289584302066971,411.1459077641288,6.778805562990584,,104.23305532109003,,,0.5680691211924405,142.86744677949207,,14.061683082494778,,1.7397372284861299,,,,,2019,5
2134,2134,BHAVANI AT BHAVANI SAGAR TAMILNADU,573,Erode,SATHYAMANGALAM,11.485294,77.134603,2019-05-15 08:30:00,0.09873602299234498,182.69193038964306,7.309399038121485,536.1210895453771,7.488968348318958,,85.16585558056171,,,0.5783721406168564,95.7919629823195,,24.850341754904,,1.5716959682761085,,,0.15550458792736954,,2019,5
2135,2135,BHAVANI AT BHAVANI TAMILNADU,573,Erode,BHAVANI,11.454094,77.679567,2019-05-15 08:30:00,0.6152022208032965,161.36851016075275,8.068770942765893,523.9817827666183,7.875211135313121,,237.54190977371886,,,,104.47952555348257,,34.019214310559526,,1.276247226540524,,,,,2019,5
2136,2136,BHAVANI AT D/S OF BHAVANISAGAR SATHYAMANGALAM ERODE TAMILNADU,573,Erode,SATHYAMANGALAM,11.503881,77.247036,2019-05-15 08:30:00,0.3716402210045701,131.11604584440752,8.223882022072205,40.0,7.766127441403155,,198.89727030960495,,,0.04386894094203818,100.12623742427854,,37.45201692277994,,1.772331232995235,,,,,2019,5
2137,2137,BHAVANI AT D/S OF KALINGARAYAN CANAL (B10) ERODE TAMILNADU,573,Erode,BHAVANI,11.438223,77.681462,2019-05-15 08:30:00,1.025939597319831,161.0412744627696,5.210681445694998,328.89280192179615,7.136648667946388,,165.84985992147753,0.01,,,168.78605812424607,,54.353073181111725,,0.7717994171110273,,,,,2019,5
2138,2138,BHAVANI AT PATHIRAKALIAMMAN KOIL TAMILNADU,589,Tiruvallur,TIRUVALLUR,11.469259,77.296165,2019-05-15 08:30:00,0.7573215257909786,74.12054749817125,5.145865692914157,581.1292745670138,7.3801477965476945,,273.72227356276085,,,,18.537895662321745,,30.442222732281916,,2.737876670133316,,,,,2019,5
2139,2139,BHAVANI AT SIRUMUGAI TAMILNADU,569,Coimbatore,Mettupalayam,11.319948,77.011429,2019-05-15 08:30:00,1.3519109597611576,169.07014448263072,6.752434741698697,40.0,7.302094737589675,,202.59728087299223,,,0.18876863870880434,90.27304701924457,,30.40230224632642,,0.6385243781027559,,,,,2019,5
2140,2140,BHAVANI AT U/S OF KALINGARAYAN CANAL (B5) ERODE TAMILNADU,573,Erode,ERODE,11.442818,77.676045,2019-05-15 08:30:00,0.37611445987019687,58.75329658105014,6.41977657093818,286.54266141214055,7.3211141826056245,,167.70376333880364,,0.02,0.036094387434591174,98.10276707405063,,8.181149302653715,,1.5539254110605625,,,,,2019,5
2141,2141,BOREWELL AT PASUPATHY PUDUR VILLAGE PALANI TALUK DINDIGUL DIST.,572,Dindigul,PALANI,10.448726,77.517259,2019-05-15 08:30:00,,167.12688599796786,7.289313090253599,249.71250960377682,7.4319162638162695,,204.7213675798606,,,0.060144479473333234,50.66967510147088,,26.047863663156136,,1.853129918125692,,,,,2019,5
2142,2142,BORE WELL AT VANNIARVALASU VILLAGE NEAR ELEMENTARY SCHOOL THOPPAMPATTI PANCHAYAT UNION PALANI TALUK,572,Dindigul,PALANI,10.576266,77.529657,2019-05-15 08:30:00,0.08621746667216078,40.76113606018751,7.588327183639748,492.1221024901752,7.571427900145434,,96.95438587765537,,,,104.49563413580533,,31.292709875195012,,0.01,,,,,2019,5
2143,2143,BOREWELL LOCATED AT M/S. PHOENIX TEXTILE PROCESSORS VENDIPALAYAM ERODE,573,Erode,ERODE,11.327414,77.745903,2019-05-15 08:30:00,,317.77371610900263,4.879360404029283,336.7922988350772,6.9019727338221095,,95.20510775846874,,,0.2755041222644562,133.43672189260013,,11.479953842423711,,1.7057157667500626,,0.006179760296405713,,,2019,5
2144,2144,BOREWELL NEAR KAMBARASAMPETTAI INTAKE WELL (TRICHY UPSTREAM),591,Tiruchirappalli,TIRUCHIRAPPALLI,10.787066,78.690243,2019-05-15 08:30:00,,100.36780859301933,6.125954942950704,284.51386945026076,7.467884046563075,,251.7312904944522,,,,20.883043472360413,,29.54238044608624,,1.639182771362964,,,0.020874190869120235,,2019,5
2145,2145,BOREWELL NEAR THOGUR INTAKE WELL (TRICHY DOWNSTREAM),591,Tiruchirappalli,TIRUCHIRAPPALLI,10.786916,78.690657,2019-05-15 08:30:00,1.0632764746195151,280.9624022057477,6.592589630758004,256.19112980053774,7.633475545376446,,221.45398084874,,,0.17390930304103397,125.19325028043744,,39.40296509258859,,1.8633014172972784,,,,,2019,5
2146,2146,CAUVERY AT 1KM. D/S OF BHAVANI RIVER CONFL. TAMILNADU,573,Erode,BHAVANI,11.445663,77.677626,2019-05-15 08:30:00,1.6309252465505244,176.40100569973103,7.1178106314481395,638.6382053988411,7.995633575849719,,255.02183028902232,,,,82.18923863293318,,24.99241172810497,,2.0531994517676866,,,,,2019,5
2147,2147,CAUVERY AT COLEROON TAMILNADU,579,Nagapattinam,NAGAPATTINAM,11.326822,79.702981,2019-05-15 08:30:00,3.045310333352293,123.53443949194906,7.395054201855726,410.65121713299357,7.678379978344294,,236.03603436322265,,,0.21609066288645093,122.07156620075233,,48.98605332531105,,1.9294873158853805,,,0.23881248928266796,,2019,5
2148,2148,CAUVERY AT ERODE NEAR CHIRAPALAYAM TAMILNADU,573,Erode,ERODE,11.335795,77.753762,2019-05-15 08:30:00,0.4888825218450162,145.72895747984384,8.066190285198477,40.0,7.518923404166859,,55.06444530441084,,,0.14301501938929775,24.39184524105596,,43.303771247969394,,1.2661156318925353,,0.0038125196621578658,,,2019,5
2149,2149,CAUVERY AT KOMARAPALAYAM NAMAKAL TAMILNADU,580,Namakkal,Tiruchengode,11.423503,77.685261,2019-05-15 08:30:00,,10.0,6.629172400563434,493.6014907425678,6.79985913952901,,285.30775764038265,,,0.05816553077309732,50.60102337782689,,67.9159183045293,,0.9359681735893697,,,,,2019,5
2150,2150,CAUVERY AT KUMBAKONAM THANJAVUR TAMILNADU,586,Thanjavur,KUMBAKONAM,10.968137,79.378248,2019-05-15 08:30:00,,10.0,6.269287025328996,356.2340419430044,7.592705726607359,,195.38469755515524,,,0.6193284926725385,30.18650143998778,,54.460294534159104,,1.135259551233123,,,,,2019,5
2151,2151,CAUVERY AT MAYILADUTHURAI NAGAPATTINAM TAMILNADU,579,Nagapattinam,Mayiladuthurai,11.104894,79.651871,2019-05-15 08:30:00,,13.568381352962845,8.40434253305561,846.0502783886643,8.016338452422291,,74.91202456208207,,,0.060010074371157546,128.6391621205948,,31.888204591052823,,0.6319806026366075,,,,,2019,5
2152,2152,CAUVERY AT METTUR,584,Salem,METTUR,11.796255,77.806971,2019-05-15 08:30:00,0.21534805941381768,82.7095586853359,7.340920791364896,40.0,7.957291845219844,,263.51453212818353,,,,101.54566777643218,,38.25313150656181,,1.9675455277674052,,,,,2019,5
2153,2153,CAUVERY AT MOHANUR NEAR PATTAIPALAYAM TAMILNADU,580,Namakkal,NAMAKKAL,11.064392,78.120358,2019-05-15 08:30:00,,158.76037635225853,5.968102245187702,609.1796273481414,7.493449506640577,,210.34115916196095,,,0.0445968686930612,127.3931342673522,,19.675561393612362,,2.566215859052675,,,,,2019,5
2154,2154,CAUVERY AT MUSIRI,591,Tiruchirappalli,MUSIRI,10.955345,78.443949,2019-05-15 08:30:00,0.6527638757045098,174.246400589012,6.491743519877566,276.5485606972991,8.094066937597498,,120.11645808737632,,,,201.0868253921456,,13.242095739734314,,0.84803680622319,,,0.030241520463490025,,2019,5
2155,2155,CAUVERY AT PALLIPPALAYAM,580,Namakkal,Tiruchengode,11.368215,77.741107,2019-05-15 08:30:00,,10.0,8.380634377123686,306.9342304572259,8.016680810512511,,146.51589546353162,,,,10.0,,26.44233759576499,,0.33049415472451593,,,,,2019,5
2156,2156,CAUVERY AT PETTAIVAITHALAI TRICHY TAMILNADU,591,Tiruchirappalli,SRIRANGAM,10.906389,78.489697,2019-05-15 08:30:00,0.22969663640793547,167.57910964744866,7.648293885129158,948.3326779775687,8.003060017462824,,148.38505394812736,,,,77.51526437445332,,42.4323096284677,,2.2412934910339892,,,,,2019,5
2157,2157,CAUVERY AT PITCHAVARAM TAMILNADU,570,Cuddalore,CHIDAMBARAM,11.418828,79.772375,2019-05-15 08:30:00,,155.82789861192464,4.637477841042966,462.1360495838309,7.848767118359139,,182.79952132394737,,,,88.41729386323185,,51.153837720993295,,0.7757209455739953,,,0.036396265209784395,,2019,5
2158,2158,CAUVERY AT PUGALUR KARUR TAMILNADU,576,Karur,KARUR,10.974467,78.180075,2019-05-15 08:30:00,1.0123767087582352,135.15350924145076,6.081465620853346,273.78648966010644,7.139940728756672,,186.73918164319215,,,0.5140364049907018,49.09931162200778,,37.33624554906661,,1.3132887325501776,,,0.03237215629804829,,2019,5
2159,2159,CAUVERY AT THANJAVUR TAMILNADU,610,Ariyalur,Sendurai,11.34,79.24,2019-05-15 08:30:00,,172.22141293628079,5.830038900756943,418.9167913402134,6.766728563252656,,243.48537254455636,,,0.19907724116807246,114.84509719180875,,50.56281055499631,,2.2196557575481926,,,,,2019,5
2160,2160,CAUVERY AT THIRUMUKKUDAL-CONFL. PT.OF R. AMRAVATI TAMILNADU,576,Karur,KARUR,11.050024,78.120645,2019-05-15 08:30:00,,99.21302239991417,6.945568302281276,161.04011580778246,7.3185578849254735,,148.16960078018508,,,,117.57696620970809,,36.87684122857519,,0.9263014642832286,,,,,2019,5
2161,2161,CAUVERY AT TIRUCHIRAPPALLI D/S TAMILNADU,591,Tiruchirappalli,SRIRANGAM,10.766809,78.665272,2019-05-15 08:30:00,,10.0,6.2041113042542095,409.29760695031814,7.717882973893952,,193.25991637584713,,,0.4043208956419376,23.74158293909172,,41.7536283484964,,2.394856930046304,,,,,2019,5
2162,2162,CAUVERY AT TIRUCHIRAPPALLI U/S TAMILNADU,591,Tiruchirappalli,TIRUCHIRAPPALLI,10.833263,78.718224,2019-05-15 08:30:00,,120.9596855150869,7.967052983519587,381.86847075600684,7.555015298381162,,224.84614604945534,,,,53.660386332998016,,18.926170692555864,,0.6857537598096737,,,,,2019,5
2163,2163,CAUVERY AT TRICHY GRAND ANAICUT TAMILNADU,586,Thanjavur,Thiruvaiyaru,10.830327,78.81177,2019-05-15 08:30:00,0.2788386918574623,147.62426378827232,6.555267251388566,131.02716735759105,7.403359844267174,,162.07979441451855,,,0.046920461051297484,55.29619033641545,,55.78380629700177,,0.4128382900847176,,,,,2019,5
2164,2164,CAUVERY AT URRACHIKOTTAI ERODE TAMILNADU,580,Namakkal,Tiruchengode,11.354178,77.750436,2019-05-15 08:30:00,0.7276965764257358,139.20398627935532,6.636792307270031,301.22246766504986,7.645030950092799,,186.51363892915475,,,0.6241214933335322,88.89138660505034,,19.289898298633855,,1.9028260467798797,,,,,2019,5
2165,2165,CAUVERY AT VAIRAPALAYAM NAMAKAL TAMILNADU,580,Namakkal,Tiruchengode,11.361583,77.742411,2019-05-15 08:30:00,,97.26500985222636,7.254139015553839,451.03119442177405,7.14432863224833,,277.5591039471825,,,,69.29437353663873,,63.558486705489955,,0.5091400519950617,,,,,2019,5
2166,2166,CAUVERY AT VELORE NEAR KATTIPALAYAM TAMILNADU,580,Namakkal,Paramathivellur,11.18,78.01,2019-05-15 08:30:00,0.13478452489657308,164.22495833544005,6.2480557186274845,40.0,7.741238341823736,,152.88019637426112,,,,147.12524814157422,,66.91061103417962,,0.49397035268227396,,,,,2019,5
2167,2167,CHENNAI-1 NESAPAKKAM (ZONE-IV),568,Chennai,CHENNAI,13.035832,80.193265,2019-05-15 08:30:00,,143.05323095569332,4.430787583524218,470.9121492214161,7.127401063295651,0.022346434971030043,261.5843783577832,,,0.10443673010564672,67.55679131619122,,23.530187152537735,,0.6631986037510893,,,,,2019,5
2168,2168,CHENNAI-2 PERUNGADI(ZONE-V),574,Kancheepuram,KANCHEEPURAM,12.9566,80.23435,2019-05-15 08:30:00,1.1574240099655775,10.0,8.028890187785244,292.3162298418696,7.031281213718667,0.013750273838426402,135.57640964126367,,0.02,0.6202826281721121,90.89145136104013,,28.71958208066704,,1.09579041895288,,,,,2019,5
2169,2169,CHENNAI-3KODUNGAIYUR (ZONE I&II),568,Chennai,CHENNAI,13.138808,80.260799,2019-05-15 08:30:00,0.13708568994067655,103.8792882105211,7.378347532988051,526.7767073246813,7.575175429184783,0.0020312970784939345,197.74676413605718,,,,113.4043098418683,,33.42360347316968,,1.672275129501702,,,0.07635896465099601,,2019,5
2170,2170,CHENNAI-4 KOYAMBEDU (ZONE-III),568,Chennai,CHENNAI,13.0642,80.200156,2019-05-15 08:30:00,,123.78995472122487,6.750580827926513,724.5873877499102,7.69970288634767,,151.56474786640644,0.01,,,42.222592985937304,,45.02461429715061,,1.361906801590339,,,,,2019,5
2171,2171,CHENNAI WATERWAYS AT BUCKINGHAM CANAL (ICE HOUSE),568,Chennai,CHENNAI,13.050823,80.278958,2019-05-15 08:30:00,0.05,185.97522801686938,6.511268729622319,373.02027729567357,7.555098037089793,,313.93881683912036,,,0.01815935279448101,130.51906450423334,,55.219445560049415,,2.9508651135932142,,0.00668784045131125,,,2019,5
2172,2172,CHENNAI WATERWAYS AT BUCKINGHAM CANAL (TIDAL PARK),568,Chennai,CHENNAI,12.988133,80.25192,2019-05-15 08:30:00,,76.02332782746315,5.5088811744904715,673.0450554349911,7.331172171785206,,127.49847802983176,,,0.2801973947849299,148.90797303843664,,5.0,,1.46257626558479,,0.019751111692327145,,,2019,5
2173,2173,CHENNAI WATERWAYS AT BUCKINGHAM CANAL X OTTERI NULLAH CONFLUENCE (GMR VASAVI INDUSTRIES),568,Chennai,CHENNAI,13.10524,80.271091,2019-05-15 08:30:00,0.838977487090589,158.46148238653626,7.070126694103769,492.88380607920806,7.425281682551334,,308.8045913438791,,,,96.67120884130732,,17.832107021070943,,1.5374376324656747,,0.021839562120786783,,,2019,5
2174,2174,CHENNAI WATERWAYS AT CAPTAIN COTTON CANAL (ERUKANJERI),568,Chennai,CHENNAI,13.126266,80.256935,2019-05-15 08:30:00,0.7549039543197235,160.96598553289277,5.908337004235599,105.4216192389373,7.166676198519045,,211.9832037195707,,,0.046419130294321986,96.01322244527245,,21.27949940018054,,1.4961357078562696,,0.022866305485864387,0.047335618330023393,,2019,5
2175,2175,CHENNAI WATERWAYS AT CC X BC CONFLUENCE (KODUNGAIYUR),568,Chennai,CHENNAI,13.136803,80.249192,2019-05-15 08:30:00,,19.512714278006683,4.921872638213636,50.968218605958725,6.869056321352783,,189.3371321572977,0.01,,,38.94101285993655,,46.91506710793545,,0.5687290595904904,,,,,2019,5
2176,2176,CHENNAI WATERWAYS AT MAMBALAM DRAIN (GOLF COURSE),568,Chennai,CHENNAI,13.022221,80.233657,2019-05-15 08:30:00,0.8277157155324277,180.1627327357494,7.173892260699266,461.0984374103812,6.986581635733343,0.016033107372603987,169.89472025690156,,0.02,,72.90846227625983,,76.85099028576056,,1.4096159809917297,,,,,2019,5
2177,2177,CHENNAI WATERWAYS AT MAMBALAM DRAIN (USMAN ROAD),568,Chennai,CHENNAI,13.028381,80.227747,2019-05-15 08:30:00,0.8730633351566862,124.46905079148192,5.57745286154889,229.84893529086702,8.207236049787024,0.0014215065559958833,283.8042282994884,,,0.5393989405850638,66.24918410828927,,42.23382175926737,,1.4409189072375614,,0.0018546402222203338,0.011457449703375,,2019,5
2178,2178,CHENNAI WATERWAYS AT OTTERI NULLAH (KILPAUK GARDEN),568,Chennai,CHENNAI,13.086538,80.234507,2019-05-15 08:30:00,,135.1981153019861,5.811551976030282,668.6764999198558,7.2187181829491704,,20.0,,0.02,,64.20772687392942,,21.667616670888187,,2.2190442842247675,,,,,2019,5
2179,2179,CHENNAI WATERWAYS AT OTTERI NULLAH (ORIGIN),568,Chennai,CHENNAI,13.099796,80.196273,2019-05-15 08:30:00,0.22684225591232024,104.68763069727869,5.166125189014079,615.8579202001998,7.16255120668445,,188.2377696903056,0.01,,,78.18851497032797,,5.0,,0.9458644689642781,,,,,2019,5
2180,2180,COLLECTOR WELL AT THIRUPUVANAM FOR MADURAI WAT. SUPPLY SCHEME TAMILNADU,585,Sivaganga,Sivagangai,9.826111,78.257297,2019-05-15 08:30:00,0.3161297639924815,116.16043747205326,5.188307897985511,364.67200476193796,7.387451533036277,,273.35920395746973,,,0.29709805550166973,74.53811384586241,,68.98508434242486,,1.719152332966377,,,,,2019,5
2181,2181,ERAL - CHARMAM ARUNACHALA SWAMY TEMPLE WEST OF BORE WELL,594,Thoothukudi,Thoothukudi,8.621439,78.016285,2019-05-15 08:30:00,,51.08493465861906,5.317274499766636,418.67629105179805,7.138839631105382,,199.8756114774241,,,,117.97993557407547,,39.93300361034207,,0.46069483046389315,,,0.11774777062866525,,2019,5
2182,2182,ERODE-1,573,Erode,ERODE,11.333111,77.747343,2019-05-15 08:30:00,2.8316381002215145,264.99778317762866,5.428024121616296,620.3727087932075,7.3063920838885865,0.001412538991541335,328.8311338678041,0.01,,,60.14454892814381,,53.56516043455773,,2.0990454086440784,,,,,2019,5
2183,2183,ERODE-2,573,Erode,ERODE,11.338655,77.74513,2019-05-15 08:30:00,0.47732325906390916,159.4827449049202,5.977431142354194,191.70816833438158,6.273825999226661,0.001,132.87745918751216,,,,190.71641930497213,,53.68714058049622,,1.0470651771462114,,,,,2019,5
2184,2184,HOUSE OF THIRU MURUGAN S/O. ESAKKI NO.16B MEENAKSHIPURAM ANNA NAGAR TIRUNELVELI,592,Tirunelveli,TIRUNELVELI,8.727206,77.709638,2019-05-15 08:30:00,0.9888461292816523,10.0,4.029148069102522,737.2748489017526,7.437433408611401,,242.14714658526458,,,,159.5660044284795,,66.9202365098736,,1.4354553992282926,,,0.08825954003873654,,2019,5
2185,2185,KAKKADAVU KERALA,569,Coimbatore,POLLACHI,10.742228,77.060508,2019-05-15 08:30:00,0.05085023233533786,237.71610420543982,8.443176775556818,679.1762436793784,7.12502177844572,,85.84368267125329,,,0.24034152100265946,103.41589758501624,,5.0,,1.2436035374191639,,,,,2019,5
2186,2186,KARUR,576,Karur,KARUR,10.955411,78.055554,2019-05-15 08:30:00,2.2981444405657436,178.55939452876527,7.249434692082386,40.0,7.412595633113183,,280.59794061317143,,,0.41136808189412905,96.8663730606421,,16.199494309180018,,2.7886236394984536,,,,,2019,5
2187,2187,KODAI KANAL LAKE TAMILNADU,572,Dindigul,KODAIKANAL,10.233619,77.485653,2019-05-15 08:30:00,0.1530260619463925,148.2806415413192,5.073099551185821,677.9737581003077,7.314258219622859,,62.17108463739562,,,0.16118131076223735,55.20558883459153,,71.33418282289269,,1.1045677554434088,,,,,2019,5
2188,2188,KOMBUPALLAM SATHYAMANGALAM,573,Erode,SATHYAMANGALAM,11.509621,77.230116,2019-05-15 08:30:00,0.24942947009283775,68.13956270364258,4.684890240161575,276.4802907584347,7.4341897439963835,,271.42737538738186,,,0.1769381847522506,102.23032020570116,,27.31314985402674,,0.01,,,0.01,,2019,5
2189,2189,KUMBAKONAM,586,Thanjavur,THANJAVUR,10.78627,79.15819,2019-05-15 08:30:00,0.8988507839081243,85.3401520209587,7.010694938694754,179.09006777535348,7.198569440513171,,268.4114229886544,,,,158.6525211086941,,43.01108334678967,,2.0300072419500625,,,,,2019,5
2190,2190,LOCATED ADJACENT TO KARU MSW DUMP SITE AND ON THE NORTHERN BANK OF RIVER AMARAVATHI AND DOWNSTREAM,576,Karur,KARUR,10.951185,78.035374,2019-05-15 08:30:00,0.25237743033272625,208.90814935946491,5.125650775748077,682.0106941433203,7.295841275366471,,263.4109264077408,,,0.34671934695390827,37.78780973451086,,61.00331203934883,,0.38757957229965045,,,0.05761263970397621,,2019,5
2191,2191,LOCATED ON THE SOUTHERN BANK OF RIVER AMARAVATHI AND DOWNSTREAM SIDE OF KARUR DYEING CLUSTER,576,Karur,KARUR,10.917543,78.009517,2019-05-15 08:30:00,1.384270479489899,14.988059576783357,4.185207136381004,702.1260971480332,6.964642495279245,,190.59245718531497,,,0.01,84.4201107096791,,17.989866503935275,,1.937480296343064,,,,,2019,5
2192,2192,MADUKARAI,596,Viluppuram,Viluppuram,11.871427,79.603728,2019-05-15 08:30:00,,109.42792878921108,7.07254780475548,427.7411232989665,7.6935680213419,,239.13532800098926,,,0.2544331714461224,87.51599669626562,,55.163410287323245,,1.6188381262970442,,,,,2019,5
2193,2193,MAYILADUTHURAI,589,Tiruvallur,TIRUVALLUR,10.812621,79.608435,2019-05-15 08:30:00,,119.48710261025272,6.697010987356968,700.6439138850119,7.288952090838096,,114.84530754062033,,,,99.79978028910082,,45.55721994140282,,1.2298140876714792,,,,,2019,5
2194,2194,M. KALIAPPAN SANGILIMUNIYAPPAN KOVIL ERIKKADU METTUR,584,Salem,Sankari,11.478265,77.881114,2019-05-15 08:30:00,0.05,93.08908348782026,7.022384456423605,349.2480897612482,8.021823213369277,,175.31866131312202,,,0.01,112.24720533411809,,66.40851432994484,,0.2175037279406472,,,,,2019,5
2195,2195,MUNICIPAL CORPORATION BORE WELL LOCATED IN PERUMALPURAM STREET NARANAMMALPURAM TIRUNELVELI,592,Tirunelveli,PALAYAMKOTTAI,8.698363,77.738123,2019-05-15 08:30:00,0.2699223070153348,134.8769002848639,6.631216421626536,648.7233866416025,7.275403808963262,,265.19006372966436,,,0.10802542457294119,104.50429470244487,,18.134254276847287,,2.897687565786839,,,,,2019,5
2196,2196,OVER HEAD TANK AT TIRUR VILLAGE TIRUVALLUR TALUK TIRUVALLUR PANCHAYAT UN,589,Tiruvallur,TIRUVALLUR,13.106545,79.960588,2019-05-15 08:30:00,0.22431914254594001,41.811781293464804,5.906044509778061,257.82223570569613,7.6397178819584335,,177.93456015545155,,,,28.24832018845533,,10.0624483951783,,1.3398059687055506,,,,,2019,5
2197,2197,PALAR AT VANIYAMBADI WATER SUPPLY HEAD WORK TAMILNADU,595,Vellore,VANIYAMBADI,12.679231,78.595417,2019-05-15 08:30:00,0.14691906232403354,22.576644769262586,6.545659407462693,123.28775167845168,7.361021288839296,,87.71791550645925,,,,116.44330898763009,,7.158815218034739,,1.7951507068189114,,,,,2019,5
2198,2198,PARAMASIVAM WATER SERVICE STATION BLOCK NO.13 BSNL EXCHANGE OPPOSITE METTUR DAM - 636 402.,584,Salem,METTUR,11.803279,77.804723,2019-05-15 08:30:00,0.05,159.24029827284897,5.823026589419381,241.40872104065699,7.4682448723557115,,183.24414301437992,,,0.9719696734999677,84.27425078584359,,20.56517137206173,,1.3445689247566157,,,,,2019,5
2199,2199,PERUR CHETTIPALAYM PANCHAYAT LOCATED ADJACENT TO NOYYAL RIVER AT PERUR-VEDAPATTY ROAD (OPP VINAYGAR,573,Erode,ERODE,11.128875,77.39572,2019-05-15 08:30:00,,26.74639314944939,7.871551684301936,445.0950733241794,7.206196192177234,,121.3988398821927,,,,10.0,,19.129216541297623,,1.2322420795988653,,,,,2019,5
2200,2200,POONDI LAKE AT THIRUVALLUR TAMILNADU,589,Tiruvallur,TIRUVALLUR,13.169731,79.888236,2019-05-15 08:30:00,1.033465214904462,182.46460480695367,7.266769270133146,125.73936080780504,7.03234729664124,,334.1561805483849,,,0.1944797184313109,157.12049775067666,,20.63741140333123,,1.6237512865201198,,,0.1765283987195154,,2019,5
2201,2201,PORUR LAKE AT THIRUVALLUR TAMILNADU,589,Tiruvallur,TIRUVALLUR,13.033945,80.148344,2019-05-15 08:30:00,0.06943604839187435,191.03460358387298,6.567128261596497,40.0,7.058802917873639,,222.99422786840364,,,,139.7246167219885,,55.55511098378199,,2.882119895241479,,,,,2019,5
2202,2202,PULICATE LAKE AT THIRUVALLUR TAMILNADU,589,Tiruvallur,TIRUVALLUR,13.427023,80.292679,2019-05-15 08:30:00,,98.908457620447,5.8943662721333165,402.29899673936063,8.050097855737043,,399.72582646952173,,,,60.738579973481734,,7.1745385438523925,,1.2299867443532115,,,,,2019,5
2203,2203,REDD HILLS AT THIRUVALLUR TAMILNADU,589,Tiruvallur,TIRUVALLUR,13.193092,80.172867,2019-05-15 08:30:00,2.5124549850649163,155.6262529740462,6.769932980644427,616.8749589682408,7.879437033591455,,104.86476246052021,,,,95.58871472453873,,36.510067148229645,,0.9469326454081346,,,0.022951911291664247,,2019,5
2204,2204,RIVER ADYAR AT EKKATTUTHANGAL,574,Kancheepuram,KANCHEEPURAM,13.026747,80.192542,2019-05-15 08:30:00,0.22471862928246736,37.15493187652601,5.69211212224047,126.99985196086504,7.560575141413637,,272.43404309833636,,,0.01,15.559496956927191,,46.305768743853974,,0.2414640311890044,,,,,2019,5
2205,2205,RIVER ADYAR AT JAFERKHANPET,574,Kancheepuram,KANCHEEPURAM,13.02849,80.20247,2019-05-15 08:30:00,0.05,52.8029703702241,7.0624435606992915,295.80019965578833,6.860583095744922,,345.82194084546563,,,,122.48055747277932,,15.346149708768852,,2.3166893579616783,,,,,2019,5
2206,2206,RIVER ADYAR AT KOTTURPURAM BRIDGE,568,Chennai,CHENNAI,13.025906,80.243554,2019-05-15 08:30:00,,193.01273100413803,6.565733320384848,873.2883256445248,7.262978845666104,,109.12827969151877,,,0.3818901980437149,125.08770615213018,,25.3995387700336,,0.8289938441603841,,,0.10983106170297735,,2019,5
2207,2207,RIVER ADYAR AT MARAIMALAI BRIDGE,574,Kancheepuram,KANCHEEPURAM,13.02724,80.208104,2019-05-15 08:30:00,0.21794888070638221,202.54373291880188,5.83767048029128,641.6599362899079,7.800236102186293,,190.23574559340034,,,0.3111734192994183,108.97778099307583,,43.91010342357472,,1.4485767386673825,,,,,2019,5
2208,2208,RIVER ADYAR AT NANDAMBAKKAM,574,Kancheepuram,KANCHEEPURAM,12.965867,80.109983,2019-05-15 08:30:00,0.05,52.002670666055906,7.110136524557332,558.6803668066639,7.331970046991436,,236.31076791387054,,,0.28263263530327826,65.16711052674195,,52.55899206672154,,0.8944349699773375,,,,,2019,5
2209,2209,RIVER ADYAR BEFORE GOLF COURSE,574,Kancheepuram,Tambaram,12.938473,80.094802,2019-05-15 08:30:00,0.2753554883727557,10.0,6.770225477082084,760.6316413089255,7.629210168740538,,142.52198636354711,,,0.13762511672589256,50.69820643589267,,7.484318626495529,,1.0729527005047945,,,0.07376218766224207,,2019,5
2210,2210,RIVER ADYAR NEAR BOAT CLUB,568,Chennai,CHENNAI,13.023184,80.247552,2019-05-15 08:30:00,,80.1794349585919,4.25279426477399,102.32268145417277,7.1737414434475015,,135.7124264277103,,,1.0852820187799015,130.54776431281348,,7.98025093933337,,0.49588077867728597,,,,,2019,5
2211,2211,RIVER CAUVERY AT BHAWANI D/S,573,Erode,ERODE,11.422026,77.679686,2019-05-15 08:30:00,1.8960723943878774,63.016552216397244,6.333955591758111,779.7838828442744,6.840195493098749,,139.93861069623225,,,0.04096442596799562,131.00124594160025,,26.968888877830636,,0.7192234820587944,,,,,2019,5
2212,2212,RIVER CAUVERY AT ERODE U/S,573,Erode,ERODE,11.369068,77.727294,2019-05-15 08:30:00,0.6882927397772813,123.7958824508964,3.5557333140194896,204.7023094726569,7.641592473187931,,155.45436345456025,,,0.7539918151248636,45.68973228636664,,9.699486504606085,,1.0045604757887876,,0.004071912332255339,0.12594882575777053,,2019,5
2213,2213,RIVER CAUVERY AT KARUR U/S,576,Karur,KARUR,11.008673,78.159341,2019-05-15 08:30:00,0.24676506996822606,57.43007368092648,7.46213933848711,696.9499553090749,7.727997993857661,,291.18102382055395,,,0.4207832322218027,148.619829639015,,39.051625925074866,,1.339218217299481,,,,,2019,5
2214,2214,RIVER CAUVERY AT KUMARAPALAYAM U/S,580,Namakkal,Tiruchengode,11.427111,77.686922,2019-05-15 08:30:00,0.8788752402514289,51.5047916326305,7.211323382627906,484.5030766379618,7.014585759892593,,277.8811194103812,,,0.04840383520104606,88.29481802615351,,36.55785765712359,,1.2206932082306394,,,,,2019,5
2215,2215,RIVER CAUVERY AT KUMBAKONAM D/S,586,Thanjavur,KUMBAKONAM,10.964811,79.351278,2019-05-15 08:30:00,,90.69596280858974,5.471760056320844,376.0646309713403,7.763001570856953,,230.68107381341895,,,,22.73619378755911,,21.947409251317822,,1.4936936355378954,,,,,2019,5
2216,2216,RIVER CAUVERY AT MAYILADUTHURAI D/S,579,Nagapattinam,Mayiladuthurai,11.105488,79.647969,2019-05-15 08:30:00,1.4724924766092147,109.79274554969089,5.465433461055594,341.02894396354844,7.463256297567872,,249.65929487376147,,,0.14717513957511416,82.81166114984103,,57.779062809205385,,2.0351961530645486,,,,,2019,5
2217,2217,RIVER CAUVERY AT PALLIPALAYAM D/S,580,Namakkal,Tiruchengode,11.365347,77.741652,2019-05-15 08:30:00,0.14253487083372765,172.0556872712985,8.573930999154264,480.83031679420844,7.639421772639529,,204.27826138503383,,,0.2180525279363583,100.03215976921712,,27.009836228591013,,1.1016092339697987,,,,,2019,5
2218,2218,RIVER COOUM AT AMANJIKARAI,568,Chennai,CHENNAI,13.068081,80.231405,2019-05-15 08:30:00,0.1167115364826161,122.65099697520891,6.503821819405831,775.9265343147367,7.746434280997163,,230.29199933945017,,,,133.76920550368155,,10.713405323518192,,1.199433084933611,,,,,2019,5
2219,2219,RIVER COOUM AT ANNA NAGAR,568,Chennai,CHENNAI,13.07865,80.207011,2019-05-15 08:30:00,0.24075977252180267,169.46815438463346,6.186237724950882,423.2077525376749,8.821523803064899,,192.73388373410668,,,,131.57389980161025,,13.508518705533444,,1.9815431222507793,,,,,2019,5
2220,2220,RIVER COOUM AT ARUMBAKKAM,568,Chennai,CHENNAI,13.074866,80.221849,2019-05-15 08:30:00,0.5398878313906113,157.39036557814308,5.526871033586354,450.4676192747416,6.804857930772257,,208.87493919296392,,,0.47271283856829194,67.5173405322554,,57.03056362910451,,0.9367520000446885,,,,,2019,5
2221,2221,RIVER COOUM AT COLLAGE ROAD,568,Chennai,CHENNAI,13.070824,80.249921,2019-05-15 08:30:00,1.7525916544831868,224.88706753218597,6.945053484146805,494.0136032745761,6.837170470219532,,215.67454210636856,,,,92.97315422779252,,21.144999844306057,,1.5776632644610644,,,,,2019,5
2222,2222,RIVER COOUM AT NAPIER BRIDGE,568,Chennai,CHENNAI,13.069423,80.284355,2019-05-15 08:30:00,0.5982515256530422,212.41293585816072,7.771618320565421,885.3329403316043,6.888729345838986,,175.09097847905844,,,,73.36259754604743,,17.24667270434892,,1.500984216998355,,,,,2019,5
2223,2223,RIVER COOUM AT POONAMALLE,589,Tiruvallur,TIRUVALLUR,13.065634,80.113691,2019-05-15 08:30:00,,10.0,7.222447195935118,301.8457009879209,7.349186102521398,,167.69570938428708,,,,75.1890132493833,,30.34564627272523,,1.0148609313827146,,,,,2019,5
2224,2224,RIVER COOUM NEAR CENTRAL JAIL,589,Tiruvallur,TIRUVALLUR,13.169913,80.21808,2019-05-15 08:30:00,0.49208811838342337,158.9271984997282,6.906321495584881,234.35396234412835,7.354015499127301,,208.07317996423922,,,,80.68002993897387,,5.0,,0.8801516043573536,,,,,2019,5
2225,2225,RIVER LOCATIONS AT KUMARAPALAYAM,580,Namakkal,Tiruchengode,11.447221,77.691963,2019-05-15 08:30:00,,102.50555078235882,8.768459483440965,412.86500945020055,8.07770572452906,,54.40883330660213,,,,73.35496485227088,,65.86895397588641,,1.1360711218628006,,,,,2019,5
2226,2226,RIVER TAMRABARANI AT TIRUNELVELI D/S,592,Tirunelveli,TIRUNELVELI,8.78198,77.79011,2019-05-15 08:30:00,,106.00594701682752,7.11313290947057,876.1568821360745,7.094682280559961,,186.8253296657063,,,,144.6519055036601,,44.293959171790426,,0.6872688412846446,,,0.06369726606943463,,2019,5
2227,2227,RIVER VAIGAI AT MADURAI D/S,578,Madurai,MADURAI SOUTH,9.92812,78.125036,2019-05-15 08:30:00,,87.75619409570652,8.073010136639615,301.61138468042816,7.830884957785652,,233.2220356527643,,,,74.47469173289167,,44.44697140485825,,1.1038334772733627,,,,,2019,5
2228,2228,RIVER VAIGAI AT MADURAI U/S,578,Madurai,MADURAI SOUTH,9.927433,78.121013,2019-05-15 08:30:00,1.8413078417569138,141.8253385822273,7.784699203610916,412.9923101372832,7.240065992488788,,246.92472400478778,,,0.32428219639176487,67.39764907840312,,32.652916060330945,,2.069415171629756,,,,,2019,5
2229,2229,RIVER VENNAR AT THANJAVUR D/S,586,Thanjavur,THANJAVUR,10.816856,79.140224,2019-05-15 08:30:00,0.14678612345704967,230.94349126612076,7.229144658270345,351.19078086157526,8.239429640761722,,147.52584327095144,,,,136.02728980100176,,31.75262260660301,,1.4875147363742351,,,,,2019,5
2230,2230,SAKTHI NAGAR NEAR MUNICIPALITY SEWAGE TREATMENT PLANT KOMPURANKADU METTUR,574,Kancheepuram,SRIPERUMBUDUR,13.00996,80.162403,2019-05-15 08:30:00,0.11422980602044282,81.96237431846521,8.263790742709448,1108.6591149456265,6.557451802924547,,78.96811802202373,,,,52.15234357232765,,7.498974887723794,,0.6961396803765342,,,,,2019,5
2231,2231,SARABANGA AT SALEM D/S OF TEXTILE DYEING INDUSTRIES EFFLUENT TAMILNADU,584,Salem,SALEM,11.649094,78.148011,2019-05-15 08:30:00,,92.6395526748273,5.759037592403047,528.4681572514243,7.493159229225873,,238.50797363243117,,,,63.05238360800335,,47.77461865404711,,1.0515532772271625,,,,,2019,5
2232,2232,SRIVAIKUNDAM - BLOCK DEVELOPMENT OFFICE - OPEN WELL,594,Thoothukudi,Thoothukudi,8.625282,77.907778,2019-05-15 08:30:00,0.6028642304634656,124.75879519977303,5.795531673822792,100.10880191261924,6.076267187706307,,184.1914228269041,,,,83.37095685019261,,28.291214516844516,,1.1613170758103961,,,,,2019,5
2233,2233,SRIVAIKUNDAM - TNEB SUB STATION 33 KVA OPPOSITE TO TIRUNELVELI MAIN ROAD OPEN WELL,592,Tirunelveli,NANGUNERI,8.575329,77.769134,2019-05-15 08:30:00,0.18050092809304194,265.09384670361635,6.410415113634292,674.1634096098527,6.744846745307006,,170.2792541037236,,,0.03158376582925269,105.01708716355573,,61.87834807049788,,1.0096069381551949,,,,,2019,5
2234,2234,SURIYAMPALAYAM BOREWELL (HAND PUMP) OWNED BY ERODE CORPORATION LOATED OPPOSITE TO M/S. PIONEER PROC,573,Erode,ERODE,11.408563,77.685422,2019-05-15 08:30:00,0.4106686882939827,70.5700978862307,7.0928808037755875,676.8543596356262,7.862418553676942,0.0017456914729499316,279.68090054917644,,,,86.04441411820744,,54.167857662358486,,0.2948169888999511,,,,,2019,5
2235,2235,TAMBIRAPARANI AT ARUMUGANERI TAMILNADU,594,Thoothukudi,Thoothukudi,8.624431,78.068808,2019-05-15 08:30:00,0.4006566602551778,57.95732445796795,5.299891446235928,419.11786616548653,7.651144717583019,,121.38818495736592,,,,87.97740922036247,,30.098496482172596,,1.3478069174829357,,,,,2019,5
2236,2236,TAMBIRAPARANI AT BDG.NR. MADURA COATS LTD.PAPAVINASAM TAMILNADU,592,Tirunelveli,AMBASAMUDRAM,8.663294,77.422222,2019-05-15 08:30:00,0.27906296160138394,200.63647214416065,4.178680294859372,673.4817518415564,7.237781647981758,,127.43252840939496,,,0.02286491924912656,102.43242227386092,,44.4356587019072,,0.01,,,,,2019,5
2237,2237,TAMBIRAPARANI AT CHERANMADEVI CAUSE WAY TAMILNADU,592,Tirunelveli,AMBASAMUDRAM,8.700586,77.56595,2019-05-15 08:30:00,0.8170886976929553,153.52030190931583,4.7901520153922945,206.9867668964588,6.305126083172027,,261.4674963155245,,,,36.86652625656231,,67.16222873791409,,1.32275064349531,,,,,2019,5
2238,2238,TAMBIRAPARANI AT ERAL THOTHUKUDI TAMILNADU,594,Thoothukudi,Thoothukudi,8.620606,78.022839,2019-05-15 08:30:00,0.3480944856685157,10.0,8.7591143636667,429.1175473252117,7.4891610236851855,,149.97104175148579,,,,143.15184208289,,46.26397726695111,,2.716294123279844,,,,,2019,5
2239,2239,TAMBIRAPARANI AT KALLIDAI KURICHI TIRUNELVELI TAMILNADU,592,Tirunelveli,AMBASAMUDRAM,8.69375,77.462681,2019-05-15 08:30:00,0.17957242435883872,163.22257312207097,6.259182642544538,570.505129645761,7.161169090550235,,139.83451717983723,,,,70.48435205126512,,45.55072862586203,,0.01,,,,,2019,5
2240,2240,TAMBIRAPARANI AT MURAPPANADU TAMILNADU,594,Thoothukudi,Thoothukudi,8.721606,77.832797,2019-05-15 08:30:00,,21.849569234262916,6.798017220802353,695.1767263000929,6.8929809687431876,,166.08890657013424,,,,45.90209333459923,,12.95067038245498,,1.393399740437729,,,,,2019,5
2241,2241,TAMBIRAPARANI AT PAPPANKULAM TAMILNADU,592,Tirunelveli,AMBASAMUDRAM,8.758606,77.424597,2019-05-15 08:30:00,1.0136066845389797,149.99552068477556,5.98338885248917,614.2832934183925,7.739465926669495,,108.65259026276102,,,,115.2750106185328,,18.325925588354288,,1.1145179119336406,,,,,2019,5
2242,2242,TAMBIRAPARANI AT RAIL BDG. NR. AMBASAMUDAM TAMILNADU,592,Tirunelveli,AMBASAMUDRAM,8.729581,77.467289,2019-05-15 08:30:00,0.5088178899906011,10.0,6.032816332417623,269.14312710843234,7.306807185822223,,143.12074018070632,,,,79.87551619530123,,32.58390708918907,,2.3230437862722813,,,0.039907469153622505,,2019,5
2243,2243,TAMBIRAPARANI AT SIVALAPERI CONFLUENCE POINT OF KUTTRALAM FALLS D/S OF PALAYAMKOTTAI TIRUNELVELI TA,592,Tirunelveli,PALAYAMKOTTAI,8.700031,77.690869,2019-05-15 08:30:00,0.2559152908113084,10.0,4.270746858281937,584.7465262655194,6.900175484876766,,129.80787077268397,,,,73.60026232996495,,45.82659189619949,,0.043360078202925756,,,,,2019,5
2244,2244,TAMBIRAPARANI AT SRIVAIKUNTAM D/S OF SK ANAICUT TIRUNELVELI TAMILNADU,594,Thoothukudi,Thoothukudi,8.627358,77.909,2019-05-15 08:30:00,0.05,336.63553134268284,7.559712379038173,40.0,7.773569731669205,,200.88340030642547,,,0.20339304684642348,71.65444480112394,,73.43276998391454,,0.9422174617748669,,,0.11295962654336232,,2019,5
2245,2245,TAMBIRAPARANI AT TIRUNELVELI COLLECTORATE TAMILNADU.,592,Tirunelveli,TIRUNELVELI,8.734125,77.716764,2019-05-15 08:30:00,1.1763460847429192,145.45965103899732,6.182484361139389,650.850016467522,6.929921543109408,,121.82484006490304,,,,131.6188568307717,,55.72304495128577,,1.2845634709731546,,,,,2019,5
2246,2246,TAMBIRAPARANI AT VELLAKOIL TIRUNELVELI TAMILNADU,592,Tirunelveli,TIRUNELVELI,8.718019,77.703531,2019-05-15 08:30:00,,48.583494769165526,7.848958863478503,656.0961062645972,7.404547047975169,,229.35385693539584,,,0.23853894271814974,58.07587352603473,,51.26192501122216,,1.453078164677207,,,,,2019,5
2247,2247,THALAVAIPETTAI BHAVANI,573,Erode,BHAVANI,11.456295,77.615817,2019-05-15 08:30:00,,26.773186912531855,6.806478929665913,591.1042990287048,8.284075512451192,,171.64042443136643,,,0.280460837649095,49.54340513306284,,42.91613923649196,,1.1617682937706537,,,,,2019,5
2248,2248,THANJAVUR,586,Thanjavur,THANJAVUR,10.786359,79.157779,2019-05-15 08:30:00,,139.9321966778421,5.1423729468177095,195.8171591115466,7.120726021040593,,141.72574029755194,,,0.97022477613808,46.253219932669374,,33.96947178056864,,0.01,,,,,2019,5
2249,2249,THENPENNAIYAR AT CHOKKARASANAHALLI BRIDGE (BANGALORE),571,Dharmapuri,DHARMAPURI,12.863435,77.831855,2019-05-15 08:30:00,1.1663075599417754,66.69409747643806,7.870156519537302,372.1967177092343,7.676983560541457,,55.57732815805153,,,0.40396043399700493,115.29454124835527,,37.574412357444025,,1.882105781365722,,,,,2019,5
2250,2250,THIRUKKANUR,596,Viluppuram,Viluppuram,11.991116,79.639712,2019-05-15 08:30:00,0.25981737360430435,244.08798393575483,4.803402449947581,245.81098335304733,7.560218199794639,,351.0749503556144,,,0.2515090541872024,62.14551296352883,,63.4546683132782,,0.05856397374065847,,,,,2019,5
2251,2251,THIRUMANIMUTHAR AT SALEM D/S OF SAGO & TEXTILE DYING INDUSTRIES TAMILNADU,584,Salem,SALEM,11.645876,78.120341,2019-05-15 08:30:00,0.5346819780584222,85.68391522488133,6.218063202561626,352.6975428884353,7.604430523989547,0.001,176.62949429226632,0.01,,,22.75808124601474,,55.376234421591576,,0.48076106092701454,,,,,2019,5
2252,2252,TIRCHIRAPPALLLI-SRIRANGAM,591,Tiruchirappalli,TIRUCHIRAPPALLI,10.822062,78.688706,2019-05-15 08:30:00,0.8047868133412609,10.0,5.960262072768607,205.14984498694562,7.057165905195309,,209.41382325312614,,,,115.43316846090066,,58.06889794692697,,1.6628740279323115,,,,,2019,5
2253,2253,TIRUNELVELI,592,Tirunelveli,PALAYAMKOTTAI,8.707446,77.742528,2019-05-15 08:30:00,0.16508612762923683,161.5571552490805,5.0981495165537405,470.167704224308,7.834059422601495,,207.65972309687248,,,,108.95650876182302,,38.25339010870795,,1.5542827950707894,,,,,2019,5
2254,2254,UDHAGAMADALEM LAKE (OOTY) TAMILNADU,587,Nilgiris,Pandalur,11.400623,76.690453,2019-05-15 08:30:00,0.7282850633498531,54.62198688222797,7.140605239697648,146.3233693849591,8.020880844988957,,137.64274208995135,,,0.7639038501847055,96.72200755273768,,17.425668480951288,,0.7487583666030562,,,0.31613416834654173,,2019,5
2255,2255,VASISTA AT SALEM D/S OF SAGO INDUSRIES EFFLUENT TAMILNADU,584,Salem,SALEM,11.647853,78.138125,2019-05-15 08:30:00,0.6834403637303189,215.20877164957926,6.168862732635189,290.61245049569396,7.821851381818192,,128.69567695639563,,,0.22488301457957974,68.29030531833683,,21.74429629222518,,1.4540342056152076,,,0.04983216484866089,,2019,5
2256,2256,VEERANAM LAKE AT CUDDALORE TAMILNADU,570,Cuddalore,KATTUMANNARKOIL,11.341111,79.523058,2019-05-15 08:30:00,,10.0,5.089840308696836,385.40642502052225,6.276440847296412,,203.47185940771868,,,0.13511708410906814,45.36689400560491,,34.71274466243902,,1.6807075590731233,,,,,2019,5
2257,2257,WELL AT KATTERIKUPPAM,596,Viluppuram,Viluppuram,12.001161,79.700722,2019-05-15 08:30:00,1.1830945119417815,158.17689965243176,6.429666294078148,645.6448527958564,7.410675631984614,,75.75932003967262,,,0.388666678676377,90.79295419197521,,29.471434833717016,,1.7573078724568476,,,0.024336867972391596,,2019,5
2258,2258,WELL AT KOTHAPURINATHAM THIRUVANDARKOIL,596,Viluppuram,Viluppuram,11.930541,79.661783,2019-05-15 08:30:00,,54.27186618876162,7.523001531146048,573.9255150902225,7.098925729377787,,155.1415155293729,,,0.4125043025211437,134.0984436911815,,38.65835372981196,,0.92120823778466,,,,,2019,5
2259,2259,WELL AT MUSIRI TAMIL NADU,591,Tiruchirappalli,MUSIRI,10.954883,78.443933,2019-05-15 08:30:00,1.4657988230693735,58.755352807197795,6.638185764605331,150.0726236277264,7.237515455637209,,100.43705182862092,,,,137.87894710087386,,19.91587363565277,,0.9324456864017414,,,,,2019,5
2260,2260,WELL AT VADAMATTAM KARAIKAL,589,Tiruvallur,TIRUVALLUR,10.963617,79.678261,2019-05-15 08:30:00,0.1925242627867525,104.30360825415161,8.283396373958189,40.0,7.413883376829709,,32.89346931502217,,,,37.21073064969234,,35.31027563005527,,0.33569573074764625,,,,,2019,5
